candidate_rank,asset_id,path,rank_score,flatness_ratio,panel_aspect_ratio,extent_x,extent_y,extent_z,faces,vertices,meshes,materials,textures,images,image_width_max,image_height_max,geometry_flags,technical_flags,reject_flags,raw_metadata_json
1,B003QTD4Y6,6/B003QTD4Y6.glb,13.0000,0.013493,1.124290,0.228503,0.003083,0.203242,1568,914,1,1,3,3,4096,4096,aspect_panel_like;flatness_good,faces:1568;image_res:4096x4096;materials:1;meshes:1;textures:3,,"{""3dmodel_id"":""B003QTD4Y6"",""extent_x"":""0.22850314527750015"",""extent_y"":""0.0030830963514745235"",""extent_z"":""0.2032422348856926"",""faces"":""1568"",""image_height_max"":""4096"",""image_height_min"":""4096"",""image_width_max"":""4096"",""image_width_min"":""4096"",""images"":""3"",""materials"":""1"",""meshes"":""1"",""path"":""6/B003QTD4Y6.glb"",""textures"":""3"",""vertices"":""914""}"
2,B00JM5TTWO,O/B00JM5TTWO.glb,13.0000,0.076923,1.300000,0.39624,0.3048,0.03048,7220,5152,1,1,3,3,4096,4096,aspect_panel_like;flatness_good,faces:7220;image_res:4096x4096;materials:1;meshes:1;textures:3,,"{""3dmodel_id"":""B00JM5TTWO"",""extent_x"":""0.3962400195741642"",""extent_y"":""0.30480000233980253"",""extent_z"":""0.030479990491660766"",""faces"":""7220"",""image_height_max"":""4096"",""image_height_min"":""4096"",""image_width_max"":""4096"",""image_width_min"":""4096"",""images"":""3"",""materials"":""1"",""meshes"":""1"",""path"":""O/B00JM5TTWO.glb"",""textures"":""3"",""vertices"":""5152""}"
3,B00TOAN83I,I/B00TOAN83I.glb,13.0000,0.034483,1.380952,0.87,0.63,0.03,1064,640,1,1,3,3,4096,4096,aspect_panel_like;flatness_good,faces:1064;image_res:4096x4096;materials:1;meshes:1;textures:3,,"{""3dmodel_id"":""B00TOAN83I"",""extent_x"":""0.870000004768372"",""extent_y"":""0.6300000302750494"",""extent_z"":""0.030000009775675643"",""faces"":""1064"",""image_height_max"":""4096"",""image_height_min"":""4096"",""image_width_max"":""4096"",""image_width_min"":""4096"",""images"":""3"",""materials"":""1"",""meshes"":""1"",""path"":""I/B00TOAN83I.glb"",""textures"":""3"",""vertices"":""640""}"
4,B014I8UQJY,Y/B014I8UQJY.glb,13.0000,0.072289,1.643565,0.42164,0.03048,0.25654,25578,24391,1,1,3,3,4096,4096,aspect_panel_like;flatness_good,faces:25578;image_res:4096x4096;materials:1;meshes:1;textures:3,,"{""3dmodel_id"":""B014I8UQJY"",""extent_x"":""0.4216400042637997"",""extent_y"":""0.03048000268233595"",""extent_z"":""0.2565399719730726"",""faces"":""25578"",""image_height_max"":""4096"",""image_height_min"":""4096"",""image_width_max"":""4096"",""image_width_min"":""4096"",""images"":""3"",""materials"":""1"",""meshes"":""1"",""path"":""Y/B014I8UQJY.glb"",""textures"":""3"",""vertices"":""24391""}"
5,B014RWWURC,C/B014RWWURC.glb,13.0000,0.053267,2.074319,0.135628,0.014986,0.281337,33390,27185,1,1,3,3,4096,4096,aspect_panel_like;flatness_good,faces:33390;image_res:4096x4096;materials:1;meshes:1;textures:3,,"{""3dmodel_id"":""B014RWWURC"",""extent_x"":""0.1356284036782509"",""extent_y"":""0.014986000022030481"",""extent_z"":""0.281336635351182"",""faces"":""33390"",""image_height_max"":""4096"",""image_height_min"":""4096"",""image_width_max"":""4096"",""image_width_min"":""4096"",""images"":""3"",""materials"":""1"",""meshes"":""1"",""path"":""C/B014RWWURC.glb"",""textures"":""3"",""vertices"":""27185""}"
6,B017YEANB0,0/B017YEANB0.glb,13.0000,0.087636,2.490078,0.023637,0.005158,0.058858,59482,35820,1,1,3,3,2048,2048,aspect_panel_like;flatness_good,faces:59482;image_res:2048x2048;materials:1;meshes:1;textures:3,,"{""3dmodel_id"":""B017YEANB0"",""extent_x"":""0.02363720815628767"",""extent_y"":""0.0051581133157014855"",""extent_z"":""0.0588584803044796"",""faces"":""59482"",""image_height_max"":""2048"",""image_height_min"":""2048"",""image_width_max"":""2048"",""image_width_min"":""2048"",""images"":""3"",""materials"":""1"",""meshes"":""1"",""path"":""0/B017YEANB0.glb"",""textures"":""3"",""vertices"":""35820""}"
7,B01DN8TB5U,U/B01DN8TB5U.glb,13.0000,0.074001,1.675642,0.127,0.212807,0.015748,1574,1164,1,1,3,3,4096,4096,aspect_panel_like;flatness_good,faces:1574;image_res:4096x4096;materials:1;meshes:1;textures:3,,"{""3dmodel_id"":""B01DN8TB5U"",""extent_x"":""0.12700003830550297"",""extent_y"":""0.21280663824182233"",""extent_z"":""0.015748002492579734"",""faces"":""1574"",""image_height_max"":""4096"",""image_height_min"":""4096"",""image_width_max"":""4096"",""image_width_min"":""4096"",""images"":""3"",""materials"":""1"",""meshes"":""1"",""path"":""U/B01DN8TB5U.glb"",""textures"":""3"",""vertices"":""1164""}"
8,B01DN8TCEU,U/B01DN8TCEU.glb,13.0000,0.074001,1.675642,0.127,0.212807,0.015748,1574,1164,1,1,3,3,4096,4096,aspect_panel_like;flatness_good,faces:1574;image_res:4096x4096;materials:1;meshes:1;textures:3,,"{""3dmodel_id"":""B01DN8TCEU"",""extent_x"":""0.12700003830550297"",""extent_y"":""0.21280663824182233"",""extent_z"":""0.015748002492579734"",""faces"":""1574"",""image_height_max"":""4096"",""image_height_min"":""4096"",""image_width_max"":""4096"",""image_width_min"":""4096"",""images"":""3"",""materials"":""1"",""meshes"":""1"",""path"":""U/B01DN8TCEU.glb"",""textures"":""3"",""vertices"":""1164""}"
9,B01DN8TEA2,2/B01DN8TEA2.glb,13.0000,0.074001,1.675642,0.127,0.212807,0.015748,1574,1164,1,1,3,3,4096,4096,aspect_panel_like;flatness_good,faces:1574;image_res:4096x4096;materials:1;meshes:1;textures:3,,"{""3dmodel_id"":""B01DN8TEA2"",""extent_x"":""0.12700003830550297"",""extent_y"":""0.21280663824182233"",""extent_z"":""0.015748002492579734"",""faces"":""1574"",""image_height_max"":""4096"",""image_height_min"":""4096"",""image_width_max"":""4096"",""image_width_min"":""4096"",""images"":""3"",""materials"":""1"",""meshes"":""1"",""path"":""2/B01DN8TEA2.glb"",""textures"":""3"",""vertices"":""1164""}"
10,B01GGKYAIU,U/B01GGKYAIU.glb,13.0000,0.072828,2.756360,0.191749,0.013965,0.069566,18520,10482,1,1,3,3,4096,4096,aspect_panel_like;flatness_good,faces:18520;image_res:4096x4096;materials:1;meshes:1;textures:3,,"{""3dmodel_id"":""B01GGKYAIU"",""extent_x"":""0.19174913316965103"",""extent_y"":""0.013964633457362654"",""extent_z"":""0.06956606358289719"",""faces"":""18520"",""image_height_max"":""4096"",""image_height_min"":""4096"",""image_width_max"":""4096"",""image_width_min"":""4096"",""images"":""3"",""materials"":""1"",""meshes"":""1"",""path"":""U/B01GGKYAIU.glb"",""textures"":""3"",""vertices"":""10482""}"
11,B01GGKYT7M,M/B01GGKYT7M.glb,13.0000,0.076558,2.658560,0.18588,0.014231,0.069917,18646,10675,1,1,3,3,4096,4096,aspect_panel_like;flatness_good,faces:18646;image_res:4096x4096;materials:1;meshes:1;textures:3,,"{""3dmodel_id"":""B01GGKYT7M"",""extent_x"":""0.18587973713874817"",""extent_y"":""0.014230596832931043"",""extent_z"":""0.0699174553155899"",""faces"":""18646"",""image_height_max"":""4096"",""image_height_min"":""4096"",""image_width_max"":""4096"",""image_width_min"":""4096"",""images"":""3"",""materials"":""1"",""meshes"":""1"",""path"":""M/B01GGKYT7M.glb"",""textures"":""3"",""vertices"":""10675""}"
12,B01GGKYUKI,I/B01GGKYUKI.glb,13.0000,0.076558,2.658560,0.18588,0.014231,0.069917,18646,10755,1,1,3,3,4096,4096,aspect_panel_like;flatness_good,faces:18646;image_res:4096x4096;materials:1;meshes:1;textures:3,,"{""3dmodel_id"":""B01GGKYUKI"",""extent_x"":""0.18587973713874817"",""extent_y"":""0.014230600558221342"",""extent_z"":""0.06991744786500931"",""faces"":""18646"",""image_height_max"":""4096"",""image_height_min"":""4096"",""image_width_max"":""4096"",""image_width_min"":""4096"",""images"":""3"",""materials"":""1"",""meshes"":""1"",""path"":""I/B01GGKYUKI.glb"",""textures"":""3"",""vertices"":""10755""}"
13,B01GGKYZQM,M/B01GGKYZQM.glb,13.0000,0.070108,2.903171,0.202982,0.014231,0.069917,18646,10675,1,1,3,3,4096,4096,aspect_panel_like;flatness_good,faces:18646;image_res:4096x4096;materials:1;meshes:1;textures:3,,"{""3dmodel_id"":""B01GGKYZQM"",""extent_x"":""0.20298230648040771"",""extent_y"":""0.014230600558221342"",""extent_z"":""0.06991744786500931"",""faces"":""18646"",""image_height_max"":""4096"",""image_height_min"":""4096"",""image_width_max"":""4096"",""image_width_min"":""4096"",""images"":""3"",""materials"":""1"",""meshes"":""1"",""path"":""M/B01GGKYZQM.glb"",""textures"":""3"",""vertices"":""10675""}"
14,B01GGKZ0V6,6/B01GGKZ0V6.glb,13.0000,0.070108,2.903171,0.202982,0.014231,0.069917,18646,10675,1,1,3,3,4096,4096,aspect_panel_like;flatness_good,faces:18646;image_res:4096x4096;materials:1;meshes:1;textures:3,,"{""3dmodel_id"":""B01GGKZ0V6"",""extent_x"":""0.20298230648040771"",""extent_y"":""0.014230600558221342"",""extent_z"":""0.06991744786500931"",""faces"":""18646"",""image_height_max"":""4096"",""image_height_min"":""4096"",""image_width_max"":""4096"",""image_width_min"":""4096"",""images"":""3"",""materials"":""1"",""meshes"":""1"",""path"":""6/B01GGKZ0V6.glb"",""textures"":""3"",""vertices"":""10675""}"
15,B01LONPUM4,4/B01LONPUM4.glb,13.0000,0.047500,2.422658,0.0406,0.004672,0.098359,7824,5427,1,1,3,3,4096,4096,aspect_panel_like;flatness_good,faces:7824;image_res:4096x4096;materials:1;meshes:1;textures:3,,"{""3dmodel_id"":""B01LONPUM4"",""extent_x"":""0.04059953615069389"",""extent_y"":""0.004672025330364705"",""extent_z"":""0.09835877269506454"",""faces"":""7824"",""image_height_max"":""4096"",""image_height_min"":""4096"",""image_width_max"":""4096"",""image_width_min"":""4096"",""images"":""3"",""materials"":""1"",""meshes"":""1"",""path"":""4/B01LONPUM4.glb"",""textures"":""3"",""vertices"":""5427""}"
16,B01LONQ3TS,S/B01LONQ3TS.glb,13.0000,0.047500,2.422657,0.0406,0.004672,0.098359,7824,5427,1,1,3,3,4096,4096,aspect_panel_like;flatness_good,faces:7824;image_res:4096x4096;materials:1;meshes:1;textures:3,,"{""3dmodel_id"":""B01LONQ3TS"",""extent_x"":""0.04059953987598419"",""extent_y"":""0.004672029986977578"",""extent_z"":""0.09835876151919365"",""faces"":""7824"",""image_height_max"":""4096"",""image_height_min"":""4096"",""image_width_max"":""4096"",""image_width_min"":""4096"",""images"":""3"",""materials"":""1"",""meshes"":""1"",""path"":""S/B01LONQ3TS.glb"",""textures"":""3"",""vertices"":""5427""}"
17,B01LONQ7R6,6/B01LONQ7R6.glb,13.0000,0.055945,2.432153,0.040447,0.005504,0.098374,7890,5379,1,1,3,3,4096,4096,aspect_panel_like;flatness_good,faces:7890;image_res:4096x4096;materials:1;meshes:1;textures:3,,"{""3dmodel_id"":""B01LONQ7R6"",""extent_x"":""0.040447428822517395"",""extent_y"":""0.005503559485077859"",""extent_z"":""0.09837433323264122"",""faces"":""7890"",""image_height_max"":""4096"",""image_height_min"":""4096"",""image_width_max"":""4096"",""image_width_min"":""4096"",""images"":""3"",""materials"":""1"",""meshes"":""1"",""path"":""6/B01LONQ7R6.glb"",""textures"":""3"",""vertices"":""5379""}"
18,B01LONQBDG,G/B01LONQBDG.glb,13.0000,0.055945,2.432153,0.040447,0.005504,0.098374,7890,5379,1,1,3,3,4096,4096,aspect_panel_like;flatness_good,faces:7890;image_res:4096x4096;materials:1;meshes:1;textures:3,,"{""3dmodel_id"":""B01LONQBDG"",""extent_x"":""0.040447428822517395"",""extent_y"":""0.005503559485077859"",""extent_z"":""0.09837433323264122"",""faces"":""7890"",""image_height_max"":""4096"",""image_height_min"":""4096"",""image_width_max"":""4096"",""image_width_min"":""4096"",""images"":""3"",""materials"":""1"",""meshes"":""1"",""path"":""G/B01LONQBDG.glb"",""textures"":""3"",""vertices"":""5379""}"
19,B01LP0U5X0,0/B01LP0U5X0.glb,13.0000,0.011451,3.034865,1.86868,0.021399,0.615737,10752,5734,1,1,3,3,4096,4096,aspect_panel_like;flatness_good,faces:10752;image_res:4096x4096;materials:1;meshes:1;textures:3,,"{""3dmodel_id"":""B01LP0U5X0"",""extent_x"":""1.8686801195144653"",""extent_y"":""0.02139851823449135"",""extent_z"":""0.6157374978065491"",""faces"":""10752"",""image_height_max"":""4096"",""image_height_min"":""4096"",""image_width_max"":""4096"",""image_width_min"":""4096"",""images"":""3"",""materials"":""1"",""meshes"":""1"",""path"":""0/B01LP0U5X0.glb"",""textures"":""3"",""vertices"":""5734""}"
20,B01LP0UKJE,E/B01LP0UKJE.glb,13.0000,0.011451,3.034865,1.86868,0.021399,0.615737,10752,5734,1,1,3,3,4096,4096,aspect_panel_like;flatness_good,faces:10752;image_res:4096x4096;materials:1;meshes:1;textures:3,,"{""3dmodel_id"":""B01LP0UKJE"",""extent_x"":""1.8686801195144653"",""extent_y"":""0.021398520097136497"",""extent_z"":""0.6157374680042267"",""faces"":""10752"",""image_height_max"":""4096"",""image_height_min"":""4096"",""image_width_max"":""4096"",""image_width_min"":""4096"",""images"":""3"",""materials"":""1"",""meshes"":""1"",""path"":""E/B01LP0UKJE.glb"",""textures"":""3"",""vertices"":""5734""}"
21,B01LP0UQX4,4/B01LP0UQX4.glb,13.0000,0.011451,3.034865,1.86868,0.021399,0.615737,10752,5734,1,1,3,3,4096,4096,aspect_panel_like;flatness_good,faces:10752;image_res:4096x4096;materials:1;meshes:1;textures:3,,"{""3dmodel_id"":""B01LP0UQX4"",""extent_x"":""1.8686801195144653"",""extent_y"":""0.021398520097136497"",""extent_z"":""0.6157374680042267"",""faces"":""10752"",""image_height_max"":""4096"",""image_height_min"":""4096"",""image_width_max"":""4096"",""image_width_min"":""4096"",""images"":""3"",""materials"":""1"",""meshes"":""1"",""path"":""4/B01LP0UQX4.glb"",""textures"":""3"",""vertices"":""5734""}"
22,B01LP0UX9G,G/B01LP0UX9G.glb,13.0000,0.011360,3.059153,1.883635,0.021399,0.615737,10752,5734,1,1,3,3,4096,4096,aspect_panel_like;flatness_good,faces:10752;image_res:4096x4096;materials:1;meshes:1;textures:3,,"{""3dmodel_id"":""B01LP0UX9G"",""extent_x"":""1.8836349248886108"",""extent_y"":""0.02139851823449135"",""extent_z"":""0.6157374978065491"",""faces"":""10752"",""image_height_max"":""4096"",""image_height_min"":""4096"",""image_width_max"":""4096"",""image_width_min"":""4096"",""images"":""3"",""materials"":""1"",""meshes"":""1"",""path"":""G/B01LP0UX9G.glb"",""textures"":""3"",""vertices"":""5734""}"
23,B01LP0V4JY,Y/B01LP0V4JY.glb,13.0000,0.011451,3.034865,1.86868,0.021399,0.615737,10752,5734,1,1,3,3,4096,4096,aspect_panel_like;flatness_good,faces:10752;image_res:4096x4096;materials:1;meshes:1;textures:3,,"{""3dmodel_id"":""B01LP0V4JY"",""extent_x"":""1.8686801195144653"",""extent_y"":""0.02139851823449135"",""extent_z"":""0.6157374978065491"",""faces"":""10752"",""image_height_max"":""4096"",""image_height_min"":""4096"",""image_width_max"":""4096"",""image_width_min"":""4096"",""images"":""3"",""materials"":""1"",""meshes"":""1"",""path"":""Y/B01LP0V4JY.glb"",""textures"":""3"",""vertices"":""5734""}"
24,B01LP0VBDI,I/B01LP0VBDI.glb,13.0000,0.011451,3.034865,1.86868,0.021399,0.615737,10752,5734,1,1,3,3,4096,4096,aspect_panel_like;flatness_good,faces:10752;image_res:4096x4096;materials:1;meshes:1;textures:3,,"{""3dmodel_id"":""B01LP0VBDI"",""extent_x"":""1.8686801195144653"",""extent_y"":""0.02139851823449135"",""extent_z"":""0.6157374978065491"",""faces"":""10752"",""image_height_max"":""4096"",""image_height_min"":""4096"",""image_width_max"":""4096"",""image_width_min"":""4096"",""images"":""3"",""materials"":""1"",""meshes"":""1"",""path"":""I/B01LP0VBDI.glb"",""textures"":""3"",""vertices"":""5734""}"
25,B01LP0VI3G,G/B01LP0VI3G.glb,13.0000,0.011360,3.059153,1.883635,0.021399,0.615737,10752,5734,1,1,3,3,4096,4096,aspect_panel_like;flatness_good,faces:10752;image_res:4096x4096;materials:1;meshes:1;textures:3,,"{""3dmodel_id"":""B01LP0VI3G"",""extent_x"":""1.8836349248886108"",""extent_y"":""0.02139851823449135"",""extent_z"":""0.6157374978065491"",""faces"":""10752"",""image_height_max"":""4096"",""image_height_min"":""4096"",""image_width_max"":""4096"",""image_width_min"":""4096"",""images"":""3"",""materials"":""1"",""meshes"":""1"",""path"":""G/B01LP0VI3G.glb"",""textures"":""3"",""vertices"":""5734""}"
26,B06VVXMJ1S,S/B06VVXMJ1S.glb,13.0000,0.004687,1.147025,0.451021,0.002114,0.39321,1568,914,1,1,3,3,4096,4096,aspect_panel_like;flatness_good,faces:1568;image_res:4096x4096;materials:1;meshes:1;textures:3,,"{""3dmodel_id"":""B06VVXMJ1S"",""extent_x"":""0.45102129876613617"",""extent_y"":""0.002114003524184227"",""extent_z"":""0.393209770321846"",""faces"":""1568"",""image_height_max"":""4096"",""image_height_min"":""4096"",""image_width_max"":""4096"",""image_width_min"":""4096"",""images"":""3"",""materials"":""1"",""meshes"":""1"",""path"":""S/B06VVXMJ1S.glb"",""textures"":""3"",""vertices"":""914""}"
27,B06X19FLTC,C/B06X19FLTC.glb,13.0000,0.003376,2.138396,0.906579,0.00306,0.423953,1568,914,1,1,3,3,4096,4096,aspect_panel_like;flatness_good,faces:1568;image_res:4096x4096;materials:1;meshes:1;textures:3,,"{""3dmodel_id"":""B06X19FLTC"",""extent_x"":""0.9065788686275482"",""extent_y"":""0.0030603620689362288"",""extent_z"":""0.42395269870758057"",""faces"":""1568"",""image_height_max"":""4096"",""image_height_min"":""4096"",""image_width_max"":""4096"",""image_width_min"":""4096"",""images"":""3"",""materials"":""1"",""meshes"":""1"",""path"":""C/B06X19FLTC.glb"",""textures"":""3"",""vertices"":""914""}"
28,B06X3W3YQD,D/B06X3W3YQD.glb,13.0000,0.006456,1.171099,0.314933,0.002033,0.268921,1568,914,1,1,3,3,4096,4096,aspect_panel_like;flatness_good,faces:1568;image_res:4096x4096;materials:1;meshes:1;textures:3,,"{""3dmodel_id"":""B06X3W3YQD"",""extent_x"":""0.31493327021598816"",""extent_y"":""0.0020332278218120337"",""extent_z"":""0.26892124116420746"",""faces"":""1568"",""image_height_max"":""4096"",""image_height_min"":""4096"",""image_width_max"":""4096"",""image_width_min"":""4096"",""images"":""3"",""materials"":""1"",""meshes"":""1"",""path"":""D/B06X3W3YQD.glb"",""textures"":""3"",""vertices"":""914""}"
29,B06X6H2WF7,7/B06X6H2WF7.glb,13.0000,0.008631,1.179079,0.248691,0.002146,0.21092,1568,914,1,1,3,3,4096,4096,aspect_panel_like;flatness_good,faces:1568;image_res:4096x4096;materials:1;meshes:1;textures:3,,"{""3dmodel_id"":""B06X6H2WF7"",""extent_x"":""0.24869108945131302"",""extent_y"":""0.002146385610103607"",""extent_z"":""0.21091970801353455"",""faces"":""1568"",""image_height_max"":""4096"",""image_height_min"":""4096"",""image_width_max"":""4096"",""image_width_min"":""4096"",""images"":""3"",""materials"":""1"",""meshes"":""1"",""path"":""7/B06X6H2WF7.glb"",""textures"":""3"",""vertices"":""914""}"
30,B07121ZVVT,T/B07121ZVVT.glb,13.0000,0.006563,1.498902,2.2804,0.014967,1.52138,2672,1410,1,1,3,3,2048,2048,aspect_panel_like;flatness_good,faces:2672;image_res:2048x2048;materials:1;meshes:1;textures:3,,"{""3dmodel_id"":""B07121ZVVT"",""extent_x"":""2.2803996801376343"",""extent_y"":""0.014966956339776518"",""extent_z"":""1.521380364894867"",""faces"":""2672"",""image_height_max"":""2048"",""image_height_min"":""2048"",""image_width_max"":""2048"",""image_width_min"":""2048"",""images"":""3"",""materials"":""1"",""meshes"":""1"",""path"":""T/B07121ZVVT.glb"",""textures"":""3"",""vertices"":""1410""}"
31,B07121ZVX4,4/B07121ZVX4.glb,13.0000,0.005935,1.367459,2.141397,0.01271,1.565968,2416,1318,1,1,3,3,2048,2048,aspect_panel_like;flatness_good,faces:2416;image_res:2048x2048;materials:1;meshes:1;textures:3,,"{""3dmodel_id"":""B07121ZVX4"",""extent_x"":""2.1413971185684204"",""extent_y"":""0.012709821574389936"",""extent_z"":""1.565967857837677"",""faces"":""2416"",""image_height_max"":""2048"",""image_height_min"":""2048"",""image_width_max"":""2048"",""image_width_min"":""2048"",""images"":""3"",""materials"":""1"",""meshes"":""1"",""path"":""4/B07121ZVX4.glb"",""textures"":""3"",""vertices"":""1318""}"
32,B07121ZVXN,N/B07121ZVXN.glb,13.0000,0.006223,1.265103,2.895149,0.018016,2.288469,6964,5159,1,1,3,3,2048,2048,aspect_panel_like;flatness_good,faces:6964;image_res:2048x2048;materials:1;meshes:1;textures:3,,"{""3dmodel_id"":""B07121ZVXN"",""extent_x"":""2.8951494693756104"",""extent_y"":""0.018016209825873375"",""extent_z"":""2.288468837738037"",""faces"":""6964"",""image_height_max"":""2048"",""image_height_min"":""2048"",""image_width_max"":""2048"",""image_width_min"":""2048"",""images"":""3"",""materials"":""1"",""meshes"":""1"",""path"":""N/B07121ZVXN.glb"",""textures"":""3"",""vertices"":""5159""}"
33,B07121ZWNC,C/B07121ZWNC.glb,13.0000,0.006957,1.389057,2.143782,0.014913,1.543336,1776,986,1,1,3,3,2048,2048,aspect_panel_like;flatness_good,faces:1776;image_res:2048x2048;materials:1;meshes:1;textures:3,,"{""3dmodel_id"":""B07121ZWNC"",""extent_x"":""2.1437817811965942"",""extent_y"":""0.014913259074091913"",""extent_z"":""1.5433361530303955"",""faces"":""1776"",""image_height_max"":""2048"",""image_height_min"":""2048"",""image_width_max"":""2048"",""image_width_min"":""2048"",""images"":""3"",""materials"":""1"",""meshes"":""1"",""path"":""C/B07121ZWNC.glb"",""textures"":""3"",""vertices"":""986""}"
34,B0713T6T4D,D/B0713T6T4D.glb,13.0000,0.030209,1.281952,0.766643,0.982799,0.029689,21768,13470,1,1,3,3,4096,4096,aspect_panel_like;flatness_good,faces:21768;image_res:4096x4096;materials:1;meshes:1;textures:3,,"{""3dmodel_id"":""B0713T6T4D"",""extent_x"":""0.7666430473327637"",""extent_y"":""0.9827993810176849"",""extent_z"":""0.02968941070139408"",""faces"":""21768"",""image_height_max"":""4096"",""image_height_min"":""4096"",""image_width_max"":""4096"",""image_width_min"":""4096"",""images"":""3"",""materials"":""1"",""meshes"":""1"",""path"":""D/B0713T6T4D.glb"",""textures"":""3"",""vertices"":""13470""}"
35,B0713T6W1C,C/B0713T6W1C.glb,13.0000,0.052900,1.000001,0.609914,0.609913,0.032265,2412,1592,1,1,3,3,2048,2048,aspect_panel_like;flatness_good,faces:2412;image_res:2048x2048;materials:1;meshes:1;textures:3,,"{""3dmodel_id"":""B0713T6W1C"",""extent_x"":""0.6099140048027039"",""extent_y"":""0.6099134683609009"",""extent_z"":""0.032264597713947296"",""faces"":""2412"",""image_height_max"":""2048"",""image_height_min"":""2048"",""image_width_max"":""2048"",""image_width_min"":""2048"",""images"":""3"",""materials"":""1"",""meshes"":""1"",""path"":""C/B0713T6W1C.glb"",""textures"":""3"",""vertices"":""1592""}"
36,B0714MJDXC,C/B0714MJDXC.glb,13.0000,0.009621,1.491997,1.835409,0.017658,1.230169,1076,672,1,1,3,3,2048,2048,aspect_panel_like;flatness_good,faces:1076;image_res:2048x2048;materials:1;meshes:1;textures:3,,"{""3dmodel_id"":""B0714MJDXC"",""extent_x"":""1.8354090452194214"",""extent_y"":""0.017657777294516563"",""extent_z"":""1.230169415473938"",""faces"":""1076"",""image_height_max"":""2048"",""image_height_min"":""2048"",""image_width_max"":""2048"",""image_width_min"":""2048"",""images"":""3"",""materials"":""1"",""meshes"":""1"",""path"":""C/B0714MJDXC.glb"",""textures"":""3"",""vertices"":""672""}"
37,B0714MJKZW,W/B0714MJKZW.glb,13.0000,0.008651,1.602949,2.447462,0.021173,1.526849,2036,1096,1,1,3,3,2048,2048,aspect_panel_like;flatness_good,faces:2036;image_res:2048x2048;materials:1;meshes:1;textures:3,,"{""3dmodel_id"":""B0714MJKZW"",""extent_x"":""2.447462320327759"",""extent_y"":""0.021172909066081047"",""extent_z"":""1.526849389076233"",""faces"":""2036"",""image_height_max"":""2048"",""image_height_min"":""2048"",""image_width_max"":""2048"",""image_width_min"":""2048"",""images"":""3"",""materials"":""1"",""meshes"":""1"",""path"":""W/B0714MJKZW.glb"",""textures"":""3"",""vertices"":""1096""}"
38,B0714MJL15,5/B0714MJL15.glb,13.0000,0.006438,1.257518,3.032299,0.019521,2.411336,4160,2282,1,1,3,3,2048,2048,aspect_panel_like;flatness_good,faces:4160;image_res:2048x2048;materials:1;meshes:1;textures:3,,"{""3dmodel_id"":""B0714MJL15"",""extent_x"":""3.0322988033294678"",""extent_y"":""0.019521187990903854"",""extent_z"":""2.4113357067108154"",""faces"":""4160"",""image_height_max"":""2048"",""image_height_min"":""2048"",""image_width_max"":""2048"",""image_width_min"":""2048"",""images"":""3"",""materials"":""1"",""meshes"":""1"",""path"":""5/B0714MJL15.glb"",""textures"":""3"",""vertices"":""2282""}"
39,B0714MJLPX,X/B0714MJLPX.glb,13.0000,0.007348,1.591273,2.448924,0.017995,1.538972,2816,1490,1,1,3,3,2048,2048,aspect_panel_like;flatness_good,faces:2816;image_res:2048x2048;materials:1;meshes:1;textures:3,,"{""3dmodel_id"":""B0714MJLPX"",""extent_x"":""2.4489240646362305"",""extent_y"":""0.017994510009884834"",""extent_z"":""1.5389716625213623"",""faces"":""2816"",""image_height_max"":""2048"",""image_height_min"":""2048"",""image_width_max"":""2048"",""image_width_min"":""2048"",""images"":""3"",""materials"":""1"",""meshes"":""1"",""path"":""X/B0714MJLPX.glb"",""textures"":""3"",""vertices"":""1490""}"
40,B0714MJLTB,B/B0714MJLTB.glb,13.0000,0.004255,1.596711,2.440411,0.010384,1.528399,19910,11197,1,1,3,3,4096,4096,aspect_panel_like;flatness_good,faces:19910;image_res:4096x4096;materials:1;meshes:1;textures:3,,"{""3dmodel_id"":""B0714MJLTB"",""extent_x"":""2.44041109085083"",""extent_y"":""0.010384056717157366"",""extent_z"":""1.528398871421814"",""faces"":""19910"",""image_height_max"":""4096"",""image_height_min"":""4096"",""image_width_max"":""4096"",""image_width_min"":""4096"",""images"":""3"",""materials"":""1"",""meshes"":""1"",""path"":""B/B0714MJLTB.glb"",""textures"":""3"",""vertices"":""11197""}"
41,B0714MMHBL,L/B0714MMHBL.glb,13.0000,0.007078,1.571677,1.667858,0.011806,1.061196,7200,3882,1,1,3,3,4096,4096,aspect_panel_like;flatness_good,faces:7200;image_res:4096x4096;materials:1;meshes:1;textures:3,,"{""3dmodel_id"":""B0714MMHBL"",""extent_x"":""1.6678575277328491"",""extent_y"":""0.011805909685790539"",""extent_z"":""1.0611963868141174"",""faces"":""7200"",""image_height_max"":""4096"",""image_height_min"":""4096"",""image_width_max"":""4096"",""image_width_min"":""4096"",""images"":""3"",""materials"":""1"",""meshes"":""1"",""path"":""L/B0714MMHBL.glb"",""textures"":""3"",""vertices"":""3882""}"
42,B071777YL9,9/B071777YL9.glb,13.0000,0.007721,1.807648,2.754535,0.021269,1.523822,28876,27039,1,1,3,3,2048,2048,aspect_panel_like;flatness_good,faces:28876;image_res:2048x2048;materials:1;meshes:1;textures:3,,"{""3dmodel_id"":""B071777YL9"",""extent_x"":""2.7545350790023804"",""extent_y"":""0.021268511191010475"",""extent_z"":""1.52382230758667"",""faces"":""28876"",""image_height_max"":""2048"",""image_height_min"":""2048"",""image_width_max"":""2048"",""image_width_min"":""2048"",""images"":""3"",""materials"":""1"",""meshes"":""1"",""path"":""9/B071777YL9.glb"",""textures"":""3"",""vertices"":""27039""}"
43,B071777YN3,3/B071777YN3.glb,13.0000,0.010211,1.511933,1.828079,0.018667,1.209101,5000,2778,1,1,3,3,2048,2048,aspect_panel_like;flatness_good,faces:5000;image_res:2048x2048;materials:1;meshes:1;textures:3,,"{""3dmodel_id"":""B071777YN3"",""extent_x"":""1.8280787467956543"",""extent_y"":""0.01866672933101654"",""extent_z"":""1.2091005444526672"",""faces"":""5000"",""image_height_max"":""2048"",""image_height_min"":""2048"",""image_width_max"":""2048"",""image_width_min"":""2048"",""images"":""3"",""materials"":""1"",""meshes"":""1"",""path"":""3/B071777YN3.glb"",""textures"":""3"",""vertices"":""2778""}"
44,B071777YNX,X/B071777YNX.glb,13.0000,0.010601,1.429280,2.4384,0.025851,1.706033,1616,950,1,1,3,3,2048,2048,aspect_panel_like;flatness_good,faces:1616;image_res:2048x2048;materials:1;meshes:1;textures:3,,"{""3dmodel_id"":""B071777YNX"",""extent_x"":""2.438399910926819"",""extent_y"":""0.025850655511021614"",""extent_z"":""1.7060332298278809"",""faces"":""1616"",""image_height_max"":""2048"",""image_height_min"":""2048"",""image_width_max"":""2048"",""image_width_min"":""2048"",""images"":""3"",""materials"":""1"",""meshes"":""1"",""path"":""X/B071777YNX.glb"",""textures"":""3"",""vertices"":""950""}"
45,B0718ZKMW1,1/B0718ZKMW1.glb,13.0000,0.031558,1.353416,0.755783,1.022888,0.032281,28536,17740,1,1,3,3,2048,2048,aspect_panel_like;flatness_good,faces:28536;image_res:2048x2048;materials:1;meshes:1;textures:3,,"{""3dmodel_id"":""B0718ZKMW1"",""extent_x"":""0.7557826042175293"",""extent_y"":""1.0228880643844604"",""extent_z"":""0.03228075057268143"",""faces"":""28536"",""image_height_max"":""2048"",""image_height_min"":""2048"",""image_width_max"":""2048"",""image_width_min"":""2048"",""images"":""3"",""materials"":""1"",""meshes"":""1"",""path"":""1/B0718ZKMW1.glb"",""textures"":""3"",""vertices"":""17740""}"
46,B0718ZKQK8,8/B0718ZKQK8.glb,13.0000,0.047809,1.505295,0.605742,0.91182,0.043593,2224,1883,1,1,3,3,4096,4096,aspect_panel_like;flatness_good,faces:2224;image_res:4096x4096;materials:1;meshes:1;textures:3,,"{""3dmodel_id"":""B0718ZKQK8"",""extent_x"":""0.6057415008544922"",""extent_y"":""0.9118198752403259"",""extent_z"":""0.043593063950538635"",""faces"":""2224"",""image_height_max"":""4096"",""image_height_min"":""4096"",""image_width_max"":""4096"",""image_width_min"":""4096"",""images"":""3"",""materials"":""1"",""meshes"":""1"",""path"":""8/B0718ZKQK8.glb"",""textures"":""3"",""vertices"":""1883""}"
47,B0719FLQP3,3/B0719FLQP3.glb,13.0000,0.004386,1.443038,2.8956,0.0127,2.0066,9920,5252,1,1,3,3,4096,4096,aspect_panel_like;flatness_good,faces:9920;image_res:4096x4096;materials:1;meshes:1;textures:3,,"{""3dmodel_id"":""B0719FLQP3"",""extent_x"":""2.895599842071533"",""extent_y"":""0.012699999846518041"",""extent_z"":""2.0065999031066895"",""faces"":""9920"",""image_height_max"":""4096"",""image_height_min"":""4096"",""image_width_max"":""4096"",""image_width_min"":""4096"",""images"":""3"",""materials"":""1"",""meshes"":""1"",""path"":""3/B0719FLQP3.glb"",""textures"":""3"",""vertices"":""5252""}"
48,B0719STDHT,T/B0719STDHT.glb,13.0000,0.004463,1.491866,1.827469,0.008155,1.224955,3072,1734,1,1,3,3,2048,2048,aspect_panel_like;flatness_good,faces:3072;image_res:2048x2048;materials:1;meshes:1;textures:3,,"{""3dmodel_id"":""B0719STDHT"",""extent_x"":""1.8274686336517334"",""extent_y"":""0.008155403658747673"",""extent_z"":""1.2249553203582764"",""faces"":""3072"",""image_height_max"":""2048"",""image_height_min"":""2048"",""image_width_max"":""2048"",""image_width_min"":""2048"",""images"":""3"",""materials"":""1"",""meshes"":""1"",""path"":""T/B0719STDHT.glb"",""textures"":""3"",""vertices"":""1734""}"
49,B0719STF79,9/B0719STF79.glb,13.0000,0.008130,1.374908,3.220641,0.026183,2.342441,50060,42323,1,1,3,3,4096,4096,aspect_panel_like;flatness_good,faces:50060;image_res:4096x4096;materials:1;meshes:1;textures:3,,"{""3dmodel_id"":""B0719STF79"",""extent_x"":""3.220640778541565"",""extent_y"":""0.02618333324790001"",""extent_z"":""2.3424407243728638"",""faces"":""50060"",""image_height_max"":""4096"",""image_height_min"":""4096"",""image_width_max"":""4096"",""image_width_min"":""4096"",""images"":""3"",""materials"":""1"",""meshes"":""1"",""path"":""9/B0719STF79.glb"",""textures"":""3"",""vertices"":""42323""}"
50,B0719STF99,9/B0719STF99.glb,13.0000,0.004180,1.500668,1.814098,0.007582,1.20886,2816,1732,1,1,3,3,2048,2048,aspect_panel_like;flatness_good,faces:2816;image_res:2048x2048;materials:1;meshes:1;textures:3,,"{""3dmodel_id"":""B0719STF99"",""extent_x"":""1.8140980005264282"",""extent_y"":""0.007582081481814385"",""extent_z"":""1.208860158920288"",""faces"":""2816"",""image_height_max"":""2048"",""image_height_min"":""2048"",""image_width_max"":""2048"",""image_width_min"":""2048"",""images"":""3"",""materials"":""1"",""meshes"":""1"",""path"":""9/B0719STF99.glb"",""textures"":""3"",""vertices"":""1732""}"
51,B0719STKS9,9/B0719STKS9.glb,13.0000,0.006497,2.980568,2.413332,0.015678,0.809689,3056,1634,1,1,3,3,2048,2048,aspect_panel_like;flatness_good,faces:3056;image_res:2048x2048;materials:1;meshes:1;textures:3,,"{""3dmodel_id"":""B0719STKS9"",""extent_x"":""2.4133318662643433"",""extent_y"":""0.015678487718105316"",""extent_z"":""0.8096886873245239"",""faces"":""3056"",""image_height_max"":""2048"",""image_height_min"":""2048"",""image_width_max"":""2048"",""image_width_min"":""2048"",""images"":""3"",""materials"":""1"",""meshes"":""1"",""path"":""9/B0719STKS9.glb"",""textures"":""3"",""vertices"":""1634""}"
52,B0719STKTS,S/B0719STKTS.glb,13.0000,0.008982,1.248246,2.924603,0.026268,2.34297,5312,2939,1,1,3,3,4096,4096,aspect_panel_like;flatness_good,faces:5312;image_res:4096x4096;materials:1;meshes:1;textures:3,,"{""3dmodel_id"":""B0719STKTS"",""extent_x"":""2.9246034622192383"",""extent_y"":""0.026267779991030693"",""extent_z"":""2.3429696559906006"",""faces"":""5312"",""image_height_max"":""4096"",""image_height_min"":""4096"",""image_width_max"":""4096"",""image_width_min"":""4096"",""images"":""3"",""materials"":""1"",""meshes"":""1"",""path"":""S/B0719STKTS.glb"",""textures"":""3"",""vertices"":""2939""}"
53,B0719STLK8,8/B0719STLK8.glb,13.0000,0.005897,1.258800,2.90215,0.017115,2.305489,1076,684,1,1,3,3,2048,2048,aspect_panel_like;flatness_good,faces:1076;image_res:2048x2048;materials:1;meshes:1;textures:3,,"{""3dmodel_id"":""B0719STLK8"",""extent_x"":""2.9021496772766113"",""extent_y"":""0.017114998772740364"",""extent_z"":""2.30548894405365"",""faces"":""1076"",""image_height_max"":""2048"",""image_height_min"":""2048"",""image_width_max"":""2048"",""image_width_min"":""2048"",""images"":""3"",""materials"":""1"",""meshes"":""1"",""path"":""8/B0719STLK8.glb"",""textures"":""3"",""vertices"":""684""}"
54,B0719STLKT,T/B0719STLKT.glb,13.0000,0.010557,1.506574,1.838467,0.019408,1.220297,110560,58632,1,1,3,3,4096,4096,aspect_panel_like;flatness_good,faces:110560;image_res:4096x4096;materials:1;meshes:1;textures:3,,"{""3dmodel_id"":""B0719STLKT"",""extent_x"":""1.8384673595428467"",""extent_y"":""0.019407792016863823"",""extent_z"":""1.2202965021133423"",""faces"":""110560"",""image_height_max"":""4096"",""image_height_min"":""4096"",""image_width_max"":""4096"",""image_width_min"":""4096"",""images"":""3"",""materials"":""1"",""meshes"":""1"",""path"":""T/B0719STLKT.glb"",""textures"":""3"",""vertices"":""58632""}"
55,B0719STLL8,8/B0719STLL8.glb,13.0000,0.007086,2.868081,2.451539,0.017371,0.854766,1408,818,1,1,3,3,2048,2048,aspect_panel_like;flatness_good,faces:1408;image_res:2048x2048;materials:1;meshes:1;textures:3,,"{""3dmodel_id"":""B0719STLL8"",""extent_x"":""2.451539397239685"",""extent_y"":""0.017370980232954025"",""extent_z"":""0.8547664284706116"",""faces"":""1408"",""image_height_max"":""2048"",""image_height_min"":""2048"",""image_width_max"":""2048"",""image_width_min"":""2048"",""images"":""3"",""materials"":""1"",""meshes"":""1"",""path"":""8/B0719STLL8.glb"",""textures"":""3"",""vertices"":""818""}"
56,B0719STLRW,W/B0719STLRW.glb,13.0000,0.003385,1.383458,3.305715,0.011189,2.389459,1236,666,1,1,3,3,2048,2048,aspect_panel_like;flatness_good,faces:1236;image_res:2048x2048;materials:1;meshes:1;textures:3,,"{""3dmodel_id"":""B0719STLRW"",""extent_x"":""3.305714726448059"",""extent_y"":""0.01118861883878708"",""extent_z"":""2.3894585371017456"",""faces"":""1236"",""image_height_max"":""2048"",""image_height_min"":""2048"",""image_width_max"":""2048"",""image_width_min"":""2048"",""images"":""3"",""materials"":""1"",""meshes"":""1"",""path"":""W/B0719STLRW.glb"",""textures"":""3"",""vertices"":""666""}"
57,B0719STLSH,H/B0719STLSH.glb,13.0000,0.004511,1.600000,2.4384,0.011,1.524,2496,1414,1,1,3,3,4096,4096,aspect_panel_like;flatness_good,faces:2496;image_res:4096x4096;materials:1;meshes:1;textures:3,,"{""3dmodel_id"":""B0719STLSH"",""extent_x"":""2.4383997917175293"",""extent_y"":""0.011000000871717932"",""extent_z"":""1.5239998698234558"",""faces"":""2496"",""image_height_max"":""4096"",""image_height_min"":""4096"",""image_width_max"":""4096"",""image_width_min"":""4096"",""images"":""3"",""materials"":""1"",""meshes"":""1"",""path"":""H/B0719STLSH.glb"",""textures"":""3"",""vertices"":""1414""}"
58,B0719STM26,6/B0719STM26.glb,13.0000,0.006018,1.000266,2.443289,0.014708,2.44394,4200,2702,1,1,3,3,2048,2048,aspect_panel_like;flatness_good,faces:4200;image_res:2048x2048;materials:1;meshes:1;textures:3,,"{""3dmodel_id"":""B0719STM26"",""extent_x"":""2.443289041519165"",""extent_y"":""0.014708252623677255"",""extent_z"":""2.4439399242401123"",""faces"":""4200"",""image_height_max"":""2048"",""image_height_min"":""2048"",""image_width_max"":""2048"",""image_width_min"":""2048"",""images"":""3"",""materials"":""1"",""meshes"":""1"",""path"":""6/B0719STM26.glb"",""textures"":""3"",""vertices"":""2702""}"
59,B0719STM6D,D/B0719STM6D.glb,13.0000,0.004255,1.596711,3.421635,0.014559,2.142927,19910,21808,1,1,3,3,2048,2048,aspect_panel_like;flatness_good,faces:19910;image_res:2048x2048;materials:1;meshes:1;textures:3,,"{""3dmodel_id"":""B0719STM6D"",""extent_x"":""3.4216350317001343"",""extent_y"":""0.014559212140738966"",""extent_z"":""2.1429271697998047"",""faces"":""19910"",""image_height_max"":""2048"",""image_height_min"":""2048"",""image_width_max"":""2048"",""image_width_min"":""2048"",""images"":""3"",""materials"":""1"",""meshes"":""1"",""path"":""D/B0719STM6D.glb"",""textures"":""3"",""vertices"":""21808""}"
60,B0719SX5NS,S/B0719SX5NS.glb,13.0000,0.007491,1.584225,1.697648,0.012718,1.071596,5000,2774,1,1,3,3,2048,2048,aspect_panel_like;flatness_good,faces:5000;image_res:2048x2048;materials:1;meshes:1;textures:3,,"{""3dmodel_id"":""B0719SX5NS"",""extent_x"":""1.6976484656333923"",""extent_y"":""0.01271768379956484"",""extent_z"":""1.071595549583435"",""faces"":""5000"",""image_height_max"":""2048"",""image_height_min"":""2048"",""image_width_max"":""2048"",""image_width_min"":""2048"",""images"":""3"",""materials"":""1"",""meshes"":""1"",""path"":""S/B0719SX5NS.glb"",""textures"":""3"",""vertices"":""2774""}"
61,B0719SX5P1,1/B0719SX5P1.glb,13.0000,0.006312,3.355501,2.275643,0.014364,0.678183,11864,11245,1,1,3,3,2048,2048,aspect_panel_like;flatness_good,faces:11864;image_res:2048x2048;materials:1;meshes:1;textures:3,,"{""3dmodel_id"":""B0719SX5P1"",""extent_x"":""2.275643467903137"",""extent_y"":""0.014364262111485004"",""extent_z"":""0.6781830191612244"",""faces"":""11864"",""image_height_max"":""2048"",""image_height_min"":""2048"",""image_width_max"":""2048"",""image_width_min"":""2048"",""images"":""3"",""materials"":""1"",""meshes"":""1"",""path"":""1/B0719SX5P1.glb"",""textures"":""3"",""vertices"":""11245""}"
62,B0719SX5PL,L/B0719SX5PL.glb,13.0000,0.005950,1.400592,2.134502,0.0127,1.524,1256,674,1,1,3,3,4096,4096,aspect_panel_like;flatness_good,faces:1256;image_res:4096x4096;materials:1;meshes:1;textures:3,,"{""3dmodel_id"":""B0719SX5PL"",""extent_x"":""2.134501576423645"",""extent_y"":""0.012699999846518041"",""extent_z"":""1.5239999890327454"",""faces"":""1256"",""image_height_max"":""4096"",""image_height_min"":""4096"",""image_width_max"":""4096"",""image_width_min"":""4096"",""images"":""3"",""materials"":""1"",""meshes"":""1"",""path"":""L/B0719SX5PL.glb"",""textures"":""3"",""vertices"":""674""}"
63,B0719SX5T7,7/B0719SX5T7.glb,13.0000,0.005860,1.399974,2.132702,0.012498,1.523387,7136,3998,1,1,3,3,4096,4096,aspect_panel_like;flatness_good,faces:7136;image_res:4096x4096;materials:1;meshes:1;textures:3,,"{""3dmodel_id"":""B0719SX5T7"",""extent_x"":""2.1327015161514282"",""extent_y"":""0.012498429976403713"",""extent_z"":""1.5233867764472961"",""faces"":""7136"",""image_height_max"":""4096"",""image_height_min"":""4096"",""image_width_max"":""4096"",""image_width_min"":""4096"",""images"":""3"",""materials"":""1"",""meshes"":""1"",""path"":""7/B0719SX5T7.glb"",""textures"":""3"",""vertices"":""3998""}"
64,B071FJZVPH,H/B071FJZVPH.glb,13.0000,0.004068,1.246654,2.583962,0.010512,2.072717,2800,5547,1,1,3,3,4096,4096,aspect_panel_like;flatness_good,faces:2800;image_res:4096x4096;materials:1;meshes:1;textures:3,,"{""3dmodel_id"":""B071FJZVPH"",""extent_x"":""2.5839619636535645"",""extent_y"":""0.010511925444006922"",""extent_z"":""2.0727174282073975"",""faces"":""2800"",""image_height_max"":""4096"",""image_height_min"":""4096"",""image_width_max"":""4096"",""image_width_min"":""4096"",""images"":""3"",""materials"":""1"",""meshes"":""1"",""path"":""H/B071FJZVPH.glb"",""textures"":""3"",""vertices"":""5547""}"
65,B071HBBDZ1,1/B071HBBDZ1.glb,13.0000,0.052426,1.003237,0.381739,0.380507,0.020013,8532,4518,1,1,3,3,2048,2048,aspect_panel_like;flatness_good,faces:8532;image_res:2048x2048;materials:1;meshes:1;textures:3,,"{""3dmodel_id"":""B071HBBDZ1"",""extent_x"":""0.3817388415336609"",""extent_y"":""0.38050705194473267"",""extent_z"":""0.02001291885972023"",""faces"":""8532"",""image_height_max"":""2048"",""image_height_min"":""2048"",""image_width_max"":""2048"",""image_width_min"":""2048"",""images"":""3"",""materials"":""1"",""meshes"":""1"",""path"":""1/B071HBBDZ1.glb"",""textures"":""3"",""vertices"":""4518""}"
66,B071HBC338,8/B071HBC338.glb,13.0000,0.033734,1.000000,1.076925,1.076925,0.036329,6400,4162,1,1,3,3,2048,2048,aspect_panel_like;flatness_good,faces:6400;image_res:2048x2048;materials:1;meshes:1;textures:3,,"{""3dmodel_id"":""B071HBC338"",""extent_x"":""1.0769249200820923"",""extent_y"":""1.0769251585006714"",""extent_z"":""0.03632903963327405"",""faces"":""6400"",""image_height_max"":""2048"",""image_height_min"":""2048"",""image_width_max"":""2048"",""image_width_min"":""2048"",""images"":""3"",""materials"":""1"",""meshes"":""1"",""path"":""8/B071HBC338.glb"",""textures"":""3"",""vertices"":""4162""}"
67,B071J4SDZZ,Z/B071J4SDZZ.glb,13.0000,0.010900,1.263736,2.921,0.031839,2.3114,1616,950,1,1,3,3,2048,2048,aspect_panel_like;flatness_good,faces:1616;image_res:2048x2048;materials:1;meshes:1;textures:3,,"{""3dmodel_id"":""B071J4SDZZ"",""extent_x"":""2.9210000038146973"",""extent_y"":""0.03183862939476967"",""extent_z"":""2.311400055885315"",""faces"":""1616"",""image_height_max"":""2048"",""image_height_min"":""2048"",""image_width_max"":""2048"",""image_width_min"":""2048"",""images"":""3"",""materials"":""1"",""meshes"":""1"",""path"":""Z/B071J4SDZZ.glb"",""textures"":""3"",""vertices"":""950""}"
68,B071J4VX5C,C/B071J4VX5C.glb,13.0000,0.011267,1.324983,3.198916,0.036041,2.414306,3280,1764,1,1,3,3,4096,4096,aspect_panel_like;flatness_good,faces:3280;image_res:4096x4096;materials:1;meshes:1;textures:3,,"{""3dmodel_id"":""B071J4VX5C"",""extent_x"":""3.198915958404541"",""extent_y"":""0.036041103303432465"",""extent_z"":""2.4143062829971313"",""faces"":""3280"",""image_height_max"":""4096"",""image_height_min"":""4096"",""image_width_max"":""4096"",""image_width_min"":""4096"",""images"":""3"",""materials"":""1"",""meshes"":""1"",""path"":""C/B071J4VX5C.glb"",""textures"":""3"",""vertices"":""1764""}"
69,B071J4VX6D,D/B071J4VX6D.glb,13.0000,0.006974,1.258984,2.867267,0.019996,2.277445,2628,1460,1,1,3,3,4096,4096,aspect_panel_like;flatness_good,faces:2628;image_res:4096x4096;materials:1;meshes:1;textures:3,,"{""3dmodel_id"":""B071J4VX6D"",""extent_x"":""2.8672667741775513"",""extent_y"":""0.019995979964733124"",""extent_z"":""2.277445077896118"",""faces"":""2628"",""image_height_max"":""4096"",""image_height_min"":""4096"",""image_width_max"":""4096"",""image_width_min"":""4096"",""images"":""3"",""materials"":""1"",""meshes"":""1"",""path"":""D/B071J4VX6D.glb"",""textures"":""3"",""vertices"":""1460""}"
70,B071J4VX7B,B/B071J4VX7B.glb,13.0000,0.004065,3.326188,2.274893,0.009247,0.683934,1248,769,1,1,3,3,2048,2048,aspect_panel_like;flatness_good,faces:1248;image_res:2048x2048;materials:1;meshes:1;textures:3,,"{""3dmodel_id"":""B071J4VX7B"",""extent_x"":""2.274892807006836"",""extent_y"":""0.009246832691133024"",""extent_z"":""0.6839339733123779"",""faces"":""1248"",""image_height_max"":""2048"",""image_height_min"":""2048"",""image_width_max"":""2048"",""image_width_min"":""2048"",""images"":""3"",""materials"":""1"",""meshes"":""1"",""path"":""B/B071J4VX7B.glb"",""textures"":""3"",""vertices"":""769""}"
71,B071J4VX9C,C/B071J4VX9C.glb,13.0000,0.012059,1.272135,2.896969,0.034934,2.27725,5000,2778,1,1,3,3,2048,2048,aspect_panel_like;flatness_good,faces:5000;image_res:2048x2048;materials:1;meshes:1;textures:3,,"{""3dmodel_id"":""B071J4VX9C"",""extent_x"":""2.896968722343445"",""extent_y"":""0.034933727234601974"",""extent_z"":""2.277249574661255"",""faces"":""5000"",""image_height_max"":""2048"",""image_height_min"":""2048"",""image_width_max"":""2048"",""image_width_min"":""2048"",""images"":""3"",""materials"":""1"",""meshes"":""1"",""path"":""C/B071J4VX9C.glb"",""textures"":""3"",""vertices"":""2778""}"
72,B071J4VX9H,H/B071J4VX9H.glb,13.0000,0.007757,1.570759,1.676,0.013,1.067,7376,3982,1,1,3,3,4096,4096,aspect_panel_like;flatness_good,faces:7376;image_res:4096x4096;materials:1;meshes:1;textures:3,,"{""3dmodel_id"":""B071J4VX9H"",""extent_x"":""1.6759998798370361"",""extent_y"":""0.012999999336898327"",""extent_z"":""1.0669999718666077"",""faces"":""7376"",""image_height_max"":""4096"",""image_height_min"":""4096"",""image_width_max"":""4096"",""image_width_min"":""4096"",""images"":""3"",""materials"":""1"",""meshes"":""1"",""path"":""H/B071J4VX9H.glb"",""textures"":""3"",""vertices"":""3982""}"
73,B071J4VYGH,H/B071J4VYGH.glb,13.0000,0.006957,1.238545,3.042351,0.021164,2.456391,1776,986,1,1,3,3,2048,2048,aspect_panel_like;flatness_good,faces:1776;image_res:2048x2048;materials:1;meshes:1;textures:3,,"{""3dmodel_id"":""B071J4VYGH"",""extent_x"":""3.042351007461548"",""extent_y"":""0.021164169535040855"",""extent_z"":""2.456391215324402"",""faces"":""1776"",""image_height_max"":""2048"",""image_height_min"":""2048"",""image_width_max"":""2048"",""image_width_min"":""2048"",""images"":""3"",""materials"":""1"",""meshes"":""1"",""path"":""H/B071J4VYGH.glb"",""textures"":""3"",""vertices"":""986""}"
74,B071J4VYJL,L/B071J4VYJL.glb,13.0000,0.006390,1.255703,3.038541,0.019415,2.419792,2672,1410,1,1,3,3,2048,2048,aspect_panel_like;flatness_good,faces:2672;image_res:2048x2048;materials:1;meshes:1;textures:3,,"{""3dmodel_id"":""B071J4VYJL"",""extent_x"":""3.038541078567505"",""extent_y"":""0.019415268674492836"",""extent_z"":""2.419792056083679"",""faces"":""2672"",""image_height_max"":""2048"",""image_height_min"":""2048"",""image_width_max"":""2048"",""image_width_min"":""2048"",""images"":""3"",""materials"":""1"",""meshes"":""1"",""path"":""L/B071J4VYJL.glb"",""textures"":""3"",""vertices"":""1410""}"
75,B071J4VYK1,1/B071J4VYK1.glb,13.0000,0.006378,1.255703,3.038346,0.019377,2.419637,42752,21666,1,1,3,3,2048,2048,aspect_panel_like;flatness_good,faces:42752;image_res:2048x2048;materials:1;meshes:1;textures:3,,"{""3dmodel_id"":""B071J4VYK1"",""extent_x"":""3.038346290588379"",""extent_y"":""0.019377083652216243"",""extent_z"":""2.4196369647979736"",""faces"":""42752"",""image_height_max"":""2048"",""image_height_min"":""2048"",""image_width_max"":""2048"",""image_width_min"":""2048"",""images"":""3"",""materials"":""1"",""meshes"":""1"",""path"":""1/B071J4VYK1.glb"",""textures"":""3"",""vertices"":""21666""}"
76,B071J4VYKT,T/B071J4VYKT.glb,13.0000,0.004252,1.313220,3.200629,0.01361,2.437238,3204,1670,1,1,3,3,2048,2048,aspect_panel_like;flatness_good,faces:3204;image_res:2048x2048;materials:1;meshes:1;textures:3,,"{""3dmodel_id"":""B071J4VYKT"",""extent_x"":""3.200629234313965"",""extent_y"":""0.013610039837658407"",""extent_z"":""2.437237501144409"",""faces"":""3204"",""image_height_max"":""2048"",""image_height_min"":""2048"",""image_width_max"":""2048"",""image_width_min"":""2048"",""images"":""3"",""materials"":""1"",""meshes"":""1"",""path"":""T/B071J4VYKT.glb"",""textures"":""3"",""vertices"":""1670""}"
77,B071J4VYW4,4/B071J4VYW4.glb,13.0000,0.004222,1.278926,3.052694,0.012889,2.38692,3040,1698,1,1,3,3,4096,4096,aspect_panel_like;flatness_good,faces:3040;image_res:4096x4096;materials:1;meshes:1;textures:3,,"{""3dmodel_id"":""B071J4VYW4"",""extent_x"":""3.052694320678711"",""extent_y"":""0.012888888828456404"",""extent_z"":""2.3869200944900513"",""faces"":""3040"",""image_height_max"":""4096"",""image_height_min"":""4096"",""image_width_max"":""4096"",""image_width_min"":""4096"",""images"":""3"",""materials"":""1"",""meshes"":""1"",""path"":""4/B071J4VYW4.glb"",""textures"":""3"",""vertices"":""1698""}"
78,B071J4VYXF,F/B071J4VYXF.glb,13.0000,0.006312,3.355500,2.275644,0.014364,0.678183,11864,11245,1,1,3,3,2048,2048,aspect_panel_like;flatness_good,faces:11864;image_res:2048x2048;materials:1;meshes:1;textures:3,,"{""3dmodel_id"":""B071J4VYXF"",""extent_x"":""2.275643825531006"",""extent_y"":""0.014364262111485004"",""extent_z"":""0.6781831681728363"",""faces"":""11864"",""image_height_max"":""2048"",""image_height_min"":""2048"",""image_width_max"":""2048"",""image_width_min"":""2048"",""images"":""3"",""materials"":""1"",""meshes"":""1"",""path"":""F/B071J4VYXF.glb"",""textures"":""3"",""vertices"":""11245""}"
79,B071J4VYXJ,J/B071J4VYXJ.glb,13.0000,0.006312,3.355501,2.275643,0.014364,0.678183,11864,11245,1,1,3,3,2048,2048,aspect_panel_like;flatness_good,faces:11864;image_res:2048x2048;materials:1;meshes:1;textures:3,,"{""3dmodel_id"":""B071J4VYXJ"",""extent_x"":""2.275643467903137"",""extent_y"":""0.014364262111485004"",""extent_z"":""0.6781830191612244"",""faces"":""11864"",""image_height_max"":""2048"",""image_height_min"":""2048"",""image_width_max"":""2048"",""image_width_min"":""2048"",""images"":""3"",""materials"":""1"",""meshes"":""1"",""path"":""J/B071J4VYXJ.glb"",""textures"":""3"",""vertices"":""11245""}"
80,B071KX42WG,G/B071KX42WG.glb,13.0000,0.022938,1.090861,1.010556,0.926384,0.02318,13818,8931,1,1,3,3,2048,2048,aspect_panel_like;flatness_good,faces:13818;image_res:2048x2048;materials:1;meshes:1;textures:3,,"{""3dmodel_id"":""B071KX42WG"",""extent_x"":""1.0105561017990112"",""extent_y"":""0.9263839721679688"",""extent_z"":""0.02317967638373375"",""faces"":""13818"",""image_height_max"":""2048"",""image_height_min"":""2048"",""image_width_max"":""2048"",""image_width_min"":""2048"",""images"":""3"",""materials"":""1"",""meshes"":""1"",""path"":""G/B071KX42WG.glb"",""textures"":""3"",""vertices"":""8931""}"
81,B071LQFCVL,L/B071LQFCVL.glb,13.0000,0.003900,1.593361,2.440852,0.009519,1.531889,24298,17168,1,1,3,3,4096,4096,aspect_panel_like;flatness_good,faces:24298;image_res:4096x4096;materials:1;meshes:1;textures:3,,"{""3dmodel_id"":""B071LQFCVL"",""extent_x"":""2.440852403640747"",""extent_y"":""0.009519269689917566"",""extent_z"":""1.5318889021873474"",""faces"":""24298"",""image_height_max"":""4096"",""image_height_min"":""4096"",""image_width_max"":""4096"",""image_width_min"":""4096"",""images"":""3"",""materials"":""1"",""meshes"":""1"",""path"":""L/B071LQFCVL.glb"",""textures"":""3"",""vertices"":""17168""}"
82,B071LQHVJT,T/B071LQHVJT.glb,13.0000,0.003686,1.596334,1.652098,0.006089,1.034932,11864,10950,1,1,3,3,2048,2048,aspect_panel_like;flatness_good,faces:11864;image_res:2048x2048;materials:1;meshes:1;textures:3,,"{""3dmodel_id"":""B071LQHVJT"",""extent_x"":""1.6520978808403015"",""extent_y"":""0.006089004222303629"",""extent_z"":""1.0349323749542236"",""faces"":""11864"",""image_height_max"":""2048"",""image_height_min"":""2048"",""image_width_max"":""2048"",""image_width_min"":""2048"",""images"":""3"",""materials"":""1"",""meshes"":""1"",""path"":""T/B071LQHVJT.glb"",""textures"":""3"",""vertices"":""10950""}"
83,B071LQHVJZ,Z/B071LQHVJZ.glb,13.0000,0.005950,1.400592,2.134502,0.0127,1.524,1256,674,1,1,3,3,4096,4096,aspect_panel_like;flatness_good,faces:1256;image_res:4096x4096;materials:1;meshes:1;textures:3,,"{""3dmodel_id"":""B071LQHVJZ"",""extent_x"":""2.134501576423645"",""extent_y"":""0.012699999846518041"",""extent_z"":""1.5239999890327454"",""faces"":""1256"",""image_height_max"":""4096"",""image_height_min"":""4096"",""image_width_max"":""4096"",""image_width_min"":""4096"",""images"":""3"",""materials"":""1"",""meshes"":""1"",""path"":""Z/B071LQHVJZ.glb"",""textures"":""3"",""vertices"":""674""}"
84,B071LQHVKF,F/B071LQHVKF.glb,13.0000,0.006223,1.265103,2.895149,0.018016,2.288469,6964,5159,1,1,3,3,2048,2048,aspect_panel_like;flatness_good,faces:6964;image_res:2048x2048;materials:1;meshes:1;textures:3,,"{""3dmodel_id"":""B071LQHVKF"",""extent_x"":""2.8951494693756104"",""extent_y"":""0.018016213551163673"",""extent_z"":""2.288468837738037"",""faces"":""6964"",""image_height_max"":""2048"",""image_height_min"":""2048"",""image_width_max"":""2048"",""image_width_min"":""2048"",""images"":""3"",""materials"":""1"",""meshes"":""1"",""path"":""F/B071LQHVKF.glb"",""textures"":""3"",""vertices"":""5159""}"
85,B071LQHVQ8,8/B071LQHVQ8.glb,13.0000,0.009437,1.364322,2.080785,0.019636,1.525142,3712,2098,1,1,3,3,4096,4096,aspect_panel_like;flatness_good,faces:3712;image_res:4096x4096;materials:1;meshes:1;textures:3,,"{""3dmodel_id"":""B071LQHVQ8"",""extent_x"":""2.0807851552963257"",""extent_y"":""0.019635967910289764"",""extent_z"":""1.5251423120498657"",""faces"":""3712"",""image_height_max"":""4096"",""image_height_min"":""4096"",""image_width_max"":""4096"",""image_width_min"":""4096"",""images"":""3"",""materials"":""1"",""meshes"":""1"",""path"":""8/B071LQHVQ8.glb"",""textures"":""3"",""vertices"":""2098""}"
86,B071LQHVYN,N/B071LQHVYN.glb,13.0000,0.007211,1.528725,1.761311,0.0127,1.152144,1344,718,1,1,3,3,4096,4096,aspect_panel_like;flatness_good,faces:1344;image_res:4096x4096;materials:1;meshes:1;textures:3,,"{""3dmodel_id"":""B071LQHVYN"",""extent_x"":""1.7613112926483154"",""extent_y"":""0.01269999984651804"",""extent_z"":""1.1521440744400024"",""faces"":""1344"",""image_height_max"":""4096"",""image_height_min"":""4096"",""image_width_max"":""4096"",""image_width_min"":""4096"",""images"":""3"",""materials"":""1"",""meshes"":""1"",""path"":""N/B071LQHVYN.glb"",""textures"":""3"",""vertices"":""718""}"
87,B071LQHVZB,B/B071LQHVZB.glb,13.0000,0.004808,1.433342,2.079902,0.01,1.451085,4800,2487,1,1,3,3,4096,4096,aspect_panel_like;flatness_good,faces:4800;image_res:4096x4096;materials:1;meshes:1;textures:3,,"{""3dmodel_id"":""B071LQHVZB"",""extent_x"":""2.079902410507202"",""extent_y"":""0.009999999776482582"",""extent_z"":""1.4510854482650757"",""faces"":""4800"",""image_height_max"":""4096"",""image_height_min"":""4096"",""image_width_max"":""4096"",""image_width_min"":""4096"",""images"":""3"",""materials"":""1"",""meshes"":""1"",""path"":""B/B071LQHVZB.glb"",""textures"":""3"",""vertices"":""2487""}"
88,B071LQHW1P,P/B071LQHW1P.glb,13.0000,0.006177,1.421013,2.144305,0.013246,1.508998,8084,6102,1,1,3,3,2048,2048,aspect_panel_like;flatness_good,faces:8084;image_res:2048x2048;materials:1;meshes:1;textures:3,,"{""3dmodel_id"":""B071LQHW1P"",""extent_x"":""2.1443049907684326"",""extent_y"":""0.01324604731053114"",""extent_z"":""1.508997917175293"",""faces"":""8084"",""image_height_max"":""2048"",""image_height_min"":""2048"",""image_width_max"":""2048"",""image_width_min"":""2048"",""images"":""3"",""materials"":""1"",""meshes"":""1"",""path"":""P/B071LQHW1P.glb"",""textures"":""3"",""vertices"":""6102""}"
89,B071LQJ4XF,F/B071LQJ4XF.glb,13.0000,0.007578,1.570759,1.676,0.0127,1.067,7496,4222,1,1,3,3,4096,4096,aspect_panel_like;flatness_good,faces:7496;image_res:4096x4096;materials:1;meshes:1;textures:3,,"{""3dmodel_id"":""B071LQJ4XF"",""extent_x"":""1.675999939441681"",""extent_y"":""0.01269999984651804"",""extent_z"":""1.066999912261963"",""faces"":""7496"",""image_height_max"":""4096"",""image_height_min"":""4096"",""image_width_max"":""4096"",""image_width_min"":""4096"",""images"":""3"",""materials"":""1"",""meshes"":""1"",""path"":""F/B071LQJ4XF.glb"",""textures"":""3"",""vertices"":""4222""}"
90,B071NHXGFY,Y/B071NHXGFY.glb,13.0000,0.028605,1.199651,0.594357,0.713021,0.020396,10240,5464,1,1,3,3,2048,2048,aspect_panel_like;flatness_good,faces:10240;image_res:2048x2048;materials:1;meshes:1;textures:3,,"{""3dmodel_id"":""B071NHXGFY"",""extent_x"":""0.5943569540977478"",""extent_y"":""0.7130208611488342"",""extent_z"":""0.02039594203233719"",""faces"":""10240"",""image_height_max"":""2048"",""image_height_min"":""2048"",""image_width_max"":""2048"",""image_width_min"":""2048"",""images"":""3"",""materials"":""1"",""meshes"":""1"",""path"":""Y/B071NHXGFY.glb"",""textures"":""3"",""vertices"":""5464""}"
91,B071PB2H7N,N/B071PB2H7N.glb,13.0000,0.006416,1.499581,1.821271,0.011686,1.21452,1280,772,1,1,3,3,2048,2048,aspect_panel_like;flatness_good,faces:1280;image_res:2048x2048;materials:1;meshes:1;textures:3,,"{""3dmodel_id"":""B071PB2H7N"",""extent_x"":""1.8212707042694092"",""extent_y"":""0.011685890145599844"",""extent_z"":""1.214519739151001"",""faces"":""1280"",""image_height_max"":""2048"",""image_height_min"":""2048"",""image_width_max"":""2048"",""image_width_min"":""2048"",""images"":""3"",""materials"":""1"",""meshes"":""1"",""path"":""N/B071PB2H7N.glb"",""textures"":""3"",""vertices"":""772""}"
92,B071PB4VK1,1/B071PB4VK1.glb,13.0000,0.006044,1.394640,2.115203,0.012785,1.516666,7504,4046,1,1,3,3,4096,4096,aspect_panel_like;flatness_good,faces:7504;image_res:4096x4096;materials:1;meshes:1;textures:3,,"{""3dmodel_id"":""B071PB4VK1"",""extent_x"":""2.1152032613754272"",""extent_y"":""0.012784820050001144"",""extent_z"":""1.5166663527488708"",""faces"":""7504"",""image_height_max"":""4096"",""image_height_min"":""4096"",""image_width_max"":""4096"",""image_width_min"":""4096"",""images"":""3"",""materials"":""1"",""meshes"":""1"",""path"":""1/B071PB4VK1.glb"",""textures"":""3"",""vertices"":""4046""}"
93,B071RNW4SV,V/B071RNW4SV.glb,13.0000,0.041667,1.000000,0.9144,0.9144,0.0381,57646,33736,1,1,3,3,4096,4096,aspect_panel_like;flatness_good,faces:57646;image_res:4096x4096;materials:1;meshes:1;textures:3,,"{""3dmodel_id"":""B071RNW4SV"",""extent_x"":""0.9143999814987183"",""extent_y"":""0.9143999814987183"",""extent_z"":""0.038099996745586395"",""faces"":""57646"",""image_height_max"":""4096"",""image_height_min"":""4096"",""image_width_max"":""4096"",""image_width_min"":""4096"",""images"":""3"",""materials"":""1"",""meshes"":""1"",""path"":""V/B071RNW4SV.glb"",""textures"":""3"",""vertices"":""33736""}"
94,B071SHHZT2,2/B071SHHZT2.glb,13.0000,0.005898,1.258579,2.901696,0.017115,2.305533,1076,684,1,1,3,3,2048,2048,aspect_panel_like;flatness_good,faces:1076;image_res:2048x2048;materials:1;meshes:1;textures:3,,"{""3dmodel_id"":""B071SHHZT2"",""extent_x"":""2.9016960859298706"",""extent_y"":""0.017114998772740364"",""extent_z"":""2.3055331707000732"",""faces"":""1076"",""image_height_max"":""2048"",""image_height_min"":""2048"",""image_width_max"":""2048"",""image_width_min"":""2048"",""images"":""3"",""materials"":""1"",""meshes"":""1"",""path"":""2/B071SHHZT2.glb"",""textures"":""3"",""vertices"":""684""}"
95,B071SHHZTC,C/B071SHHZTC.glb,13.0000,0.004184,1.595819,2.442428,0.01022,1.530517,1874,1338,1,1,3,3,2048,2048,aspect_panel_like;flatness_good,faces:1874;image_res:2048x2048;materials:1;meshes:1;textures:3,,"{""3dmodel_id"":""B071SHHZTC"",""extent_x"":""2.442428469657898"",""extent_y"":""0.01022033579647541"",""extent_z"":""1.5305173993110657"",""faces"":""1874"",""image_height_max"":""2048"",""image_height_min"":""2048"",""image_width_max"":""2048"",""image_width_min"":""2048"",""images"":""3"",""materials"":""1"",""meshes"":""1"",""path"":""C/B071SHHZTC.glb"",""textures"":""3"",""vertices"":""1338""}"
96,B071SHHZVC,C/B071SHHZVC.glb,13.0000,0.007359,1.508583,1.832683,0.013487,1.214837,4160,2282,1,1,3,3,2048,2048,aspect_panel_like;flatness_good,faces:4160;image_res:2048x2048;materials:1;meshes:1;textures:3,,"{""3dmodel_id"":""B071SHHZVC"",""extent_x"":""1.8326832056045532"",""extent_y"":""0.013487123884260656"",""extent_z"":""1.2148371934890747"",""faces"":""4160"",""image_height_max"":""2048"",""image_height_min"":""2048"",""image_width_max"":""2048"",""image_width_min"":""2048"",""images"":""3"",""materials"":""1"",""meshes"":""1"",""path"":""C/B071SHHZVC.glb"",""textures"":""3"",""vertices"":""2282""}"
97,B071SHHZVG,G/B071SHHZVG.glb,13.0000,0.007287,1.554809,2.36485,0.017232,1.520991,3328,1878,1,1,3,3,2048,2048,aspect_panel_like;flatness_good,faces:3328;image_res:2048x2048;materials:1;meshes:1;textures:3,,"{""3dmodel_id"":""B071SHHZVG"",""extent_x"":""2.3648500442504883"",""extent_y"":""0.01723213493824005"",""extent_z"":""1.5209908485412598"",""faces"":""3328"",""image_height_max"":""2048"",""image_height_min"":""2048"",""image_width_max"":""2048"",""image_width_min"":""2048"",""images"":""3"",""materials"":""1"",""meshes"":""1"",""path"":""G/B071SHHZVG.glb"",""textures"":""3"",""vertices"":""1878""}"
98,B071SHHZVZ,Z/B071SHHZVZ.glb,13.0000,0.011206,1.502812,2.285906,0.025617,1.521086,5000,2778,1,1,3,3,2048,2048,aspect_panel_like;flatness_good,faces:5000;image_res:2048x2048;materials:1;meshes:1;textures:3,,"{""3dmodel_id"":""B071SHHZVZ"",""extent_x"":""2.2859063148498535"",""extent_y"":""0.025616509839892387"",""extent_z"":""1.5210855603218079"",""faces"":""5000"",""image_height_max"":""2048"",""image_height_min"":""2048"",""image_width_max"":""2048"",""image_width_min"":""2048"",""images"":""3"",""materials"":""1"",""meshes"":""1"",""path"":""Z/B071SHHZVZ.glb"",""textures"":""3"",""vertices"":""2778""}"
99,B071SHLFH6,6/B071SHLFH6.glb,13.0000,0.006957,1.389057,2.143782,0.014913,1.543336,1776,986,1,1,3,3,2048,2048,aspect_panel_like;flatness_good,faces:1776;image_res:2048x2048;materials:1;meshes:1;textures:3,,"{""3dmodel_id"":""B071SHLFH6"",""extent_x"":""2.1437817811965942"",""extent_y"":""0.014913259074091913"",""extent_z"":""1.5433361530303955"",""faces"":""1776"",""image_height_max"":""2048"",""image_height_min"":""2048"",""image_width_max"":""2048"",""image_width_min"":""2048"",""images"":""3"",""materials"":""1"",""meshes"":""1"",""path"":""6/B071SHLFH6.glb"",""textures"":""3"",""vertices"":""986""}"
100,B071SHLFHN,N/B071SHLFHN.glb,13.0000,0.006781,1.572603,1.676934,0.011372,1.066343,3538,1989,1,1,3,3,4096,4096,aspect_panel_like;flatness_good,faces:3538;image_res:4096x4096;materials:1;meshes:1;textures:3,,"{""3dmodel_id"":""B071SHLFHN"",""extent_x"":""1.6769335269927979"",""extent_y"":""0.011371670290827753"",""extent_z"":""1.0663426518440247"",""faces"":""3538"",""image_height_max"":""4096"",""image_height_min"":""4096"",""image_width_max"":""4096"",""image_width_min"":""4096"",""images"":""3"",""materials"":""1"",""meshes"":""1"",""path"":""N/B071SHLFHN.glb"",""textures"":""3"",""vertices"":""1989""}"
101,B071SHLFHX,X/B071SHLFHX.glb,13.0000,0.005353,1.382900,3.293715,0.017632,2.381746,1280,772,1,1,3,3,2048,2048,aspect_panel_like;flatness_good,faces:1280;image_res:2048x2048;materials:1;meshes:1;textures:3,,"{""3dmodel_id"":""B071SHLFHX"",""extent_x"":""3.293715476989746"",""extent_y"":""0.017632126808166504"",""extent_z"":""2.3817455768585205"",""faces"":""1280"",""image_height_max"":""2048"",""image_height_min"":""2048"",""image_width_max"":""2048"",""image_width_min"":""2048"",""images"":""3"",""materials"":""1"",""meshes"":""1"",""path"":""X/B071SHLFHX.glb"",""textures"":""3"",""vertices"":""772""}"
102,B071SHLFKP,P/B071SHLFKP.glb,13.0000,0.005828,1.388332,2.211473,0.012889,1.592899,5312,2944,1,1,3,3,2048,2048,aspect_panel_like;flatness_good,faces:5312;image_res:2048x2048;materials:1;meshes:1;textures:3,,"{""3dmodel_id"":""B071SHLFKP"",""extent_x"":""2.211472511291504"",""extent_y"":""0.012888889759778978"",""extent_z"":""1.592898964881897"",""faces"":""5312"",""image_height_max"":""2048"",""image_height_min"":""2048"",""image_width_max"":""2048"",""image_width_min"":""2048"",""images"":""3"",""materials"":""1"",""meshes"":""1"",""path"":""P/B071SHLFKP.glb"",""textures"":""3"",""vertices"":""2944""}"
103,B071SHLFL6,6/B071SHLFL6.glb,13.0000,0.007659,1.485153,1.846193,0.01414,1.2431,1700,1040,1,1,3,3,2048,2048,aspect_panel_like;flatness_good,faces:1700;image_res:2048x2048;materials:1;meshes:1;textures:3,,"{""3dmodel_id"":""B071SHLFL6"",""extent_x"":""1.8461933135986328"",""extent_y"":""0.014139978215098383"",""extent_z"":""1.2430996894836426"",""faces"":""1700"",""image_height_max"":""2048"",""image_height_min"":""2048"",""image_width_max"":""2048"",""image_width_min"":""2048"",""images"":""3"",""materials"":""1"",""meshes"":""1"",""path"":""6/B071SHLFL6.glb"",""textures"":""3"",""vertices"":""1040""}"
104,B071SHLFLM,M/B071SHLFLM.glb,13.0000,0.005935,1.367459,2.141397,0.01271,1.565968,2416,1318,1,1,3,3,2048,2048,aspect_panel_like;flatness_good,faces:2416;image_res:2048x2048;materials:1;meshes:1;textures:3,,"{""3dmodel_id"":""B071SHLFLM"",""extent_x"":""2.1413971185684204"",""extent_y"":""0.012709821574389936"",""extent_z"":""1.565967857837677"",""faces"":""2416"",""image_height_max"":""2048"",""image_height_min"":""2048"",""image_width_max"":""2048"",""image_width_min"":""2048"",""images"":""3"",""materials"":""1"",""meshes"":""1"",""path"":""M/B071SHLFLM.glb"",""textures"":""3"",""vertices"":""1318""}"
105,B071SHLFLS,S/B071SHLFLS.glb,13.0000,0.007484,1.321415,3.227807,0.024158,2.442689,5000,2774,1,1,3,3,2048,2048,aspect_panel_like;flatness_good,faces:5000;image_res:2048x2048;materials:1;meshes:1;textures:3,,"{""3dmodel_id"":""B071SHLFLS"",""extent_x"":""3.2278066873550415"",""extent_y"":""0.024158170446753502"",""extent_z"":""2.442689061164856"",""faces"":""5000"",""image_height_max"":""2048"",""image_height_min"":""2048"",""image_width_max"":""2048"",""image_width_min"":""2048"",""images"":""3"",""materials"":""1"",""meshes"":""1"",""path"":""S/B071SHLFLS.glb"",""textures"":""3"",""vertices"":""2774""}"
106,B071SHLFLX,X/B071SHLFLX.glb,13.0000,0.005474,1.522320,1.7452,0.009553,1.146408,1256,674,1,1,3,3,4096,4096,aspect_panel_like;flatness_good,faces:1256;image_res:4096x4096;materials:1;meshes:1;textures:3,,"{""3dmodel_id"":""B071SHLFLX"",""extent_x"":""1.7451996803283691"",""extent_y"":""0.0095533998683095"",""extent_z"":""1.1464082598686218"",""faces"":""1256"",""image_height_max"":""4096"",""image_height_min"":""4096"",""image_width_max"":""4096"",""image_width_min"":""4096"",""images"":""3"",""materials"":""1"",""meshes"":""1"",""path"":""X/B071SHLFLX.glb"",""textures"":""3"",""vertices"":""674""}"
107,B071V8DQTL,L/B071V8DQTL.glb,13.0000,0.068392,1.715410,0.707205,1.213147,0.082969,15278,10542,1,1,3,3,2048,2048,aspect_panel_like;flatness_good,faces:15278;image_res:2048x2048;materials:1;meshes:1;textures:3,,"{""3dmodel_id"":""B071V8DQTL"",""extent_x"":""0.707205057144165"",""extent_y"":""1.213146686553955"",""extent_z"":""0.08296919614076614"",""faces"":""15278"",""image_height_max"":""2048"",""image_height_min"":""2048"",""image_width_max"":""2048"",""image_width_min"":""2048"",""images"":""3"",""materials"":""1"",""meshes"":""1"",""path"":""L/B071V8DQTL.glb"",""textures"":""3"",""vertices"":""10542""}"
108,B071V8H94C,C/B071V8H94C.glb,13.0000,0.103973,1.000001,0.585271,0.585271,0.060853,11160,5802,1,1,3,3,2048,2048,aspect_panel_like;flatness_good,faces:11160;image_res:2048x2048;materials:1;meshes:1;textures:3,,"{""3dmodel_id"":""B071V8H94C"",""extent_x"":""0.5852709412574768"",""extent_y"":""0.585271418094635"",""extent_z"":""0.06085270881652827"",""faces"":""11160"",""image_height_max"":""2048"",""image_height_min"":""2048"",""image_width_max"":""2048"",""image_width_min"":""2048"",""images"":""3"",""materials"":""1"",""meshes"":""1"",""path"":""C/B071V8H94C.glb"",""textures"":""3"",""vertices"":""5802""}"
109,B071V8LJQJ,J/B071V8LJQJ.glb,13.0000,0.051485,1.003237,0.381739,0.380507,0.019654,4302,3110,1,1,3,3,2048,2048,aspect_panel_like;flatness_good,faces:4302;image_res:2048x2048;materials:1;meshes:1;textures:3,,"{""3dmodel_id"":""B071V8LJQJ"",""extent_x"":""0.3817388415336609"",""extent_y"":""0.38050705194473267"",""extent_z"":""0.0196536487340927"",""faces"":""4302"",""image_height_max"":""2048"",""image_height_min"":""2048"",""image_width_max"":""2048"",""image_width_min"":""2048"",""images"":""3"",""materials"":""1"",""meshes"":""1"",""path"":""J/B071V8LJQJ.glb"",""textures"":""3"",""vertices"":""3110""}"
110,B071V8M937,7/B071V8M937.glb,13.0000,0.083264,1.004141,0.509192,0.507092,0.042397,5730,4018,1,1,3,3,2048,2048,aspect_panel_like;flatness_good,faces:5730;image_res:2048x2048;materials:1;meshes:1;textures:3,,"{""3dmodel_id"":""B071V8M937"",""extent_x"":""0.5091919302940369"",""extent_y"":""0.5070921778678894"",""extent_z"":""0.042397499084472656"",""faces"":""5730"",""image_height_max"":""2048"",""image_height_min"":""2048"",""image_width_max"":""2048"",""image_width_min"":""2048"",""images"":""3"",""materials"":""1"",""meshes"":""1"",""path"":""7/B071V8M937.glb"",""textures"":""3"",""vertices"":""4018""}"
111,B071W2XLQJ,J/B071W2XLQJ.glb,13.0000,0.009628,1.603849,2.468717,0.02377,1.539246,8078,4202,1,1,3,3,2048,2048,aspect_panel_like;flatness_good,faces:8078;image_res:2048x2048;materials:1;meshes:1;textures:3,,"{""3dmodel_id"":""B071W2XLQJ"",""extent_x"":""2.4687172174453735"",""extent_y"":""0.02376985177397728"",""extent_z"":""1.5392457246780396"",""faces"":""8078"",""image_height_max"":""2048"",""image_height_min"":""2048"",""image_width_max"":""2048"",""image_width_min"":""2048"",""images"":""3"",""materials"":""1"",""meshes"":""1"",""path"":""J/B071W2XLQJ.glb"",""textures"":""3"",""vertices"":""4202""}"
112,B071W2XLSC,C/B071W2XLSC.glb,13.0000,0.003971,1.273105,2.928647,0.01163,2.300397,2816,1732,1,1,3,3,4096,4096,aspect_panel_like;flatness_good,faces:2816;image_res:4096x4096;materials:1;meshes:1;textures:3,,"{""3dmodel_id"":""B071W2XLSC"",""extent_x"":""2.92864727973938"",""extent_y"":""0.011630083434283733"",""extent_z"":""2.300396680831909"",""faces"":""2816"",""image_height_max"":""4096"",""image_height_min"":""4096"",""image_width_max"":""4096"",""image_width_min"":""4096"",""images"":""3"",""materials"":""1"",""meshes"":""1"",""path"":""C/B071W2XLSC.glb"",""textures"":""3"",""vertices"":""1732""}"
113,B071W31P5D,D/B071W31P5D.glb,13.0000,0.005476,1.521829,1.754678,0.009608,1.153006,1256,674,1,1,3,3,4096,4096,aspect_panel_like;flatness_good,faces:1256;image_res:4096x4096;materials:1;meshes:1;textures:3,,"{""3dmodel_id"":""B071W31P5D"",""extent_x"":""1.7546781301498413"",""extent_y"":""0.009608386084437372"",""extent_z"":""1.153006374835968"",""faces"":""1256"",""image_height_max"":""4096"",""image_height_min"":""4096"",""image_width_max"":""4096"",""image_width_min"":""4096"",""images"":""3"",""materials"":""1"",""meshes"":""1"",""path"":""D/B071W31P5D.glb"",""textures"":""3"",""vertices"":""674""}"
114,B071ZJ5X4Y,Y/B071ZJ5X4Y.glb,13.0000,0.007659,1.485153,2.26254,0.017329,1.523439,1700,1040,1,1,3,3,2048,2048,aspect_panel_like;flatness_good,faces:1700;image_res:2048x2048;materials:1;meshes:1;textures:3,,"{""3dmodel_id"":""B071ZJ5X4Y"",""extent_x"":""2.262539863586426"",""extent_y"":""0.017328772693872452"",""extent_z"":""1.523438811302185"",""faces"":""1700"",""image_height_max"":""2048"",""image_height_min"":""2048"",""image_width_max"":""2048"",""image_width_min"":""2048"",""images"":""3"",""materials"":""1"",""meshes"":""1"",""path"":""Y/B071ZJ5X4Y.glb"",""textures"":""3"",""vertices"":""1040""}"
115,B071ZJ6BHB,B/B071ZJ6BHB.glb,13.0000,0.005950,1.400592,2.134502,0.0127,1.524,1256,674,1,1,3,3,4096,4096,aspect_panel_like;flatness_good,faces:1256;image_res:4096x4096;materials:1;meshes:1;textures:3,,"{""3dmodel_id"":""B071ZJ6BHB"",""extent_x"":""2.134501576423645"",""extent_y"":""0.012699999846518041"",""extent_z"":""1.5239999890327454"",""faces"":""1256"",""image_height_max"":""4096"",""image_height_min"":""4096"",""image_width_max"":""4096"",""image_width_min"":""4096"",""images"":""3"",""materials"":""1"",""meshes"":""1"",""path"":""B/B071ZJ6BHB.glb"",""textures"":""3"",""vertices"":""674""}"
116,B071ZJ6C4W,W/B071ZJ6C4W.glb,13.0000,0.007659,1.485153,1.846193,0.01414,1.2431,1700,1040,1,1,3,3,2048,2048,aspect_panel_like;flatness_good,faces:1700;image_res:2048x2048;materials:1;meshes:1;textures:3,,"{""3dmodel_id"":""B071ZJ6C4W"",""extent_x"":""1.8461933135986328"",""extent_y"":""0.014139978215098383"",""extent_z"":""1.2430996894836426"",""faces"":""1700"",""image_height_max"":""2048"",""image_height_min"":""2048"",""image_width_max"":""2048"",""image_width_min"":""2048"",""images"":""3"",""materials"":""1"",""meshes"":""1"",""path"":""W/B071ZJ6C4W.glb"",""textures"":""3"",""vertices"":""1040""}"
117,B071ZJ6C5Z,Z/B071ZJ6C5Z.glb,13.0000,0.005957,1.372336,3.364787,0.020043,2.451868,1256,674,1,1,3,3,4096,4096,aspect_panel_like;flatness_good,faces:1256;image_res:4096x4096;materials:1;meshes:1;textures:3,,"{""3dmodel_id"":""B071ZJ6C5Z"",""extent_x"":""3.364787220954895"",""extent_y"":""0.020043499767780304"",""extent_z"":""2.4518682956695557"",""faces"":""1256"",""image_height_max"":""4096"",""image_height_min"":""4096"",""image_width_max"":""4096"",""image_width_min"":""4096"",""images"":""3"",""materials"":""1"",""meshes"":""1"",""path"":""Z/B071ZJ6C5Z.glb"",""textures"":""3"",""vertices"":""674""}"
118,B071ZJ6C8G,G/B071ZJ6C8G.glb,13.0000,0.004687,1.400000,2.1336,0.01,1.524,4800,2594,1,1,3,3,4096,4096,aspect_panel_like;flatness_good,faces:4800;image_res:4096x4096;materials:1;meshes:1;textures:3,,"{""3dmodel_id"":""B071ZJ6C8G"",""extent_x"":""2.133599877357483"",""extent_y"":""0.009999999776482584"",""extent_z"":""1.5239999294281006"",""faces"":""4800"",""image_height_max"":""4096"",""image_height_min"":""4096"",""image_width_max"":""4096"",""image_width_min"":""4096"",""images"":""3"",""materials"":""1"",""meshes"":""1"",""path"":""G/B071ZJ6C8G.glb"",""textures"":""3"",""vertices"":""2594""}"
119,B071ZJ6CD5,5/B071ZJ6CD5.glb,13.0000,0.006390,1.255703,3.038541,0.019415,2.419792,2672,1410,1,1,3,3,4096,4096,aspect_panel_like;flatness_good,faces:2672;image_res:4096x4096;materials:1;meshes:1;textures:3,,"{""3dmodel_id"":""B071ZJ6CD5"",""extent_x"":""3.038541078567505"",""extent_y"":""0.019415270537137985"",""extent_z"":""2.419792056083679"",""faces"":""2672"",""image_height_max"":""4096"",""image_height_min"":""4096"",""image_width_max"":""4096"",""image_width_min"":""4096"",""images"":""3"",""materials"":""1"",""meshes"":""1"",""path"":""5/B071ZJ6CD5.glb"",""textures"":""3"",""vertices"":""1410""}"
120,B071ZJ6CDG,G/B071ZJ6CDG.glb,13.0000,0.004871,1.367526,3.043703,0.014827,2.2257,5312,2944,1,1,3,3,4096,4096,aspect_panel_like;flatness_good,faces:5312;image_res:4096x4096;materials:1;meshes:1;textures:3,,"{""3dmodel_id"":""B071ZJ6CDG"",""extent_x"":""3.043703317642212"",""extent_y"":""0.014827135019004347"",""extent_z"":""2.2257003784179688"",""faces"":""5312"",""image_height_max"":""4096"",""image_height_min"":""4096"",""image_width_max"":""4096"",""image_width_min"":""4096"",""images"":""3"",""materials"":""1"",""meshes"":""1"",""path"":""G/B071ZJ6CDG.glb"",""textures"":""3"",""vertices"":""2944""}"
121,B071ZJ6CF8,8/B071ZJ6CF8.glb,13.0000,0.004186,1.249703,3.04791,0.012759,2.438907,105792,84986,1,1,3,3,4096,4096,aspect_panel_like;flatness_good,faces:105792;image_res:4096x4096;materials:1;meshes:1;textures:3,,"{""3dmodel_id"":""B071ZJ6CF8"",""extent_x"":""3.047910451889038"",""extent_y"":""0.012758849188685419"",""extent_z"":""2.4389071464538574"",""faces"":""105792"",""image_height_max"":""4096"",""image_height_min"":""4096"",""image_width_max"":""4096"",""image_width_min"":""4096"",""images"":""3"",""materials"":""1"",""meshes"":""1"",""path"":""8/B071ZJ6CF8.glb"",""textures"":""3"",""vertices"":""84986""}"
122,B071ZJ6CK3,3/B071ZJ6CK3.glb,13.0000,0.012059,1.272135,2.896969,0.034934,2.27725,5000,2778,1,1,3,3,2048,2048,aspect_panel_like;flatness_good,faces:5000;image_res:2048x2048;materials:1;meshes:1;textures:3,,"{""3dmodel_id"":""B071ZJ6CK3"",""extent_x"":""2.896968722343445"",""extent_y"":""0.034933727234601974"",""extent_z"":""2.277249574661255"",""faces"":""5000"",""image_height_max"":""2048"",""image_height_min"":""2048"",""image_width_max"":""2048"",""image_width_min"":""2048"",""images"":""3"",""materials"":""1"",""meshes"":""1"",""path"":""3/B071ZJ6CK3.glb"",""textures"":""3"",""vertices"":""2778""}"
123,B0723DD7Z6,6/B0723DD7Z6.glb,13.0000,0.008430,1.251962,3.068935,0.02587,2.4513,5000,2778,1,1,3,3,4096,4096,aspect_panel_like;flatness_good,faces:5000;image_res:4096x4096;materials:1;meshes:1;textures:3,,"{""3dmodel_id"":""B0723DD7Z6"",""extent_x"":""3.0689350366592407"",""extent_y"":""0.025869987905025482"",""extent_z"":""2.4512999057769775"",""faces"":""5000"",""image_height_max"":""4096"",""image_height_min"":""4096"",""image_width_max"":""4096"",""image_width_min"":""4096"",""images"":""3"",""materials"":""1"",""meshes"":""1"",""path"":""6/B0723DD7Z6.glb"",""textures"":""3"",""vertices"":""2778""}"
124,B0723DD7ZJ,J/B0723DD7ZJ.glb,13.0000,0.003971,1.579417,2.423221,0.009623,1.53425,2816,1732,1,1,3,3,2048,2048,aspect_panel_like;flatness_good,faces:2816;image_res:2048x2048;materials:1;meshes:1;textures:3,,"{""3dmodel_id"":""B0723DD7ZJ"",""extent_x"":""2.4232207536697388"",""extent_y"":""0.009622956626117231"",""extent_z"":""1.5342504978179932"",""faces"":""2816"",""image_height_max"":""2048"",""image_height_min"":""2048"",""image_width_max"":""2048"",""image_width_min"":""2048"",""images"":""3"",""materials"":""1"",""meshes"":""1"",""path"":""J/B0723DD7ZJ.glb"",""textures"":""3"",""vertices"":""1732""}"
125,B0723DDFLQ,Q/B0723DDFLQ.glb,13.0000,0.009765,1.239605,3.085716,0.030133,2.489273,5000,2778,1,1,3,3,2048,2048,aspect_panel_like;flatness_good,faces:5000;image_res:2048x2048;materials:1;meshes:1;textures:3,,"{""3dmodel_id"":""B0723DDFLQ"",""extent_x"":""3.0857162475585938"",""extent_y"":""0.030132945626974106"",""extent_z"":""2.4892733097076416"",""faces"":""5000"",""image_height_max"":""2048"",""image_height_min"":""2048"",""image_width_max"":""2048"",""image_width_min"":""2048"",""images"":""3"",""materials"":""1"",""meshes"":""1"",""path"":""Q/B0723DDFLQ.glb"",""textures"":""3"",""vertices"":""2778""}"
126,B0723DFX97,7/B0723DFX97.glb,13.0000,0.006563,1.516424,2.27222,0.014913,1.498406,2672,1410,1,1,3,3,2048,2048,aspect_panel_like;flatness_good,faces:2672;image_res:2048x2048;materials:1;meshes:1;textures:3,,"{""3dmodel_id"":""B0723DFX97"",""extent_x"":""2.2722198963165283"",""extent_y"":""0.014913270249962808"",""extent_z"":""1.4984063506126404"",""faces"":""2672"",""image_height_max"":""2048"",""image_height_min"":""2048"",""image_width_max"":""2048"",""image_width_min"":""2048"",""images"":""3"",""materials"":""1"",""meshes"":""1"",""path"":""7/B0723DFX97.glb"",""textures"":""3"",""vertices"":""1410""}"
127,B0723DG6BR,R/B0723DG6BR.glb,13.0000,0.005618,1.348485,2.2606,0.0127,1.6764,2880,1554,1,1,3,3,4096,4096,aspect_panel_like;flatness_good,faces:2880;image_res:4096x4096;materials:1;meshes:1;textures:3,,"{""3dmodel_id"":""B0723DG6BR"",""extent_x"":""2.2605998516082764"",""extent_y"":""0.01269999984651804"",""extent_z"":""1.6763999462127686"",""faces"":""2880"",""image_height_max"":""4096"",""image_height_min"":""4096"",""image_width_max"":""4096"",""image_width_min"":""4096"",""images"":""3"",""materials"":""1"",""meshes"":""1"",""path"":""R/B0723DG6BR.glb"",""textures"":""3"",""vertices"":""1554""}"
128,B0723DGNG5,5/B0723DGNG5.glb,13.0000,0.004167,1.250000,3.048,0.0127,2.4384,1344,718,1,1,3,3,4096,4096,aspect_panel_like;flatness_good,faces:1344;image_res:4096x4096;materials:1;meshes:1;textures:3,,"{""3dmodel_id"":""B0723DGNG5"",""extent_x"":""3.0479999780654907"",""extent_y"":""0.012699999846518041"",""extent_z"":""2.4384000301361084"",""faces"":""1344"",""image_height_max"":""4096"",""image_height_min"":""4096"",""image_width_max"":""4096"",""image_width_min"":""4096"",""images"":""3"",""materials"":""1"",""meshes"":""1"",""path"":""5/B0723DGNG5.glb"",""textures"":""3"",""vertices"":""718""}"
129,B0723DGNGY,Y/B0723DGNGY.glb,13.0000,0.007154,1.509136,1.801645,0.012889,1.193826,3040,1698,1,1,3,3,4096,4096,aspect_panel_like;flatness_good,faces:3040;image_res:4096x4096;materials:1;meshes:1;textures:3,,"{""3dmodel_id"":""B0723DGNGY"",""extent_x"":""1.8016445636749268"",""extent_y"":""0.012888888828456404"",""extent_z"":""1.1938255429267883"",""faces"":""3040"",""image_height_max"":""4096"",""image_height_min"":""4096"",""image_width_max"":""4096"",""image_width_min"":""4096"",""images"":""3"",""materials"":""1"",""meshes"":""1"",""path"":""Y/B0723DGNGY.glb"",""textures"":""3"",""vertices"":""1698""}"
130,B0723DGNHQ,Q/B0723DGNHQ.glb,13.0000,0.005618,1.348485,2.2606,0.0127,1.6764,2880,1554,1,1,3,3,4096,4096,aspect_panel_like;flatness_good,faces:2880;image_res:4096x4096;materials:1;meshes:1;textures:3,,"{""3dmodel_id"":""B0723DGNHQ"",""extent_x"":""2.2605998516082764"",""extent_y"":""0.01269999984651804"",""extent_z"":""1.6763999462127686"",""faces"":""2880"",""image_height_max"":""4096"",""image_height_min"":""4096"",""image_width_max"":""4096"",""image_width_min"":""4096"",""images"":""3"",""materials"":""1"",""meshes"":""1"",""path"":""Q/B0723DGNHQ.glb"",""textures"":""3"",""vertices"":""1554""}"
131,B0723DGNJ5,5/B0723DGNJ5.glb,13.0000,0.006223,1.265103,2.895149,0.018016,2.288469,6964,5159,1,1,3,3,2048,2048,aspect_panel_like;flatness_good,faces:6964;image_res:2048x2048;materials:1;meshes:1;textures:3,,"{""3dmodel_id"":""B0723DGNJ5"",""extent_x"":""2.8951494693756104"",""extent_y"":""0.018016209825873375"",""extent_z"":""2.288468837738037"",""faces"":""6964"",""image_height_max"":""2048"",""image_height_min"":""2048"",""image_width_max"":""2048"",""image_width_min"":""2048"",""images"":""3"",""materials"":""1"",""meshes"":""1"",""path"":""5/B0723DGNJ5.glb"",""textures"":""3"",""vertices"":""5159""}"
132,B0723DGNP6,6/B0723DGNP6.glb,13.0000,0.007568,1.557131,1.67822,0.0127,1.077764,2016,1086,1,1,3,3,4096,4096,aspect_panel_like;flatness_good,faces:2016;image_res:4096x4096;materials:1;meshes:1;textures:3,,"{""3dmodel_id"":""B0723DGNP6"",""extent_x"":""1.678219735622406"",""extent_y"":""0.012700000777840616"",""extent_z"":""1.0777642130851746"",""faces"":""2016"",""image_height_max"":""4096"",""image_height_min"":""4096"",""image_width_max"":""4096"",""image_width_min"":""4096"",""images"":""3"",""materials"":""1"",""meshes"":""1"",""path"":""6/B0723DGNP6.glb"",""textures"":""3"",""vertices"":""1086""}"
133,B0725Z9MWX,X/B0725Z9MWX.glb,13.0000,0.005522,1.475388,2.282962,0.012607,1.547364,500,412,1,1,3,3,2048,2048,aspect_panel_like;flatness_good,faces:500;image_res:2048x2048;materials:1;meshes:1;textures:3,,"{""3dmodel_id"":""B0725Z9MWX"",""extent_x"":""2.2829620838165283"",""extent_y"":""0.012606748379766943"",""extent_z"":""1.5473641753196716"",""faces"":""500"",""image_height_max"":""2048"",""image_height_min"":""2048"",""image_width_max"":""2048"",""image_width_min"":""2048"",""images"":""3"",""materials"":""1"",""meshes"":""1"",""path"":""X/B0725Z9MWX.glb"",""textures"":""3"",""vertices"":""412""}"
134,B0725Z9MX3,3/B0725Z9MX3.glb,13.0000,0.005522,1.475388,2.282962,0.012607,1.547364,500,412,1,1,3,3,2048,2048,aspect_panel_like;flatness_good,faces:500;image_res:2048x2048;materials:1;meshes:1;textures:3,,"{""3dmodel_id"":""B0725Z9MX3"",""extent_x"":""2.2829620838165283"",""extent_y"":""0.012606748379766943"",""extent_z"":""1.5473641753196716"",""faces"":""500"",""image_height_max"":""2048"",""image_height_min"":""2048"",""image_width_max"":""2048"",""image_width_min"":""2048"",""images"":""3"",""materials"":""1"",""meshes"":""1"",""path"":""3/B0725Z9MX3.glb"",""textures"":""3"",""vertices"":""412""}"
135,B0725Z9MXM,M/B0725Z9MXM.glb,13.0000,0.006312,3.355501,2.275643,0.014364,0.678183,11864,11245,1,1,3,3,2048,2048,aspect_panel_like;flatness_good,faces:11864;image_res:2048x2048;materials:1;meshes:1;textures:3,,"{""3dmodel_id"":""B0725Z9MXM"",""extent_x"":""2.275643467903137"",""extent_y"":""0.014364262111485004"",""extent_z"":""0.6781830191612244"",""faces"":""11864"",""image_height_max"":""2048"",""image_height_min"":""2048"",""image_width_max"":""2048"",""image_width_min"":""2048"",""images"":""3"",""materials"":""1"",""meshes"":""1"",""path"":""M/B0725Z9MXM.glb"",""textures"":""3"",""vertices"":""11245""}"
136,B072C5SJ6V,V/B072C5SJ6V.glb,13.0000,0.004513,1.397643,2.141982,0.009666,1.532568,3072,1734,1,1,3,3,2048,2048,aspect_panel_like;flatness_good,faces:3072;image_res:2048x2048;materials:1;meshes:1;textures:3,,"{""3dmodel_id"":""B072C5SJ6V"",""extent_x"":""2.1419821977615356"",""extent_y"":""0.009666379541158676"",""extent_z"":""1.5325679779052734"",""faces"":""3072"",""image_height_max"":""2048"",""image_height_min"":""2048"",""image_width_max"":""2048"",""image_width_min"":""2048"",""images"":""3"",""materials"":""1"",""meshes"":""1"",""path"":""V/B072C5SJ6V.glb"",""textures"":""3"",""vertices"":""1734""}"
137,B072C5SJ8B,B/B072C5SJ8B.glb,13.0000,0.017413,1.281416,2.873149,0.050029,2.242167,17024,8842,1,1,3,3,4096,4096,aspect_panel_like;flatness_good,faces:17024;image_res:4096x4096;materials:1;meshes:1;textures:3,,"{""3dmodel_id"":""B072C5SJ8B"",""extent_x"":""2.8731486797332764"",""extent_y"":""0.0500294491648674"",""extent_z"":""2.2421672344207764"",""faces"":""17024"",""image_height_max"":""4096"",""image_height_min"":""4096"",""image_width_max"":""4096"",""image_width_min"":""4096"",""images"":""3"",""materials"":""1"",""meshes"":""1"",""path"":""B/B072C5SJ8B.glb"",""textures"":""3"",""vertices"":""8842""}"
138,B072C5W36Q,Q/B072C5W36Q.glb,13.0000,0.006995,1.397322,2.131896,0.014913,1.525702,1776,986,1,1,3,3,2048,2048,aspect_panel_like;flatness_good,faces:1776;image_res:2048x2048;materials:1;meshes:1;textures:3,,"{""3dmodel_id"":""B072C5W36Q"",""extent_x"":""2.1318963766098022"",""extent_y"":""0.014913259074091913"",""extent_z"":""1.5257019400596619"",""faces"":""1776"",""image_height_max"":""2048"",""image_height_min"":""2048"",""image_width_max"":""2048"",""image_width_min"":""2048"",""images"":""3"",""materials"":""1"",""meshes"":""1"",""path"":""Q/B072C5W36Q.glb"",""textures"":""3"",""vertices"":""986""}"
139,B072C5WNWW,W/B072C5WNWW.glb,13.0000,0.004069,1.246904,3.032925,0.012342,2.432364,644,536,1,1,3,3,2048,2048,aspect_panel_like;flatness_good,faces:644;image_res:2048x2048;materials:1;meshes:1;textures:3,,"{""3dmodel_id"":""B072C5WNWW"",""extent_x"":""3.0329246520996094"",""extent_y"":""0.012342209927737715"",""extent_z"":""2.4323644638061523"",""faces"":""644"",""image_height_max"":""2048"",""image_height_min"":""2048"",""image_width_max"":""2048"",""image_width_min"":""2048"",""images"":""3"",""materials"":""1"",""meshes"":""1"",""path"":""W/B072C5WNWW.glb"",""textures"":""3"",""vertices"":""536""}"
140,B072C5WNZB,B/B072C5WNZB.glb,13.0000,0.007147,1.511491,1.803395,0.012889,1.193124,1328,942,1,1,3,3,4096,4096,aspect_panel_like;flatness_good,faces:1328;image_res:4096x4096;materials:1;meshes:1;textures:3,,"{""3dmodel_id"":""B072C5WNZB"",""extent_x"":""1.803395390510559"",""extent_y"":""0.012888889759778978"",""extent_z"":""1.1931235790252686"",""faces"":""1328"",""image_height_max"":""4096"",""image_height_min"":""4096"",""image_width_max"":""4096"",""image_width_min"":""4096"",""images"":""3"",""materials"":""1"",""meshes"":""1"",""path"":""B/B072C5WNZB.glb"",""textures"":""3"",""vertices"":""942""}"
141,B072C5WNZF,F/B072C5WNZF.glb,13.0000,0.005825,1.388014,2.212755,0.012889,1.594188,1328,942,1,1,3,3,4096,4096,aspect_panel_like;flatness_good,faces:1328;image_res:4096x4096;materials:1;meshes:1;textures:3,,"{""3dmodel_id"":""B072C5WNZF"",""extent_x"":""2.2127548456192017"",""extent_y"":""0.012888888828456404"",""extent_z"":""1.5941877961158752"",""faces"":""1328"",""image_height_max"":""4096"",""image_height_min"":""4096"",""image_width_max"":""4096"",""image_width_min"":""4096"",""images"":""3"",""materials"":""1"",""meshes"":""1"",""path"":""F/B072C5WNZF.glb"",""textures"":""3"",""vertices"":""942""}"
142,B072C5WNZP,P/B072C5WNZP.glb,13.0000,0.003854,1.312582,3.200291,0.012333,2.438164,4032,2372,1,1,3,3,4096,4096,aspect_panel_like;flatness_good,faces:4032;image_res:4096x4096;materials:1;meshes:1;textures:3,,"{""3dmodel_id"":""B072C5WNZP"",""extent_x"":""3.200290560722351"",""extent_y"":""0.012333258055150509"",""extent_z"":""2.4381641149520874"",""faces"":""4032"",""image_height_max"":""4096"",""image_height_min"":""4096"",""image_width_max"":""4096"",""image_width_min"":""4096"",""images"":""3"",""materials"":""1"",""meshes"":""1"",""path"":""P/B072C5WNZP.glb"",""textures"":""3"",""vertices"":""2372""}"
143,B072C5WP17,7/B072C5WP17.glb,13.0000,0.007498,3.324426,2.30101,0.017253,0.692153,3920,2315,1,1,3,3,2048,2048,aspect_panel_like;flatness_good,faces:3920;image_res:2048x2048;materials:1;meshes:1;textures:3,,"{""3dmodel_id"":""B072C5WP17"",""extent_x"":""2.301010012626648"",""extent_y"":""0.017252890393137932"",""extent_z"":""0.6921526193618774"",""faces"":""3920"",""image_height_max"":""2048"",""image_height_min"":""2048"",""image_width_max"":""2048"",""image_width_min"":""2048"",""images"":""3"",""materials"":""1"",""meshes"":""1"",""path"":""7/B072C5WP17.glb"",""textures"":""3"",""vertices"":""2315""}"
144,B072C5WP1M,M/B072C5WP1M.glb,13.0000,0.005445,1.530400,1.748241,0.00952,1.142343,1256,674,1,1,3,3,4096,4096,aspect_panel_like;flatness_good,faces:1256;image_res:4096x4096;materials:1;meshes:1;textures:3,,"{""3dmodel_id"":""B072C5WP1M"",""extent_x"":""1.7482410669326782"",""extent_y"":""0.009519523009657862"",""extent_z"":""1.142342746257782"",""faces"":""1256"",""image_height_max"":""4096"",""image_height_min"":""4096"",""image_width_max"":""4096"",""image_width_min"":""4096"",""images"":""3"",""materials"":""1"",""meshes"":""1"",""path"":""M/B072C5WP1M.glb"",""textures"":""3"",""vertices"":""674""}"
145,B072FRKS3D,D/B072FRKS3D.glb,13.0000,0.006293,3.258321,2.29416,0.014437,0.704093,1584,1342,1,1,3,3,2048,2048,aspect_panel_like;flatness_good,faces:1584;image_res:2048x2048;materials:1;meshes:1;textures:3,,"{""3dmodel_id"":""B072FRKS3D"",""extent_x"":""2.2941596508026123"",""extent_y"":""0.01443671714514494"",""extent_z"":""0.7040925621986389"",""faces"":""1584"",""image_height_max"":""2048"",""image_height_min"":""2048"",""image_width_max"":""2048"",""image_width_min"":""2048"",""images"":""3"",""materials"":""1"",""meshes"":""1"",""path"":""D/B072FRKS3D.glb"",""textures"":""3"",""vertices"":""1342""}"
146,B072FRNXPN,N/B072FRNXPN.glb,13.0000,0.006457,1.260103,3.040867,0.019636,2.413189,3712,2098,1,1,3,3,2048,2048,aspect_panel_like;flatness_good,faces:3712;image_res:2048x2048;materials:1;meshes:1;textures:3,,"{""3dmodel_id"":""B072FRNXPN"",""extent_x"":""3.0408668518066406"",""extent_y"":""0.019635967910289764"",""extent_z"":""2.41318941116333"",""faces"":""3712"",""image_height_max"":""2048"",""image_height_min"":""2048"",""image_width_max"":""2048"",""image_width_min"":""2048"",""images"":""3"",""materials"":""1"",""meshes"":""1"",""path"":""N/B072FRNXPN.glb"",""textures"":""3"",""vertices"":""2098""}"
147,B072FRNXQC,C/B072FRNXQC.glb,13.0000,0.006092,1.400262,2.134,0.013,1.524,7504,4046,1,1,3,3,4096,4096,aspect_panel_like;flatness_good,faces:7504;image_res:4096x4096;materials:1;meshes:1;textures:3,,"{""3dmodel_id"":""B072FRNXQC"",""extent_x"":""2.133999824523926"",""extent_y"":""0.012999999336898327"",""extent_z"":""1.5239999294281006"",""faces"":""7504"",""image_height_max"":""4096"",""image_height_min"":""4096"",""image_width_max"":""4096"",""image_width_min"":""4096"",""images"":""3"",""materials"":""1"",""meshes"":""1"",""path"":""C/B072FRNXQC.glb"",""textures"":""3"",""vertices"":""4046""}"
148,B072JC6R18,8/B072JC6R18.glb,13.0000,0.003707,1.972102,3.048212,0.011301,1.545666,1328,754,1,1,3,3,2048,2048,aspect_panel_like;flatness_good,faces:1328;image_res:2048x2048;materials:1;meshes:1;textures:3,,"{""3dmodel_id"":""B072JC6R18"",""extent_x"":""3.0482115745544434"",""extent_y"":""0.01130060385912657"",""extent_z"":""1.545666217803955"",""faces"":""1328"",""image_height_max"":""2048"",""image_height_min"":""2048"",""image_width_max"":""2048"",""image_width_min"":""2048"",""images"":""3"",""materials"":""1"",""meshes"":""1"",""path"":""8/B072JC6R18.glb"",""textures"":""3"",""vertices"":""754""}"
149,B072JC97G7,7/B072JC97G7.glb,13.0000,0.009820,1.504224,1.822282,0.017895,1.211443,4610,2969,1,1,3,3,2048,2048,aspect_panel_like;flatness_good,faces:4610;image_res:2048x2048;materials:1;meshes:1;textures:3,,"{""3dmodel_id"":""B072JC97G7"",""extent_x"":""1.8222824931144714"",""extent_y"":""0.017894696444272995"",""extent_z"":""1.2114431858062744"",""faces"":""4610"",""image_height_max"":""2048"",""image_height_min"":""2048"",""image_width_max"":""2048"",""image_width_min"":""2048"",""images"":""3"",""materials"":""1"",""meshes"":""1"",""path"":""7/B072JC97G7.glb"",""textures"":""3"",""vertices"":""2969""}"
150,B072JC97GZ,Z/B072JC97GZ.glb,13.0000,0.005456,1.527545,1.754138,0.009571,1.148338,1256,674,1,1,3,3,4096,4096,aspect_panel_like;flatness_good,faces:1256;image_res:4096x4096;materials:1;meshes:1;textures:3,,"{""3dmodel_id"":""B072JC97GZ"",""extent_x"":""1.7541375160217285"",""extent_y"":""0.009570721536874773"",""extent_z"":""1.1483375430107117"",""faces"":""1256"",""image_height_max"":""4096"",""image_height_min"":""4096"",""image_width_max"":""4096"",""image_width_min"":""4096"",""images"":""3"",""materials"":""1"",""meshes"":""1"",""path"":""Z/B072JC97GZ.glb"",""textures"":""3"",""vertices"":""674""}"
151,B072JC982F,F/B072JC982F.glb,13.0000,0.006319,1.500687,2.292364,0.014486,1.527543,2672,1410,1,1,3,3,2048,2048,aspect_panel_like;flatness_good,faces:2672;image_res:2048x2048;materials:1;meshes:1;textures:3,,"{""3dmodel_id"":""B072JC982F"",""extent_x"":""2.2923643589019775"",""extent_y"":""0.014486487023532392"",""extent_z"":""1.5275428295135498"",""faces"":""2672"",""image_height_max"":""2048"",""image_height_min"":""2048"",""image_width_max"":""2048"",""image_width_min"":""2048"",""images"":""3"",""materials"":""1"",""meshes"":""1"",""path"":""F/B072JC982F.glb"",""textures"":""3"",""vertices"":""1410""}"
152,B072JC983T,T/B072JC983T.glb,13.0000,0.004688,1.315303,3.204868,0.015024,2.436601,5000,2774,1,1,3,3,4096,4096,aspect_panel_like;flatness_good,faces:5000;image_res:4096x4096;materials:1;meshes:1;textures:3,,"{""3dmodel_id"":""B072JC983T"",""extent_x"":""3.2048680782318115"",""extent_y"":""0.015023627318441868"",""extent_z"":""2.4366012811660767"",""faces"":""5000"",""image_height_max"":""4096"",""image_height_min"":""4096"",""image_width_max"":""4096"",""image_width_min"":""4096"",""images"":""3"",""materials"":""1"",""meshes"":""1"",""path"":""T/B072JC983T.glb"",""textures"":""3"",""vertices"":""2774""}"
153,B072JC9844,4/B072JC9844.glb,13.0000,0.003803,1.375028,3.352886,0.01275,2.438413,576,358,1,1,3,3,4096,4096,aspect_panel_like;flatness_good,faces:576;image_res:4096x4096;materials:1;meshes:1;textures:3,,"{""3dmodel_id"":""B072JC9844"",""extent_x"":""3.352886199951172"",""extent_y"":""0.012750372290611267"",""extent_z"":""2.4384125471115112"",""faces"":""576"",""image_height_max"":""4096"",""image_height_min"":""4096"",""image_width_max"":""4096"",""image_width_min"":""4096"",""images"":""3"",""materials"":""1"",""meshes"":""1"",""path"":""4/B072JC9844.glb"",""textures"":""3"",""vertices"":""358""}"
154,B072JC9KTP,P/B072JC9KTP.glb,13.0000,0.005702,1.412610,2.260349,0.012888,1.600123,3538,1987,1,1,3,3,4096,4096,aspect_panel_like;flatness_good,faces:3538;image_res:4096x4096;materials:1;meshes:1;textures:3,,"{""3dmodel_id"":""B072JC9KTP"",""extent_x"":""2.2603485584259033"",""extent_y"":""0.01288789324462414"",""extent_z"":""1.6001225113868713"",""faces"":""3538"",""image_height_max"":""4096"",""image_height_min"":""4096"",""image_width_max"":""4096"",""image_width_min"":""4096"",""images"":""3"",""materials"":""1"",""meshes"":""1"",""path"":""P/B072JC9KTP.glb"",""textures"":""3"",""vertices"":""1987""}"
155,B072JC9KX4,4/B072JC9KX4.glb,13.0000,0.004187,1.249704,3.047615,0.012759,2.438669,105792,84986,1,1,3,3,4096,4096,aspect_panel_like;flatness_good,faces:105792;image_res:4096x4096;materials:1;meshes:1;textures:3,,"{""3dmodel_id"":""B072JC9KX4"",""extent_x"":""3.0476149320602417"",""extent_y"":""0.012758852913975717"",""extent_z"":""2.4386686086654663"",""faces"":""105792"",""image_height_max"":""4096"",""image_height_min"":""4096"",""image_width_max"":""4096"",""image_width_min"":""4096"",""images"":""3"",""materials"":""1"",""meshes"":""1"",""path"":""4/B072JC9KX4.glb"",""textures"":""3"",""vertices"":""84986""}"
156,B072JC9KZC,C/B072JC9KZC.glb,13.0000,0.005706,1.533333,1.7526,0.01,1.143,4800,2594,1,1,3,3,4096,4096,aspect_panel_like;flatness_good,faces:4800;image_res:4096x4096;materials:1;meshes:1;textures:3,,"{""3dmodel_id"":""B072JC9KZC"",""extent_x"":""1.7525998950004578"",""extent_y"":""0.009999999776482584"",""extent_z"":""1.1430000066757202"",""faces"":""4800"",""image_height_max"":""4096"",""image_height_min"":""4096"",""image_width_max"":""4096"",""image_width_min"":""4096"",""images"":""3"",""materials"":""1"",""meshes"":""1"",""path"":""C/B072JC9KZC.glb"",""textures"":""3"",""vertices"":""2594""}"
157,B072LXZ641,1/B072LXZ641.glb,13.0000,0.003923,1.604104,2.429528,0.009532,1.51457,1328,754,1,1,3,3,4096,4096,aspect_panel_like;flatness_good,faces:1328;image_res:4096x4096;materials:1;meshes:1;textures:3,,"{""3dmodel_id"":""B072LXZ641"",""extent_x"":""2.429527997970581"",""extent_y"":""0.009531905874609949"",""extent_z"":""1.5145703554153442"",""faces"":""1328"",""image_height_max"":""4096"",""image_height_min"":""4096"",""image_width_max"":""4096"",""image_width_min"":""4096"",""images"":""3"",""materials"":""1"",""meshes"":""1"",""path"":""1/B072LXZ641.glb"",""textures"":""3"",""vertices"":""754""}"
158,B072LXZ653,3/B072LXZ653.glb,13.0000,0.003477,1.599531,2.445951,0.008504,1.529167,2164,1168,1,1,3,3,2048,2048,aspect_panel_like;flatness_good,faces:2164;image_res:2048x2048;materials:1;meshes:1;textures:3,,"{""3dmodel_id"":""B072LXZ653"",""extent_x"":""2.445950984954834"",""extent_y"":""0.00850391946732998"",""extent_z"":""1.5291674137115479"",""faces"":""2164"",""image_height_max"":""2048"",""image_height_min"":""2048"",""image_width_max"":""2048"",""image_width_min"":""2048"",""images"":""3"",""materials"":""1"",""meshes"":""1"",""path"":""3/B072LXZ653.glb"",""textures"":""3"",""vertices"":""1168""}"
159,B072LY32T7,7/B072LY32T7.glb,13.0000,0.008162,1.479735,1.250275,0.0151,1.850075,4610,2861,1,1,3,3,2048,2048,aspect_panel_like;flatness_good,faces:4610;image_res:2048x2048;materials:1;meshes:1;textures:3,,"{""3dmodel_id"":""B072LY32T7"",""extent_x"":""1.250274896621704"",""extent_y"":""0.015100176446139814"",""extent_z"":""1.850075125694275"",""faces"":""4610"",""image_height_max"":""2048"",""image_height_min"":""2048"",""image_width_max"":""2048"",""image_width_min"":""2048"",""images"":""3"",""materials"":""1"",""meshes"":""1"",""path"":""7/B072LY32T7.glb"",""textures"":""3"",""vertices"":""2861""}"
160,B072LY32TR,R/B072LY32TR.glb,13.0000,0.005955,1.401033,2.132779,0.0127,1.52229,1256,674,1,1,3,3,4096,4096,aspect_panel_like;flatness_good,faces:1256;image_res:4096x4096;materials:1;meshes:1;textures:3,,"{""3dmodel_id"":""B072LY32TR"",""extent_x"":""2.132778525352478"",""extent_y"":""0.012699999846518041"",""extent_z"":""1.5222899913787842"",""faces"":""1256"",""image_height_max"":""4096"",""image_height_min"":""4096"",""image_width_max"":""4096"",""image_width_min"":""4096"",""images"":""3"",""materials"":""1"",""meshes"":""1"",""path"":""R/B072LY32TR.glb"",""textures"":""3"",""vertices"":""674""}"
161,B072LY33WR,R/B072LY33WR.glb,13.0000,0.005391,1.374281,3.342155,0.018016,2.43193,6964,5159,1,1,3,3,2048,2048,aspect_panel_like;flatness_good,faces:6964;image_res:2048x2048;materials:1;meshes:1;textures:3,,"{""3dmodel_id"":""B072LY33WR"",""extent_x"":""3.342154860496521"",""extent_y"":""0.018016207963228226"",""extent_z"":""2.431929588317871"",""faces"":""6964"",""image_height_max"":""2048"",""image_height_min"":""2048"",""image_width_max"":""2048"",""image_width_min"":""2048"",""images"":""3"",""materials"":""1"",""meshes"":""1"",""path"":""R/B072LY33WR.glb"",""textures"":""3"",""vertices"":""5159""}"
162,B072LY33XF,F/B072LY33XF.glb,13.0000,0.004687,1.400000,2.1336,0.01,1.524,4800,2594,1,1,3,3,4096,4096,aspect_panel_like;flatness_good,faces:4800;image_res:4096x4096;materials:1;meshes:1;textures:3,,"{""3dmodel_id"":""B072LY33XF"",""extent_x"":""2.133599877357483"",""extent_y"":""0.009999999776482584"",""extent_z"":""1.5239999294281006"",""faces"":""4800"",""image_height_max"":""4096"",""image_height_min"":""4096"",""image_width_max"":""4096"",""image_width_min"":""4096"",""images"":""3"",""materials"":""1"",""meshes"":""1"",""path"":""F/B072LY33XF.glb"",""textures"":""3"",""vertices"":""2594""}"
163,B072LY342X,X/B072LY342X.glb,13.0000,0.005862,1.234512,3.03884,0.017813,2.461571,4160,2282,1,1,3,3,2048,2048,aspect_panel_like;flatness_good,faces:4160;image_res:2048x2048;materials:1;meshes:1;textures:3,,"{""3dmodel_id"":""B072LY342X"",""extent_x"":""3.0388399362564087"",""extent_y"":""0.01781332865357399"",""extent_z"":""2.461571216583252"",""faces"":""4160"",""image_height_max"":""2048"",""image_height_min"":""2048"",""image_width_max"":""2048"",""image_width_min"":""2048"",""images"":""3"",""materials"":""1"",""meshes"":""1"",""path"":""X/B072LY342X.glb"",""textures"":""3"",""vertices"":""2282""}"
164,B072PVT8Z8,8/B072PVT8Z8.glb,13.0000,0.007520,1.569740,1.667226,0.012537,1.062103,7468,4178,1,1,3,3,4096,4096,aspect_panel_like;flatness_good,faces:7468;image_res:4096x4096;materials:1;meshes:1;textures:3,,"{""3dmodel_id"":""B072PVT8Z8"",""extent_x"":""1.6672258973121643"",""extent_y"":""0.012536969035863876"",""extent_z"":""1.0621029138565063"",""faces"":""7468"",""image_height_max"":""4096"",""image_height_min"":""4096"",""image_width_max"":""4096"",""image_width_min"":""4096"",""images"":""3"",""materials"":""1"",""meshes"":""1"",""path"":""8/B072PVT8Z8.glb"",""textures"":""3"",""vertices"":""4178""}"
165,B072PW7DQN,N/B072PW7DQN.glb,13.0000,0.007291,2.999741,2.438505,0.01778,0.812905,2964,1604,1,1,3,3,2048,2048,aspect_panel_like;flatness_good,faces:2964;image_res:2048x2048;materials:1;meshes:1;textures:3,,"{""3dmodel_id"":""B072PW7DQN"",""extent_x"":""2.438504934310913"",""extent_y"":""0.0177800003439188"",""extent_z"":""0.8129051625728607"",""faces"":""2964"",""image_height_max"":""2048"",""image_height_min"":""2048"",""image_width_max"":""2048"",""image_width_min"":""2048"",""images"":""3"",""materials"":""1"",""meshes"":""1"",""path"":""N/B072PW7DQN.glb"",""textures"":""3"",""vertices"":""1604""}"
166,B072PW7DW9,9/B072PW7DW9.glb,13.0000,0.003902,1.595601,2.439848,0.009519,1.529109,21237,20752,1,1,3,3,4096,4096,aspect_panel_like;flatness_good,faces:21237;image_res:4096x4096;materials:1;meshes:1;textures:3,,"{""3dmodel_id"":""B072PW7DW9"",""extent_x"":""2.4398481845855713"",""extent_y"":""0.009519249200820925"",""extent_z"":""1.5291094779968262"",""faces"":""21237"",""image_height_max"":""4096"",""image_height_min"":""4096"",""image_width_max"":""4096"",""image_width_min"":""4096"",""images"":""3"",""materials"":""1"",""meshes"":""1"",""path"":""9/B072PW7DW9.glb"",""textures"":""3"",""vertices"":""20752""}"
167,B072PW7DXX,X/B072PW7DXX.glb,13.0000,0.003385,1.383458,2.18385,0.007392,1.578545,1236,666,1,1,3,3,2048,2048,aspect_panel_like;flatness_good,faces:1236;image_res:2048x2048;materials:1;meshes:1;textures:3,,"{""3dmodel_id"":""B072PW7DXX"",""extent_x"":""2.1838499307632446"",""extent_y"":""0.007391523569822312"",""extent_z"":""1.5785449147224426"",""faces"":""1236"",""image_height_max"":""2048"",""image_height_min"":""2048"",""image_width_max"":""2048"",""image_width_min"":""2048"",""images"":""3"",""materials"":""1"",""meshes"":""1"",""path"":""X/B072PW7DXX.glb"",""textures"":""3"",""vertices"":""666""}"
168,B072PX31T8,8/B072PX31T8.glb,13.0000,0.007011,1.502348,1.840139,0.012902,1.224842,4610,2969,1,1,3,3,4096,4096,aspect_panel_like;flatness_good,faces:4610;image_res:4096x4096;materials:1;meshes:1;textures:3,,"{""3dmodel_id"":""B072PX31T8"",""extent_x"":""1.840138554573059"",""extent_y"":""0.012902065180242062"",""extent_z"":""1.224842131137848"",""faces"":""4610"",""image_height_max"":""4096"",""image_height_min"":""4096"",""image_width_max"":""4096"",""image_width_min"":""4096"",""images"":""3"",""materials"":""1"",""meshes"":""1"",""path"":""8/B072PX31T8.glb"",""textures"":""3"",""vertices"":""2969""}"
169,B072PX4GR1,1/B072PX4GR1.glb,13.0000,0.003799,1.250000,3.048,0.011581,2.4384,1654,971,1,1,3,3,4096,4096,aspect_panel_like;flatness_good,faces:1654;image_res:4096x4096;materials:1;meshes:1;textures:3,,"{""3dmodel_id"":""B072PX4GR1"",""extent_x"":""3.047999858856201"",""extent_y"":""0.01158053055405617"",""extent_z"":""2.4384000301361084"",""faces"":""1654"",""image_height_max"":""4096"",""image_height_min"":""4096"",""image_width_max"":""4096"",""image_width_min"":""4096"",""images"":""3"",""materials"":""1"",""meshes"":""1"",""path"":""1/B072PX4GR1.glb"",""textures"":""3"",""vertices"":""971""}"
170,B072PXBV55,5/B072PXBV55.glb,13.0000,0.004835,1.251761,2.945183,0.01424,2.352833,3072,1734,1,1,3,3,2048,2048,aspect_panel_like;flatness_good,faces:3072;image_res:2048x2048;materials:1;meshes:1;textures:3,,"{""3dmodel_id"":""B072PXBV55"",""extent_x"":""2.9451831579208374"",""extent_y"":""0.0142404455691576"",""extent_z"":""2.352832555770874"",""faces"":""3072"",""image_height_max"":""2048"",""image_height_min"":""2048"",""image_width_max"":""2048"",""image_width_min"":""2048"",""images"":""3"",""materials"":""1"",""meshes"":""1"",""path"":""5/B072PXBV55.glb"",""textures"":""3"",""vertices"":""1734""}"
171,B072PXBV6F,F/B072PXBV6F.glb,13.0000,0.009348,1.257847,2.93292,0.027416,2.331699,11226,6448,1,1,3,3,4096,4096,aspect_panel_like;flatness_good,faces:11226;image_res:4096x4096;materials:1;meshes:1;textures:3,,"{""3dmodel_id"":""B072PXBV6F"",""extent_x"":""2.932919502258301"",""extent_y"":""0.027416285127401355"",""extent_z"":""2.3316988945007324"",""faces"":""11226"",""image_height_max"":""4096"",""image_height_min"":""4096"",""image_width_max"":""4096"",""image_width_min"":""4096"",""images"":""3"",""materials"":""1"",""meshes"":""1"",""path"":""F/B072PXBV6F.glb"",""textures"":""3"",""vertices"":""6448""}"
172,B072PXBV6W,W/B072PXBV6W.glb,13.0000,0.003094,1.270749,2.938658,0.009093,2.31254,3208,1712,1,1,3,3,2048,2048,aspect_panel_like;flatness_good,faces:3208;image_res:2048x2048;materials:1;meshes:1;textures:3,,"{""3dmodel_id"":""B072PXBV6W"",""extent_x"":""2.938657760620117"",""extent_y"":""0.009092600084841251"",""extent_z"":""2.31253981590271"",""faces"":""3208"",""image_height_max"":""2048"",""image_height_min"":""2048"",""image_width_max"":""2048"",""image_width_min"":""2048"",""images"":""3"",""materials"":""1"",""meshes"":""1"",""path"":""W/B072PXBV6W.glb"",""textures"":""3"",""vertices"":""1712""}"
173,B072PXBV7X,X/B072PXBV7X.glb,13.0000,0.004415,1.482966,1.813439,0.008007,1.222846,5192,6489,1,1,3,3,4096,4096,aspect_panel_like;flatness_good,faces:5192;image_res:4096x4096;materials:1;meshes:1;textures:3,,"{""3dmodel_id"":""B072PXBV7X"",""extent_x"":""1.8134390115737915"",""extent_y"":""0.008006584830582142"",""extent_z"":""1.2228463292121887"",""faces"":""5192"",""image_height_max"":""4096"",""image_height_min"":""4096"",""image_width_max"":""4096"",""image_width_min"":""4096"",""images"":""3"",""materials"":""1"",""meshes"":""1"",""path"":""X/B072PXBV7X.glb"",""textures"":""3"",""vertices"":""6489""}"
174,B0732D26B2,2/B0732D26B2.glb,13.0000,0.003713,1.481244,1.815279,0.006741,1.22551,2720,1542,1,1,3,3,2048,2048,aspect_panel_like;flatness_good,faces:2720;image_res:2048x2048;materials:1;meshes:1;textures:3,,"{""3dmodel_id"":""B0732D26B2"",""extent_x"":""1.8152794241905212"",""extent_y"":""0.006740877404808999"",""extent_z"":""1.2255099415779114"",""faces"":""2720"",""image_height_max"":""2048"",""image_height_min"":""2048"",""image_width_max"":""2048"",""image_width_min"":""2048"",""images"":""3"",""materials"":""1"",""meshes"":""1"",""path"":""2/B0732D26B2.glb"",""textures"":""3"",""vertices"":""1542""}"
175,B0732D26BZ,Z/B0732D26BZ.glb,13.0000,0.005662,1.600000,2.4384,0.013807,1.524,2928,1694,1,1,3,3,4096,4096,aspect_panel_like;flatness_good,faces:2928;image_res:4096x4096;materials:1;meshes:1;textures:3,,"{""3dmodel_id"":""B0732D26BZ"",""extent_x"":""2.438399910926819"",""extent_y"":""0.01380709931254387"",""extent_z"":""1.5239999294281006"",""faces"":""2928"",""image_height_max"":""4096"",""image_height_min"":""4096"",""image_width_max"":""4096"",""image_width_min"":""4096"",""images"":""3"",""materials"":""1"",""meshes"":""1"",""path"":""Z/B0732D26BZ.glb"",""textures"":""3"",""vertices"":""1694""}"
176,B0732D26C3,3/B0732D26C3.glb,13.0000,0.006049,1.224511,2.975647,0.018,2.430069,1092,616,1,1,3,3,2048,2048,aspect_panel_like;flatness_good,faces:1092;image_res:2048x2048;materials:1;meshes:1;textures:3,,"{""3dmodel_id"":""B0732D26C3"",""extent_x"":""2.97564697265625"",""extent_y"":""0.018000002950429916"",""extent_z"":""2.4300694465637207"",""faces"":""1092"",""image_height_max"":""2048"",""image_height_min"":""2048"",""image_width_max"":""2048"",""image_width_min"":""2048"",""images"":""3"",""materials"":""1"",""meshes"":""1"",""path"":""3/B0732D26C3.glb"",""textures"":""3"",""vertices"":""616""}"
177,B0732DDNKH,H/B0732DDNKH.glb,13.0000,0.003916,1.381679,3.306859,0.012951,2.393364,716,448,1,1,3,3,2048,2048,aspect_panel_like;flatness_good,faces:716;image_res:2048x2048;materials:1;meshes:1;textures:3,,"{""3dmodel_id"":""B0732DDNKH"",""extent_x"":""3.3068593740463257"",""extent_y"":""0.012950761243700983"",""extent_z"":""2.39336359500885"",""faces"":""716"",""image_height_max"":""2048"",""image_height_min"":""2048"",""image_width_max"":""2048"",""image_width_min"":""2048"",""images"":""3"",""materials"":""1"",""meshes"":""1"",""path"":""H/B0732DDNKH.glb"",""textures"":""3"",""vertices"":""448""}"
178,B0732DDNLY,Y/B0732DDNLY.glb,13.0000,0.007089,3.194311,2.439486,0.017294,0.763697,676,395,1,1,3,3,2048,2048,aspect_panel_like;flatness_good,faces:676;image_res:2048x2048;materials:1;meshes:1;textures:3,,"{""3dmodel_id"":""B0732DDNLY"",""extent_x"":""2.439486026763916"",""extent_y"":""0.01729436218738556"",""extent_z"":""0.7636971473693848"",""faces"":""676"",""image_height_max"":""2048"",""image_height_min"":""2048"",""image_width_max"":""2048"",""image_width_min"":""2048"",""images"":""3"",""materials"":""1"",""meshes"":""1"",""path"":""Y/B0732DDNLY.glb"",""textures"":""3"",""vertices"":""395""}"
179,B0732DDNMQ,Q/B0732DDNMQ.glb,13.0000,0.007550,1.500000,1.8288,0.013807,1.2192,2832,1602,1,1,3,3,4096,4096,aspect_panel_like;flatness_good,faces:2832;image_res:4096x4096;materials:1;meshes:1;textures:3,,"{""3dmodel_id"":""B0732DDNMQ"",""extent_x"":""1.8288000226020813"",""extent_y"":""0.01380709931254387"",""extent_z"":""1.2192000150680542"",""faces"":""2832"",""image_height_max"":""4096"",""image_height_min"":""4096"",""image_width_max"":""4096"",""image_width_min"":""4096"",""images"":""3"",""materials"":""1"",""meshes"":""1"",""path"":""Q/B0732DDNMQ.glb"",""textures"":""3"",""vertices"":""1602""}"
180,B0732DWG74,4/B0732DWG74.glb,13.0000,0.005065,3.201378,2.430147,0.012308,0.759094,1712,974,1,1,3,3,2048,2048,aspect_panel_like;flatness_good,faces:1712;image_res:2048x2048;materials:1;meshes:1;textures:3,,"{""3dmodel_id"":""B0732DWG74"",""extent_x"":""2.4301466941833496"",""extent_y"":""0.01230802107602358"",""extent_z"":""0.7590939402580261"",""faces"":""1712"",""image_height_max"":""2048"",""image_height_min"":""2048"",""image_width_max"":""2048"",""image_width_min"":""2048"",""images"":""3"",""materials"":""1"",""meshes"":""1"",""path"":""4/B0732DWG74.glb"",""textures"":""3"",""vertices"":""974""}"
181,B0732DWG8K,K/B0732DWG8K.glb,13.0000,0.005211,2.702526,2.471106,0.012877,0.914369,736,504,1,1,3,3,2048,2048,aspect_panel_like;flatness_good,faces:736;image_res:2048x2048;materials:1;meshes:1;textures:3,,"{""3dmodel_id"":""B0732DWG8K"",""extent_x"":""2.4711062908172607"",""extent_y"":""0.012877099215984346"",""extent_z"":""0.9143691658973694"",""faces"":""736"",""image_height_max"":""2048"",""image_height_min"":""2048"",""image_width_max"":""2048"",""image_width_min"":""2048"",""images"":""3"",""materials"":""1"",""meshes"":""1"",""path"":""K/B0732DWG8K.glb"",""textures"":""3"",""vertices"":""504""}"
182,B0732FTB3W,W/B0732FTB3W.glb,13.0000,0.013967,1.602979,2.438459,0.034058,1.521204,9500,4949,1,1,3,3,2048,2048,aspect_panel_like;flatness_good,faces:9500;image_res:2048x2048;materials:1;meshes:1;textures:3,,"{""3dmodel_id"":""B0732FTB3W"",""extent_x"":""2.4384586811065674"",""extent_y"":""0.034058119803667075"",""extent_z"":""1.5212042331695557"",""faces"":""9500"",""image_height_max"":""2048"",""image_height_min"":""2048"",""image_width_max"":""2048"",""image_width_min"":""2048"",""images"":""3"",""materials"":""1"",""meshes"":""1"",""path"":""W/B0732FTB3W.glb"",""textures"":""3"",""vertices"":""4949""}"
183,B0732FTB61,1/B0732FTB61.glb,13.0000,0.006959,1.257824,3.057297,0.021275,2.430624,848,474,1,1,3,3,2048,2048,aspect_panel_like;flatness_good,faces:848;image_res:2048x2048;materials:1;meshes:1;textures:3,,"{""3dmodel_id"":""B0732FTB61"",""extent_x"":""3.0572973489761353"",""extent_y"":""0.021275099366903305"",""extent_z"":""2.4306238889694214"",""faces"":""848"",""image_height_max"":""2048"",""image_height_min"":""2048"",""image_width_max"":""2048"",""image_width_min"":""2048"",""images"":""3"",""materials"":""1"",""meshes"":""1"",""path"":""1/B0732FTB61.glb"",""textures"":""3"",""vertices"":""474""}"
184,B0732FTB7M,M/B0732FTB7M.glb,13.0000,0.004460,1.250139,3.048141,0.013595,2.438242,1152,663,1,1,3,3,2048,2048,aspect_panel_like;flatness_good,faces:1152;image_res:2048x2048;materials:1;meshes:1;textures:3,,"{""3dmodel_id"":""B0732FTB7M"",""extent_x"":""3.0481414794921875"",""extent_y"":""0.013594849035143852"",""extent_z"":""2.438241720199585"",""faces"":""1152"",""image_height_max"":""2048"",""image_height_min"":""2048"",""image_width_max"":""2048"",""image_width_min"":""2048"",""images"":""3"",""materials"":""1"",""meshes"":""1"",""path"":""M/B0732FTB7M.glb"",""textures"":""3"",""vertices"":""663""}"
185,B0732FVYR7,7/B0732FVYR7.glb,13.0000,0.003163,1.238061,3.036793,0.009605,2.452861,4992,2741,1,1,3,3,2048,2048,aspect_panel_like;flatness_good,faces:4992;image_res:2048x2048;materials:1;meshes:1;textures:3,,"{""3dmodel_id"":""B0732FVYR7"",""extent_x"":""3.036792516708374"",""extent_y"":""0.009605069644749166"",""extent_z"":""2.4528614282608032"",""faces"":""4992"",""image_height_max"":""2048"",""image_height_min"":""2048"",""image_width_max"":""2048"",""image_width_min"":""2048"",""images"":""3"",""materials"":""1"",""meshes"":""1"",""path"":""7/B0732FVYR7.glb"",""textures"":""3"",""vertices"":""2741""}"
186,B0732GFWJF,F/B0732GFWJF.glb,13.0000,0.008750,1.588159,2.442719,0.021374,1.538083,1868,1030,1,1,3,3,2048,2048,aspect_panel_like;flatness_good,faces:1868;image_res:2048x2048;materials:1;meshes:1;textures:3,,"{""3dmodel_id"":""B0732GFWJF"",""extent_x"":""2.442719340324402"",""extent_y"":""0.021374395117163658"",""extent_z"":""1.5380825400352478"",""faces"":""1868"",""image_height_max"":""2048"",""image_height_min"":""2048"",""image_width_max"":""2048"",""image_width_min"":""2048"",""images"":""3"",""materials"":""1"",""meshes"":""1"",""path"":""F/B0732GFWJF.glb"",""textures"":""3"",""vertices"":""1030""}"
187,B0732GQW2Q,Q/B0732GQW2Q.glb,13.0000,0.003758,1.512298,1.918302,0.007209,1.268468,3444,1917,1,1,3,3,2048,2048,aspect_panel_like;flatness_good,faces:3444;image_res:2048x2048;materials:1;meshes:1;textures:3,,"{""3dmodel_id"":""B0732GQW2Q"",""extent_x"":""1.91830176115036"",""extent_y"":""0.007208739873021842"",""extent_z"":""1.2684680223464966"",""faces"":""3444"",""image_height_max"":""2048"",""image_height_min"":""2048"",""image_width_max"":""2048"",""image_width_min"":""2048"",""images"":""3"",""materials"":""1"",""meshes"":""1"",""path"":""Q/B0732GQW2Q.glb"",""textures"":""3"",""vertices"":""1917""}"
188,B0732HD6Y3,3/B0732HD6Y3.glb,13.0000,0.003098,1.498777,1.84999,0.005731,1.234333,4992,2627,1,1,3,3,2048,2048,aspect_panel_like;flatness_good,faces:4992;image_res:2048x2048;materials:1;meshes:1;textures:3,,"{""3dmodel_id"":""B0732HD6Y3"",""extent_x"":""1.849989891052246"",""extent_y"":""0.005731363315135241"",""extent_z"":""1.2343326807022095"",""faces"":""4992"",""image_height_max"":""2048"",""image_height_min"":""2048"",""image_width_max"":""2048"",""image_width_min"":""2048"",""images"":""3"",""materials"":""1"",""meshes"":""1"",""path"":""3/B0732HD6Y3.glb"",""textures"":""3"",""vertices"":""2627""}"
189,B0732HNJHX,X/B0732HNJHX.glb,13.0000,0.006049,1.224511,2.975647,0.018,2.430069,1092,616,1,1,3,3,2048,2048,aspect_panel_like;flatness_good,faces:1092;image_res:2048x2048;materials:1;meshes:1;textures:3,,"{""3dmodel_id"":""B0732HNJHX"",""extent_x"":""2.97564697265625"",""extent_y"":""0.017999999225139618"",""extent_z"":""2.4300694465637207"",""faces"":""1092"",""image_height_max"":""2048"",""image_height_min"":""2048"",""image_width_max"":""2048"",""image_width_min"":""2048"",""images"":""3"",""materials"":""1"",""meshes"":""1"",""path"":""X/B0732HNJHX.glb"",""textures"":""3"",""vertices"":""616""}"
190,B0732HV63M,M/B0732HV63M.glb,13.0000,0.004835,1.603099,2.439688,0.011795,1.521857,2080,1351,1,1,3,3,2048,2048,aspect_panel_like;flatness_good,faces:2080;image_res:2048x2048;materials:1;meshes:1;textures:3,,"{""3dmodel_id"":""B0732HV63M"",""extent_x"":""2.439687967300415"",""extent_y"":""0.01179500948637724"",""extent_z"":""1.5218572616577148"",""faces"":""2080"",""image_height_max"":""2048"",""image_height_min"":""2048"",""image_width_max"":""2048"",""image_width_min"":""2048"",""images"":""3"",""materials"":""1"",""meshes"":""1"",""path"":""M/B0732HV63M.glb"",""textures"":""3"",""vertices"":""1351""}"
191,B0732HV63Q,Q/B0732HV63Q.glb,13.0000,0.004945,1.583056,2.431391,0.012024,1.535884,1148,708,1,1,3,3,2048,2048,aspect_panel_like;flatness_good,faces:1148;image_res:2048x2048;materials:1;meshes:1;textures:3,,"{""3dmodel_id"":""B0732HV63Q"",""extent_x"":""2.4313905239105225"",""extent_y"":""0.012024407275021076"",""extent_z"":""1.5358840823173523"",""faces"":""1148"",""image_height_max"":""2048"",""image_height_min"":""2048"",""image_width_max"":""2048"",""image_width_min"":""2048"",""images"":""3"",""materials"":""1"",""meshes"":""1"",""path"":""Q/B0732HV63Q.glb"",""textures"":""3"",""vertices"":""708""}"
192,B0732HXZQW,W/B0732HXZQW.glb,13.0000,0.003566,1.261312,3.078091,0.010977,2.440389,2720,1542,1,1,3,3,2048,2048,aspect_panel_like;flatness_good,faces:2720;image_res:2048x2048;materials:1;meshes:1;textures:3,,"{""3dmodel_id"":""B0732HXZQW"",""extent_x"":""3.078091025352478"",""extent_y"":""0.01097679976373911"",""extent_z"":""2.440388560295105"",""faces"":""2720"",""image_height_max"":""2048"",""image_height_min"":""2048"",""image_width_max"":""2048"",""image_width_min"":""2048"",""images"":""3"",""materials"":""1"",""meshes"":""1"",""path"":""W/B0732HXZQW.glb"",""textures"":""3"",""vertices"":""1542""}"
193,B0732J9VG6,6/B0732J9VG6.glb,13.0000,0.003091,1.502086,1.854073,0.005731,1.234333,5144,2771,1,1,3,3,2048,2048,aspect_panel_like;flatness_good,faces:5144;image_res:2048x2048;materials:1;meshes:1;textures:3,,"{""3dmodel_id"":""B0732J9VG6"",""extent_x"":""1.8540732860565186"",""extent_y"":""0.005731363315135241"",""extent_z"":""1.2343326807022095"",""faces"":""5144"",""image_height_max"":""2048"",""image_height_min"":""2048"",""image_width_max"":""2048"",""image_width_min"":""2048"",""images"":""3"",""materials"":""1"",""meshes"":""1"",""path"":""6/B0732J9VG6.glb"",""textures"":""3"",""vertices"":""2771""}"
194,B0732JF3ZT,T/B0732JF3ZT.glb,13.0000,0.007550,1.500000,1.8288,0.013807,1.2192,2832,1602,1,1,3,3,4096,4096,aspect_panel_like;flatness_good,faces:2832;image_res:4096x4096;materials:1;meshes:1;textures:3,,"{""3dmodel_id"":""B0732JF3ZT"",""extent_x"":""1.8288000226020813"",""extent_y"":""0.01380709931254387"",""extent_z"":""1.2192000150680542"",""faces"":""2832"",""image_height_max"":""4096"",""image_height_min"":""4096"",""image_width_max"":""4096"",""image_width_min"":""4096"",""images"":""3"",""materials"":""1"",""meshes"":""1"",""path"":""T/B0732JF3ZT.glb"",""textures"":""3"",""vertices"":""1602""}"
195,B0732JF64K,K/B0732JF64K.glb,13.0000,0.009688,1.256320,3.051821,0.029566,2.429174,9500,4950,1,1,3,3,2048,2048,aspect_panel_like;flatness_good,faces:9500;image_res:2048x2048;materials:1;meshes:1;textures:3,,"{""3dmodel_id"":""B0732JF64K"",""extent_x"":""3.051821231842041"",""extent_y"":""0.029565567150712013"",""extent_z"":""2.4291741847991943"",""faces"":""9500"",""image_height_max"":""2048"",""image_height_min"":""2048"",""image_width_max"":""2048"",""image_width_min"":""2048"",""images"":""3"",""materials"":""1"",""meshes"":""1"",""path"":""K/B0732JF64K.glb"",""textures"":""3"",""vertices"":""4950""}"
196,B0732JF64T,T/B0732JF64T.glb,13.0000,0.003104,1.314100,3.061424,0.009504,2.329673,6080,3312,1,1,3,3,2048,2048,aspect_panel_like;flatness_good,faces:6080;image_res:2048x2048;materials:1;meshes:1;textures:3,,"{""3dmodel_id"":""B0732JF64T"",""extent_x"":""3.061424493789673"",""extent_y"":""0.009504012763500215"",""extent_z"":""2.3296730518341064"",""faces"":""6080"",""image_height_max"":""2048"",""image_height_min"":""2048"",""image_width_max"":""2048"",""image_width_min"":""2048"",""images"":""3"",""materials"":""1"",""meshes"":""1"",""path"":""T/B0732JF64T.glb"",""textures"":""3"",""vertices"":""3312""}"
197,B0732JLK97,7/B0732JLK97.glb,13.0000,0.007550,1.500000,1.8288,0.013807,1.2192,2832,1602,1,1,3,3,4096,4096,aspect_panel_like;flatness_good,faces:2832;image_res:4096x4096;materials:1;meshes:1;textures:3,,"{""3dmodel_id"":""B0732JLK97"",""extent_x"":""1.8288000226020813"",""extent_y"":""0.01380709931254387"",""extent_z"":""1.2192000150680542"",""faces"":""2832"",""image_height_max"":""4096"",""image_height_min"":""4096"",""image_width_max"":""4096"",""image_width_min"":""4096"",""images"":""3"",""materials"":""1"",""meshes"":""1"",""path"":""7/B0732JLK97.glb"",""textures"":""3"",""vertices"":""1602""}"
198,B0732JLK9B,B/B0732JLK9B.glb,13.0000,0.005662,1.600000,2.4384,0.013807,1.524,2832,1602,1,1,3,3,4096,4096,aspect_panel_like;flatness_good,faces:2832;image_res:4096x4096;materials:1;meshes:1;textures:3,,"{""3dmodel_id"":""B0732JLK9B"",""extent_x"":""2.438399910926819"",""extent_y"":""0.01380709931254387"",""extent_z"":""1.5239999294281006"",""faces"":""2832"",""image_height_max"":""4096"",""image_height_min"":""4096"",""image_width_max"":""4096"",""image_width_min"":""4096"",""images"":""3"",""materials"":""1"",""meshes"":""1"",""path"":""B/B0732JLK9B.glb"",""textures"":""3"",""vertices"":""1602""}"
199,B0732K1SFZ,Z/B0732K1SFZ.glb,13.0000,0.006711,1.249159,3.067787,0.020589,2.455881,1772,1041,1,1,3,3,2048,2048,aspect_panel_like;flatness_good,faces:1772;image_res:2048x2048;materials:1;meshes:1;textures:3,,"{""3dmodel_id"":""B0732K1SFZ"",""extent_x"":""3.0677865743637085"",""extent_y"":""0.020589139312505722"",""extent_z"":""2.455880880355835"",""faces"":""1772"",""image_height_max"":""2048"",""image_height_min"":""2048"",""image_width_max"":""2048"",""image_width_min"":""2048"",""images"":""3"",""materials"":""1"",""meshes"":""1"",""path"":""Z/B0732K1SFZ.glb"",""textures"":""3"",""vertices"":""1041""}"
200,B0732K1SGB,B/B0732K1SGB.glb,13.0000,0.004381,1.250000,3.048,0.013353,2.4384,2720,1542,1,1,3,3,4096,4096,aspect_panel_like;flatness_good,faces:2720;image_res:4096x4096;materials:1;meshes:1;textures:3,,"{""3dmodel_id"":""B0732K1SGB"",""extent_x"":""3.0480000972747803"",""extent_y"":""0.013353220187127592"",""extent_z"":""2.438399910926819"",""faces"":""2720"",""image_height_max"":""4096"",""image_height_min"":""4096"",""image_width_max"":""4096"",""image_width_min"":""4096"",""images"":""3"",""materials"":""1"",""meshes"":""1"",""path"":""B/B0732K1SGB.glb"",""textures"":""3"",""vertices"":""1542""}"
201,B0732KBBJ3,3/B0732KBBJ3.glb,13.0000,0.009688,1.256320,3.051821,0.029566,2.429174,9500,4950,1,1,3,3,2048,2048,aspect_panel_like;flatness_good,faces:9500;image_res:2048x2048;materials:1;meshes:1;textures:3,,"{""3dmodel_id"":""B0732KBBJ3"",""extent_x"":""3.051821231842041"",""extent_y"":""0.029565567150712013"",""extent_z"":""2.4291741847991943"",""faces"":""9500"",""image_height_max"":""2048"",""image_height_min"":""2048"",""image_width_max"":""2048"",""image_width_min"":""2048"",""images"":""3"",""materials"":""1"",""meshes"":""1"",""path"":""3/B0732KBBJ3.glb"",""textures"":""3"",""vertices"":""4950""}"
202,B0732KDJ48,8/B0732KDJ48.glb,13.0000,0.010804,1.378343,3.369343,0.036403,2.444488,2458,1338,1,1,3,3,2048,2048,aspect_panel_like;flatness_good,faces:2458;image_res:2048x2048;materials:1;meshes:1;textures:3,,"{""3dmodel_id"":""B0732KDJ48"",""extent_x"":""3.3693429231643677"",""extent_y"":""0.036402907222509384"",""extent_z"":""2.4444881677627563"",""faces"":""2458"",""image_height_max"":""2048"",""image_height_min"":""2048"",""image_width_max"":""2048"",""image_width_min"":""2048"",""images"":""3"",""materials"":""1"",""meshes"":""1"",""path"":""8/B0732KDJ48.glb"",""textures"":""3"",""vertices"":""1338""}"
203,B0732KDJ4G,G/B0732KDJ4G.glb,13.0000,0.006944,1.500000,1.8288,0.0127,1.2192,5858,3322,1,1,3,3,4096,4096,aspect_panel_like;flatness_good,faces:5858;image_res:4096x4096;materials:1;meshes:1;textures:3,,"{""3dmodel_id"":""B0732KDJ4G"",""extent_x"":""1.8288002610206604"",""extent_y"":""0.012699999846518041"",""extent_z"":""1.2192001342773438"",""faces"":""5858"",""image_height_max"":""4096"",""image_height_min"":""4096"",""image_width_max"":""4096"",""image_width_min"":""4096"",""images"":""3"",""materials"":""1"",""meshes"":""1"",""path"":""G/B0732KDJ4G.glb"",""textures"":""3"",""vertices"":""3322""}"
204,B0732L9718,8/B0732L9718.glb,13.0000,0.009688,1.256320,3.051821,0.029566,2.429174,9500,4950,1,1,3,3,2048,2048,aspect_panel_like;flatness_good,faces:9500;image_res:2048x2048;materials:1;meshes:1;textures:3,,"{""3dmodel_id"":""B0732L9718"",""extent_x"":""3.051821231842041"",""extent_y"":""0.029565569013357162"",""extent_z"":""2.4291741847991943"",""faces"":""9500"",""image_height_max"":""2048"",""image_height_min"":""2048"",""image_width_max"":""2048"",""image_width_min"":""2048"",""images"":""3"",""materials"":""1"",""meshes"":""1"",""path"":""8/B0732L9718.glb"",""textures"":""3"",""vertices"":""4950""}"
205,B0732L974G,G/B0732L974G.glb,13.0000,0.005662,1.600000,2.4384,0.013807,1.524,2832,1602,1,1,3,3,4096,4096,aspect_panel_like;flatness_good,faces:2832;image_res:4096x4096;materials:1;meshes:1;textures:3,,"{""3dmodel_id"":""B0732L974G"",""extent_x"":""2.438399910926819"",""extent_y"":""0.01380709931254387"",""extent_z"":""1.5239999294281006"",""faces"":""2832"",""image_height_max"":""4096"",""image_height_min"":""4096"",""image_width_max"":""4096"",""image_width_min"":""4096"",""images"":""3"",""materials"":""1"",""meshes"":""1"",""path"":""G/B0732L974G.glb"",""textures"":""3"",""vertices"":""1602""}"
206,B0732L974X,X/B0732L974X.glb,13.0000,0.005064,3.166505,2.430132,0.012307,0.767449,9536,5144,1,1,3,3,4096,4096,aspect_panel_like;flatness_good,faces:9536;image_res:4096x4096;materials:1;meshes:1;textures:3,,"{""3dmodel_id"":""B0732L974X"",""extent_x"":""2.4301315546035767"",""extent_y"":""0.012306938879191875"",""extent_z"":""0.7674492597579956"",""faces"":""9536"",""image_height_max"":""4096"",""image_height_min"":""4096"",""image_width_max"":""4096"",""image_width_min"":""4096"",""images"":""3"",""materials"":""1"",""meshes"":""1"",""path"":""X/B0732L974X.glb"",""textures"":""3"",""vertices"":""5144""}"
207,B0732QTV7D,D/B0732QTV7D.glb,13.0000,0.003557,1.625143,2.457471,0.008742,1.512156,2720,1542,1,1,3,3,2048,2048,aspect_panel_like;flatness_good,faces:2720;image_res:2048x2048;materials:1;meshes:1;textures:3,,"{""3dmodel_id"":""B0732QTV7D"",""extent_x"":""2.4574707746505737"",""extent_y"":""0.008741821162402632"",""extent_z"":""1.5121564865112305"",""faces"":""2720"",""image_height_max"":""2048"",""image_height_min"":""2048"",""image_width_max"":""2048"",""image_width_min"":""2048"",""images"":""3"",""materials"":""1"",""meshes"":""1"",""path"":""D/B0732QTV7D.glb"",""textures"":""3"",""vertices"":""1542""}"
208,B0732QTV8S,S/B0732QTV8S.glb,13.0000,0.005662,1.600000,2.4384,0.013807,1.524,2832,1602,1,1,3,3,4096,4096,aspect_panel_like;flatness_good,faces:2832;image_res:4096x4096;materials:1;meshes:1;textures:3,,"{""3dmodel_id"":""B0732QTV8S"",""extent_x"":""2.438399910926819"",""extent_y"":""0.01380709931254387"",""extent_z"":""1.5239999294281006"",""faces"":""2832"",""image_height_max"":""4096"",""image_height_min"":""4096"",""image_width_max"":""4096"",""image_width_min"":""4096"",""images"":""3"",""materials"":""1"",""meshes"":""1"",""path"":""S/B0732QTV8S.glb"",""textures"":""3"",""vertices"":""1602""}"
209,B0735RJPBV,V/B0735RJPBV.glb,13.0000,0.005247,3.174174,2.439627,0.0128,0.768587,4516,4552,1,1,3,3,2048,2048,aspect_panel_like;flatness_good,faces:4516;image_res:2048x2048;materials:1;meshes:1;textures:3,,"{""3dmodel_id"":""B0735RJPBV"",""extent_x"":""2.4396274089813232"",""extent_y"":""0.012800063937902452"",""extent_z"":""0.7685866355895996"",""faces"":""4516"",""image_height_max"":""2048"",""image_height_min"":""2048"",""image_width_max"":""2048"",""image_width_min"":""2048"",""images"":""3"",""materials"":""1"",""meshes"":""1"",""path"":""V/B0735RJPBV.glb"",""textures"":""3"",""vertices"":""4552""}"
210,B0735RJPCY,Y/B0735RJPCY.glb,13.0000,0.006249,1.599868,2.438738,0.01524,1.524338,3152,3022,1,1,3,3,2048,2048,aspect_panel_like;flatness_good,faces:3152;image_res:2048x2048;materials:1;meshes:1;textures:3,,"{""3dmodel_id"":""B0735RJPCY"",""extent_x"":""2.4387383460998535"",""extent_y"":""0.015240000560879709"",""extent_z"":""1.5243375301361084"",""faces"":""3152"",""image_height_max"":""2048"",""image_height_min"":""2048"",""image_width_max"":""2048"",""image_width_min"":""2048"",""images"":""3"",""materials"":""1"",""meshes"":""1"",""path"":""Y/B0735RJPCY.glb"",""textures"":""3"",""vertices"":""3022""}"
211,B0735RJPD2,2/B0735RJPD2.glb,13.0000,0.004094,1.251782,3.056019,0.012512,2.441335,2344,1562,1,1,3,3,4096,4096,aspect_panel_like;flatness_good,faces:2344;image_res:4096x4096;materials:1;meshes:1;textures:3,,"{""3dmodel_id"":""B0735RJPD2"",""extent_x"":""3.0560191869735718"",""extent_y"":""0.012512211687862875"",""extent_z"":""2.4413352012634277"",""faces"":""2344"",""image_height_max"":""4096"",""image_height_min"":""4096"",""image_width_max"":""4096"",""image_width_min"":""4096"",""images"":""3"",""materials"":""1"",""meshes"":""1"",""path"":""2/B0735RJPD2.glb"",""textures"":""3"",""vertices"":""1562""}"
212,B0735RJPDH,H/B0735RJPDH.glb,13.0000,0.003930,1.508295,2.462576,0.009679,1.632689,1072,600,1,1,3,3,2048,2048,aspect_panel_like;flatness_good,faces:1072;image_res:2048x2048;materials:1;meshes:1;textures:3,,"{""3dmodel_id"":""B0735RJPDH"",""extent_x"":""2.4625762701034546"",""extent_y"":""0.009678740054368975"",""extent_z"":""1.6326887011528015"",""faces"":""1072"",""image_height_max"":""2048"",""image_height_min"":""2048"",""image_width_max"":""2048"",""image_width_min"":""2048"",""images"":""3"",""materials"":""1"",""meshes"":""1"",""path"":""H/B0735RJPDH.glb"",""textures"":""3"",""vertices"":""600""}"
213,B0735S1PP1,1/B0735S1PP1.glb,13.0000,0.007410,1.247264,3.091738,0.02291,2.478816,5000,2778,1,1,3,3,4096,4096,aspect_panel_like;flatness_good,faces:5000;image_res:4096x4096;materials:1;meshes:1;textures:3,,"{""3dmodel_id"":""B0735S1PP1"",""extent_x"":""3.0917381048202515"",""extent_y"":""0.022910002619028095"",""extent_z"":""2.4788163900375366"",""faces"":""5000"",""image_height_max"":""4096"",""image_height_min"":""4096"",""image_width_max"":""4096"",""image_width_min"":""4096"",""images"":""3"",""materials"":""1"",""meshes"":""1"",""path"":""1/B0735S1PP1.glb"",""textures"":""3"",""vertices"":""2778""}"
214,B0735S6CYM,M/B0735S6CYM.glb,13.0000,0.005663,1.600372,2.438134,0.013807,1.52348,3440,1910,1,1,3,3,4096,4096,aspect_panel_like;flatness_good,faces:3440;image_res:4096x4096;materials:1;meshes:1;textures:3,,"{""3dmodel_id"":""B0735S6CYM"",""extent_x"":""2.4381343126296997"",""extent_y"":""0.01380710117518902"",""extent_z"":""1.5234797596931458"",""faces"":""3440"",""image_height_max"":""4096"",""image_height_min"":""4096"",""image_width_max"":""4096"",""image_width_min"":""4096"",""images"":""3"",""materials"":""1"",""meshes"":""1"",""path"":""M/B0735S6CYM.glb"",""textures"":""3"",""vertices"":""1910""}"
215,B0735S6D1P,P/B0735S6D1P.glb,13.0000,0.007681,1.493553,1.848499,0.014198,1.237652,2176,1188,1,1,3,3,2048,2048,aspect_panel_like;flatness_good,faces:2176;image_res:2048x2048;materials:1;meshes:1;textures:3,,"{""3dmodel_id"":""B0735S6D1P"",""extent_x"":""1.8484989404678345"",""extent_y"":""0.014197694137692453"",""extent_z"":""1.2376523613929749"",""faces"":""2176"",""image_height_max"":""2048"",""image_height_min"":""2048"",""image_width_max"":""2048"",""image_width_min"":""2048"",""images"":""3"",""materials"":""1"",""meshes"":""1"",""path"":""P/B0735S6D1P.glb"",""textures"":""3"",""vertices"":""1188""}"
216,B0735SF326,6/B0735SF326.glb,13.0000,0.004252,1.606207,2.434222,0.01035,1.515509,67892,57428,1,1,3,3,4096,4096,aspect_panel_like;flatness_good,faces:67892;image_res:4096x4096;materials:1;meshes:1;textures:3,,"{""3dmodel_id"":""B0735SF326"",""extent_x"":""2.4342215061187744"",""extent_y"":""0.010350429452955725"",""extent_z"":""1.5155094265937805"",""faces"":""67892"",""image_height_max"":""4096"",""image_height_min"":""4096"",""image_width_max"":""4096"",""image_width_min"":""4096"",""images"":""3"",""materials"":""1"",""meshes"":""1"",""path"":""6/B0735SF326.glb"",""textures"":""3"",""vertices"":""57428""}"
217,B0735SF34N,N/B0735SF34N.glb,13.0000,0.009623,1.603502,2.433589,0.023418,1.517671,5000,2778,1,1,3,3,2048,2048,aspect_panel_like;flatness_good,faces:5000;image_res:2048x2048;materials:1;meshes:1;textures:3,,"{""3dmodel_id"":""B0735SF34N"",""extent_x"":""2.4335891008377075"",""extent_y"":""0.023417560383677483"",""extent_z"":""1.5176711678504944"",""faces"":""5000"",""image_height_max"":""2048"",""image_height_min"":""2048"",""image_width_max"":""2048"",""image_width_min"":""2048"",""images"":""3"",""materials"":""1"",""meshes"":""1"",""path"":""N/B0735SF34N.glb"",""textures"":""3"",""vertices"":""2778""}"
218,B0735SFWJZ,Z/B0735SFWJZ.glb,13.0000,0.012337,3.060863,2.444393,0.030156,0.798596,3918,2298,1,1,3,3,2048,2048,aspect_panel_like;flatness_good,faces:3918;image_res:2048x2048;materials:1;meshes:1;textures:3,,"{""3dmodel_id"":""B0735SFWJZ"",""extent_x"":""2.4443925619125366"",""extent_y"":""0.03015591949224472"",""extent_z"":""0.7985959351062775"",""faces"":""3918"",""image_height_max"":""2048"",""image_height_min"":""2048"",""image_width_max"":""2048"",""image_width_min"":""2048"",""images"":""3"",""materials"":""1"",""meshes"":""1"",""path"":""Z/B0735SFWJZ.glb"",""textures"":""3"",""vertices"":""2298""}"
219,B0735SFWM2,2/B0735SFWM2.glb,13.0000,0.004167,1.600000,2.4384,0.01016,1.524,14784,10296,1,1,3,3,4096,4096,aspect_panel_like;flatness_good,faces:14784;image_res:4096x4096;materials:1;meshes:1;textures:3,,"{""3dmodel_id"":""B0735SFWM2"",""extent_x"":""2.43839979171752"",""extent_y"":""0.01015999966204158"",""extent_z"":""1.52399986982345"",""faces"":""14784"",""image_height_max"":""4096"",""image_height_min"":""4096"",""image_width_max"":""4096"",""image_width_min"":""4096"",""images"":""3"",""materials"":""1"",""meshes"":""1"",""path"":""2/B0735SFWM2.glb"",""textures"":""3"",""vertices"":""10296""}"
220,B0735SFWRS,S/B0735SFWRS.glb,13.0000,0.005002,1.245647,3.046492,0.01524,2.445711,2160,1254,1,1,3,3,4096,4096,aspect_panel_like;flatness_good,faces:2160;image_res:4096x4096;materials:1;meshes:1;textures:3,,"{""3dmodel_id"":""B0735SFWRS"",""extent_x"":""3.0464922189712524"",""extent_y"":""0.015240000560879709"",""extent_z"":""2.445711135864258"",""faces"":""2160"",""image_height_max"":""4096"",""image_height_min"":""4096"",""image_width_max"":""4096"",""image_width_min"":""4096"",""images"":""3"",""materials"":""1"",""meshes"":""1"",""path"":""S/B0735SFWRS.glb"",""textures"":""3"",""vertices"":""1254""}"
221,B0735SFWRT,T/B0735SFWRT.glb,13.0000,0.005409,2.905949,2.427747,0.013131,0.83544,2520,1470,1,1,3,3,2048,2048,aspect_panel_like;flatness_good,faces:2520;image_res:2048x2048;materials:1;meshes:1;textures:3,,"{""3dmodel_id"":""B0735SFWRT"",""extent_x"":""2.4277466535568237"",""extent_y"":""0.01313078124076128"",""extent_z"":""0.8354402184486389"",""faces"":""2520"",""image_height_max"":""2048"",""image_height_min"":""2048"",""image_width_max"":""2048"",""image_width_min"":""2048"",""images"":""3"",""materials"":""1"",""meshes"":""1"",""path"":""T/B0735SFWRT.glb"",""textures"":""3"",""vertices"":""1470""}"
222,B0735SK5LP,P/B0735SK5LP.glb,13.0000,0.003121,1.600692,2.438436,0.007609,1.523363,2560,1462,1,1,3,3,4096,4096,aspect_panel_like;flatness_good,faces:2560;image_res:4096x4096;materials:1;meshes:1;textures:3,,"{""3dmodel_id"":""B0735SK5LP"",""extent_x"":""2.4384361505508423"",""extent_y"":""0.0076093506067991265"",""extent_z"":""1.5233633518218994"",""faces"":""2560"",""image_height_max"":""4096"",""image_height_min"":""4096"",""image_width_max"":""4096"",""image_width_min"":""4096"",""images"":""3"",""materials"":""1"",""meshes"":""1"",""path"":""P/B0735SK5LP.glb"",""textures"":""3"",""vertices"":""1462""}"
223,B0735SK5N7,7/B0735SK5N7.glb,13.0000,0.005817,3.089538,2.449555,0.014249,0.792855,2096,1148,1,1,3,3,2048,2048,aspect_panel_like;flatness_good,faces:2096;image_res:2048x2048;materials:1;meshes:1;textures:3,,"{""3dmodel_id"":""B0735SK5N7"",""extent_x"":""2.4495551586151123"",""extent_y"":""0.014248793013393879"",""extent_z"":""0.7928547859191895"",""faces"":""2096"",""image_height_max"":""2048"",""image_height_min"":""2048"",""image_width_max"":""2048"",""image_width_min"":""2048"",""images"":""3"",""materials"":""1"",""meshes"":""1"",""path"":""7/B0735SK5N7.glb"",""textures"":""3"",""vertices"":""1148""}"
224,B0735SLBYD,D/B0735SLBYD.glb,13.0000,0.006791,1.267394,3.054727,0.020745,2.410243,536,306,1,1,3,3,4096,4096,aspect_panel_like;flatness_good,faces:536;image_res:4096x4096;materials:1;meshes:1;textures:3,,"{""3dmodel_id"":""B0735SLBYD"",""extent_x"":""3.054727077484131"",""extent_y"":""0.02074526436626911"",""extent_z"":""2.4102425575256348"",""faces"":""536"",""image_height_max"":""4096"",""image_height_min"":""4096"",""image_width_max"":""4096"",""image_width_min"":""4096"",""images"":""3"",""materials"":""1"",""meshes"":""1"",""path"":""D/B0735SLBYD.glb"",""textures"":""3"",""vertices"":""306""}"
225,B0735SLBYK,K/B0735SLBYK.glb,13.0000,0.004580,1.484858,1.826819,0.008367,1.230299,31552,18466,1,1,3,3,2048,2048,aspect_panel_like;flatness_good,faces:31552;image_res:2048x2048;materials:1;meshes:1;textures:3,,"{""3dmodel_id"":""B0735SLBYK"",""extent_x"":""1.8268194198608398"",""extent_y"":""0.008366950787603855"",""extent_z"":""1.2302991151809692"",""faces"":""31552"",""image_height_max"":""2048"",""image_height_min"":""2048"",""image_width_max"":""2048"",""image_width_min"":""2048"",""images"":""3"",""materials"":""1"",""meshes"":""1"",""path"":""K/B0735SLBYK.glb"",""textures"":""3"",""vertices"":""18466""}"
226,B0735SLC3P,P/B0735SLC3P.glb,13.0000,0.008393,1.447972,1.771446,0.014868,1.223398,72620,61346,1,1,3,3,4096,4096,aspect_panel_like;flatness_good,faces:72620;image_res:4096x4096;materials:1;meshes:1;textures:3,,"{""3dmodel_id"":""B0735SLC3P"",""extent_x"":""1.7714463472366333"",""extent_y"":""0.014868389815092089"",""extent_z"":""1.223397970199585"",""faces"":""72620"",""image_height_max"":""4096"",""image_height_min"":""4096"",""image_width_max"":""4096"",""image_width_min"":""4096"",""images"":""3"",""materials"":""1"",""meshes"":""1"",""path"":""P/B0735SLC3P.glb"",""textures"":""3"",""vertices"":""61346""}"
227,B0735SLC3T,T/B0735SLC3T.glb,13.0000,0.004192,1.245351,3.043234,0.012758,2.443676,12772,13490,1,1,3,3,4096,4096,aspect_panel_like;flatness_good,faces:12772;image_res:4096x4096;materials:1;meshes:1;textures:3,,"{""3dmodel_id"":""B0735SLC3T"",""extent_x"":""3.0432335138320923"",""extent_y"":""0.012757508084177971"",""extent_z"":""2.4436758756637573"",""faces"":""12772"",""image_height_max"":""4096"",""image_height_min"":""4096"",""image_width_max"":""4096"",""image_width_min"":""4096"",""images"":""3"",""materials"":""1"",""meshes"":""1"",""path"":""T/B0735SLC3T.glb"",""textures"":""3"",""vertices"":""13490""}"
228,B0735T68YG,G/B0735T68YG.glb,13.0000,0.008337,1.496161,1.827933,0.01524,1.221748,2160,1254,1,1,3,3,2048,2048,aspect_panel_like;flatness_good,faces:2160;image_res:2048x2048;materials:1;meshes:1;textures:3,,"{""3dmodel_id"":""B0735T68YG"",""extent_x"":""1.8279325366020203"",""extent_y"":""0.015240000560879709"",""extent_z"":""1.2217484712600708"",""faces"":""2160"",""image_height_max"":""2048"",""image_height_min"":""2048"",""image_width_max"":""2048"",""image_width_min"":""2048"",""images"":""3"",""materials"":""1"",""meshes"":""1"",""path"":""G/B0735T68YG.glb"",""textures"":""3"",""vertices"":""1254""}"
229,B0735T6948,8/B0735T6948.glb,13.0000,0.003750,1.345034,2.650867,0.00994,1.970854,33860,19544,1,1,3,3,2048,2048,aspect_panel_like;flatness_good,faces:33860;image_res:2048x2048;materials:1;meshes:1;textures:3,,"{""3dmodel_id"":""B0735T6948"",""extent_x"":""2.650866746902466"",""extent_y"":""0.00994023494422436"",""extent_z"":""1.970854103565216"",""faces"":""33860"",""image_height_max"":""2048"",""image_height_min"":""2048"",""image_width_max"":""2048"",""image_width_min"":""2048"",""images"":""3"",""materials"":""1"",""meshes"":""1"",""path"":""8/B0735T6948.glb"",""textures"":""3"",""vertices"":""19544""}"
230,B0735T7KT8,8/B0735T7KT8.glb,13.0000,0.005844,3.201355,2.544043,0.014868,0.794677,48260,40598,1,1,3,3,4096,4096,aspect_panel_like;flatness_good,faces:48260;image_res:4096x4096;materials:1;meshes:1;textures:3,,"{""3dmodel_id"":""B0735T7KT8"",""extent_x"":""2.5440433025360107"",""extent_y"":""0.014868389815092089"",""extent_z"":""0.7946769595146179"",""faces"":""48260"",""image_height_max"":""4096"",""image_height_min"":""4096"",""image_width_max"":""4096"",""image_width_min"":""4096"",""images"":""3"",""materials"":""1"",""meshes"":""1"",""path"":""8/B0735T7KT8.glb"",""textures"":""3"",""vertices"":""40598""}"
231,B0735T7KTC,C/B0735T7KTC.glb,13.0000,0.005024,1.594127,2.456646,0.012342,1.54106,508,352,1,1,3,3,2048,2048,aspect_panel_like;flatness_good,faces:508;image_res:2048x2048;materials:1;meshes:1;textures:3,,"{""3dmodel_id"":""B0735T7KTC"",""extent_x"":""2.4566457271575928"",""extent_y"":""0.01234215032309294"",""extent_z"":""1.5410599112510681"",""faces"":""508"",""image_height_max"":""2048"",""image_height_min"":""2048"",""image_width_max"":""2048"",""image_width_min"":""2048"",""images"":""3"",""materials"":""1"",""meshes"":""1"",""path"":""C/B0735T7KTC.glb"",""textures"":""3"",""vertices"":""352""}"
232,B0735T7KTM,M/B0735T7KTM.glb,13.0000,0.005050,1.444364,1.819715,0.009189,1.259873,2344,1559,1,1,3,3,2048,2048,aspect_panel_like;flatness_good,faces:2344;image_res:2048x2048;materials:1;meshes:1;textures:3,,"{""3dmodel_id"":""B0735T7KTM"",""extent_x"":""1.8197152018547058"",""extent_y"":""0.009188866242766382"",""extent_z"":""1.2598732709884644"",""faces"":""2344"",""image_height_max"":""2048"",""image_height_min"":""2048"",""image_width_max"":""2048"",""image_width_min"":""2048"",""images"":""3"",""materials"":""1"",""meshes"":""1"",""path"":""M/B0735T7KTM.glb"",""textures"":""3"",""vertices"":""1559""}"
233,B0735T9WPM,M/B0735T9WPM.glb,13.0000,0.004053,1.501332,1.827668,0.007408,1.217365,2560,1465,1,1,3,3,4096,4096,aspect_panel_like;flatness_good,faces:2560;image_res:4096x4096;materials:1;meshes:1;textures:3,,"{""3dmodel_id"":""B0735T9WPM"",""extent_x"":""1.8276682496070862"",""extent_y"":""0.007407591678202153"",""extent_z"":""1.2173646688461304"",""faces"":""2560"",""image_height_max"":""4096"",""image_height_min"":""4096"",""image_width_max"":""4096"",""image_width_min"":""4096"",""images"":""3"",""materials"":""1"",""meshes"":""1"",""path"":""M/B0735T9WPM.glb"",""textures"":""3"",""vertices"":""1465""}"
234,B0735T9WRT,T/B0735T9WRT.glb,13.0000,0.003326,1.249920,3.048075,0.010136,2.438617,31552,18466,1,1,3,3,4096,4096,aspect_panel_like;flatness_good,faces:31552;image_res:4096x4096;materials:1;meshes:1;textures:3,,"{""3dmodel_id"":""B0735T9WRT"",""extent_x"":""3.048074960708618"",""extent_y"":""0.010136455297470095"",""extent_z"":""2.4386167526245117"",""faces"":""31552"",""image_height_max"":""4096"",""image_height_min"":""4096"",""image_width_max"":""4096"",""image_width_min"":""4096"",""images"":""3"",""materials"":""1"",""meshes"":""1"",""path"":""T/B0735T9WRT.glb"",""textures"":""3"",""vertices"":""18466""}"
235,B0735T9WT9,9/B0735T9WT9.glb,13.0000,0.011076,1.261768,3.061247,0.033906,2.426157,39308,22813,1,1,3,3,2048,2048,aspect_panel_like;flatness_good,faces:39308;image_res:2048x2048;materials:1;meshes:1;textures:3,,"{""3dmodel_id"":""B0735T9WT9"",""extent_x"":""3.061246871948242"",""extent_y"":""0.03390608727931976"",""extent_z"":""2.426156520843506"",""faces"":""39308"",""image_height_max"":""2048"",""image_height_min"":""2048"",""image_width_max"":""2048"",""image_width_min"":""2048"",""images"":""3"",""materials"":""1"",""meshes"":""1"",""path"":""9/B0735T9WT9.glb"",""textures"":""3"",""vertices"":""22813""}"
236,B0735TH3TT,T/B0735TH3TT.glb,13.0000,0.003294,1.254173,3.055799,0.010065,2.436505,103860,87928,1,1,3,3,2048,2048,aspect_panel_like;flatness_good,faces:103860;image_res:2048x2048;materials:1;meshes:1;textures:3,,"{""3dmodel_id"":""B0735TH3TT"",""extent_x"":""3.0557992458343506"",""extent_y"":""0.010065389797091486"",""extent_z"":""2.436504602432251"",""faces"":""103860"",""image_height_max"":""2048"",""image_height_min"":""2048"",""image_width_max"":""2048"",""image_width_min"":""2048"",""images"":""3"",""materials"":""1"",""meshes"":""1"",""path"":""T/B0735TH3TT.glb"",""textures"":""3"",""vertices"":""87928""}"
237,B0735TH3VY,Y/B0735TH3VY.glb,13.0000,0.005257,1.353648,3.291186,0.017302,2.431345,33860,19544,1,1,3,3,2048,2048,aspect_panel_like;flatness_good,faces:33860;image_res:2048x2048;materials:1;meshes:1;textures:3,,"{""3dmodel_id"":""B0735TH3VY"",""extent_x"":""3.291186213493347"",""extent_y"":""0.01730239950120449"",""extent_z"":""2.431345224380493"",""faces"":""33860"",""image_height_max"":""2048"",""image_height_min"":""2048"",""image_width_max"":""2048"",""image_width_min"":""2048"",""images"":""3"",""materials"":""1"",""meshes"":""1"",""path"":""Y/B0735TH3VY.glb"",""textures"":""3"",""vertices"":""19544""}"
238,B0735THVJ1,1/B0735THVJ1.glb,13.0000,0.004004,3.061143,2.444441,0.009787,0.798539,3982,2280,1,1,3,3,2048,2048,aspect_panel_like;flatness_good,faces:3982;image_res:2048x2048;materials:1;meshes:1;textures:3,,"{""3dmodel_id"":""B0735THVJ1"",""extent_x"":""2.4444409608840942"",""extent_y"":""0.00978664867579937"",""extent_z"":""0.7985387444496155"",""faces"":""3982"",""image_height_max"":""2048"",""image_height_min"":""2048"",""image_width_max"":""2048"",""image_width_min"":""2048"",""images"":""3"",""materials"":""1"",""meshes"":""1"",""path"":""1/B0735THVJ1.glb"",""textures"":""3"",""vertices"":""2280""}"
239,B0735THVKG,G/B0735THVKG.glb,13.0000,0.005008,1.639099,1.997077,0.01,1.2184,67352,46008,1,1,3,3,4096,4096,aspect_panel_like;flatness_good,faces:67352;image_res:4096x4096;materials:1;meshes:1;textures:3,,"{""3dmodel_id"":""B0735THVKG"",""extent_x"":""1.997077465057373"",""extent_y"":""0.010000467300415039"",""extent_z"":""1.2183998823165894"",""faces"":""67352"",""image_height_max"":""4096"",""image_height_min"":""4096"",""image_width_max"":""4096"",""image_width_min"":""4096"",""images"":""3"",""materials"":""1"",""meshes"":""1"",""path"":""G/B0735THVKG.glb"",""textures"":""3"",""vertices"":""46008""}"
240,B0735THVQK,K/B0735THVQK.glb,13.0000,0.004705,1.251290,3.061443,0.014405,2.44663,4288,2398,1,1,3,3,4096,4096,aspect_panel_like;flatness_good,faces:4288;image_res:4096x4096;materials:1;meshes:1;textures:3,,"{""3dmodel_id"":""B0735THVQK"",""extent_x"":""3.0614428520202637"",""extent_y"":""0.014404820278286936"",""extent_z"":""2.446629524230957"",""faces"":""4288"",""image_height_max"":""4096"",""image_height_min"":""4096"",""image_width_max"":""4096"",""image_width_min"":""4096"",""images"":""3"",""materials"":""1"",""meshes"":""1"",""path"":""K/B0735THVQK.glb"",""textures"":""3"",""vertices"":""2398""}"
241,B0735THVQN,N/B0735THVQN.glb,13.0000,0.012028,1.603502,1.946871,0.023418,1.214137,5000,2778,1,1,3,3,4096,4096,aspect_panel_like;flatness_good,faces:5000;image_res:4096x4096;materials:1;meshes:1;textures:3,,"{""3dmodel_id"":""B0735THVQN"",""extent_x"":""1.946871280670166"",""extent_y"":""0.023417560383677483"",""extent_z"":""1.2141369581222534"",""faces"":""5000"",""image_height_max"":""4096"",""image_height_min"":""4096"",""image_width_max"":""4096"",""image_width_min"":""4096"",""images"":""3"",""materials"":""1"",""meshes"":""1"",""path"":""N/B0735THVQN.glb"",""textures"":""3"",""vertices"":""2778""}"
242,B0735TWZWX,X/B0735TWZWX.glb,13.0000,0.004542,1.342513,3.273846,0.014868,2.438596,72388,61332,1,1,3,3,4096,4096,aspect_panel_like;flatness_good,faces:72388;image_res:4096x4096;materials:1;meshes:1;textures:3,,"{""3dmodel_id"":""B0735TWZWX"",""extent_x"":""3.27384614944458"",""extent_y"":""0.014868389815092087"",""extent_z"":""2.4385955333709717"",""faces"":""72388"",""image_height_max"":""4096"",""image_height_min"":""4096"",""image_width_max"":""4096"",""image_width_min"":""4096"",""images"":""3"",""materials"":""1"",""meshes"":""1"",""path"":""X/B0735TWZWX.glb"",""textures"":""3"",""vertices"":""61332""}"
243,B0735TZD6T,T/B0735TZD6T.glb,13.0000,0.017938,1.255180,3.010899,0.054011,2.398778,940,732,1,1,3,3,2048,2048,aspect_panel_like;flatness_good,faces:940;image_res:2048x2048;materials:1;meshes:1;textures:3,,"{""3dmodel_id"":""B0735TZD6T"",""extent_x"":""3.010899066925049"",""extent_y"":""0.054010968655347824"",""extent_z"":""2.398777961730957"",""faces"":""940"",""image_height_max"":""2048"",""image_height_min"":""2048"",""image_width_max"":""2048"",""image_width_min"":""2048"",""images"":""3"",""materials"":""1"",""meshes"":""1"",""path"":""T/B0735TZD6T.glb"",""textures"":""3"",""vertices"":""732""}"
244,B0735TZD8F,F/B0735TZD8F.glb,13.0000,0.010021,1.352930,3.31431,0.033214,2.449727,28364,25907,1,1,3,3,4096,4096,aspect_panel_like;flatness_good,faces:28364;image_res:4096x4096;materials:1;meshes:1;textures:3,,"{""3dmodel_id"":""B0735TZD8F"",""extent_x"":""3.3143104314804077"",""extent_y"":""0.03321431204676628"",""extent_z"":""2.4497270584106445"",""faces"":""28364"",""image_height_max"":""4096"",""image_height_min"":""4096"",""image_width_max"":""4096"",""image_width_min"":""4096"",""images"":""3"",""materials"":""1"",""meshes"":""1"",""path"":""F/B0735TZD8F.glb"",""textures"":""3"",""vertices"":""25907""}"
245,B0735TZD8V,V/B0735TZD8V.glb,13.0000,0.011076,1.591676,2.434058,0.026959,1.529242,39308,22815,1,1,3,3,2048,2048,aspect_panel_like;flatness_good,faces:39308;image_res:2048x2048;materials:1;meshes:1;textures:3,,"{""3dmodel_id"":""B0735TZD8V"",""extent_x"":""2.434057593345642"",""extent_y"":""0.026959396898746494"",""extent_z"":""1.529241919517517"",""faces"":""39308"",""image_height_max"":""2048"",""image_height_min"":""2048"",""image_width_max"":""2048"",""image_width_min"":""2048"",""images"":""3"",""materials"":""1"",""meshes"":""1"",""path"":""V/B0735TZD8V.glb"",""textures"":""3"",""vertices"":""22815""}"
246,B0735TZDBS,S/B0735TZDBS.glb,13.0000,0.004428,1.444759,1.802024,0.00798,1.247284,12772,13522,1,1,3,3,2048,2048,aspect_panel_like;flatness_good,faces:12772;image_res:2048x2048;materials:1;meshes:1;textures:3,,"{""3dmodel_id"":""B0735TZDBS"",""extent_x"":""1.8020241856575012"",""extent_y"":""0.007979969496373087"",""extent_z"":""1.2472835183143616"",""faces"":""12772"",""image_height_max"":""2048"",""image_height_min"":""2048"",""image_width_max"":""2048"",""image_width_min"":""2048"",""images"":""3"",""materials"":""1"",""meshes"":""1"",""path"":""S/B0735TZDBS.glb"",""textures"":""3"",""vertices"":""13522""}"
247,B0735TZKWB,B/B0735TZKWB.glb,13.0000,0.004131,1.500690,1.829027,0.007555,1.218791,3440,1910,1,1,3,3,4096,4096,aspect_panel_like;flatness_good,faces:3440;image_res:4096x4096;materials:1;meshes:1;textures:3,,"{""3dmodel_id"":""B0735TZKWB"",""extent_x"":""1.8290271759033203"",""extent_y"":""0.0075553213246166715"",""extent_z"":""1.2187906503677368"",""faces"":""3440"",""image_height_max"":""4096"",""image_height_min"":""4096"",""image_width_max"":""4096"",""image_width_min"":""4096"",""images"":""3"",""materials"":""1"",""meshes"":""1"",""path"":""B/B0735TZKWB.glb"",""textures"":""3"",""vertices"":""1910""}"
248,B0735TZKYJ,J/B0735TZKYJ.glb,13.0000,0.004540,3.164810,2.449492,0.011122,0.773978,11136,7562,1,1,3,3,2048,2048,aspect_panel_like;flatness_good,faces:11136;image_res:2048x2048;materials:1;meshes:1;textures:3,,"{""3dmodel_id"":""B0735TZKYJ"",""extent_x"":""2.449492335319519"",""extent_y"":""0.011121717281639576"",""extent_z"":""0.7739777266979218"",""faces"":""11136"",""image_height_max"":""2048"",""image_height_min"":""2048"",""image_width_max"":""2048"",""image_width_min"":""2048"",""images"":""3"",""materials"":""1"",""meshes"":""1"",""path"":""J/B0735TZKYJ.glb"",""textures"":""3"",""vertices"":""7562""}"
249,B0735V4DXF,F/B0735V4DXF.glb,13.0000,0.004057,1.577180,2.434835,0.009877,1.54379,12772,13490,1,1,3,3,2048,2048,aspect_panel_like;flatness_good,faces:12772;image_res:2048x2048;materials:1;meshes:1;textures:3,,"{""3dmodel_id"":""B0735V4DXF"",""extent_x"":""2.4348349571228027"",""extent_y"":""0.009876984171569349"",""extent_z"":""1.5437901616096497"",""faces"":""12772"",""image_height_max"":""2048"",""image_height_min"":""2048"",""image_width_max"":""2048"",""image_width_min"":""2048"",""images"":""3"",""materials"":""1"",""meshes"":""1"",""path"":""F/B0735V4DXF.glb"",""textures"":""3"",""vertices"":""13490""}"
250,B0735V4DZZ,Z/B0735V4DZZ.glb,13.0000,0.005975,3.203707,2.435115,0.01455,0.760093,916,578,1,1,3,3,2048,2048,aspect_panel_like;flatness_good,faces:916;image_res:2048x2048;materials:1;meshes:1;textures:3,,"{""3dmodel_id"":""B0735V4DZZ"",""extent_x"":""2.435115337371826"",""extent_y"":""0.014549619518220426"",""extent_z"":""0.7600930333137512"",""faces"":""916"",""image_height_max"":""2048"",""image_height_min"":""2048"",""image_width_max"":""2048"",""image_width_min"":""2048"",""images"":""3"",""materials"":""1"",""meshes"":""1"",""path"":""Z/B0735V4DZZ.glb"",""textures"":""3"",""vertices"":""578""}"
251,B0735V67RD,D/B0735V67RD.glb,13.0000,0.018840,1.460375,1.828503,0.03445,1.252078,940,727,1,1,3,3,2048,2048,aspect_panel_like;flatness_good,faces:940;image_res:2048x2048;materials:1;meshes:1;textures:3,,"{""3dmodel_id"":""B0735V67RD"",""extent_x"":""1.8285033106803894"",""extent_y"":""0.03444955125451088"",""extent_z"":""1.252077877521515"",""faces"":""940"",""image_height_max"":""2048"",""image_height_min"":""2048"",""image_width_max"":""2048"",""image_width_min"":""2048"",""images"":""3"",""materials"":""1"",""meshes"":""1"",""path"":""D/B0735V67RD.glb"",""textures"":""3"",""vertices"":""727""}"
252,B0735V67RP,P/B0735V67RP.glb,13.0000,0.004217,3.113005,2.437277,0.010278,0.782934,14424,8410,1,1,3,3,2048,2048,aspect_panel_like;flatness_good,faces:14424;image_res:2048x2048;materials:1;meshes:1;textures:3,,"{""3dmodel_id"":""B0735V67RP"",""extent_x"":""2.437276601791382"",""extent_y"":""0.010278155803680425"",""extent_z"":""0.7829338014125824"",""faces"":""14424"",""image_height_max"":""2048"",""image_height_min"":""2048"",""image_width_max"":""2048"",""image_width_min"":""2048"",""images"":""3"",""materials"":""1"",""meshes"":""1"",""path"":""P/B0735V67RP.glb"",""textures"":""3"",""vertices"":""8410""}"
253,B0735V67S5,5/B0735V67S5.glb,13.0000,0.010248,1.588991,2.430806,0.02491,1.529779,38880,26384,1,1,3,3,4096,4096,aspect_panel_like;flatness_good,faces:38880;image_res:4096x4096;materials:1;meshes:1;textures:3,,"{""3dmodel_id"":""B0735V67S5"",""extent_x"":""2.430806279182434"",""extent_y"":""0.024909930303692818"",""extent_z"":""1.529779314994812"",""faces"":""38880"",""image_height_max"":""4096"",""image_height_min"":""4096"",""image_width_max"":""4096"",""image_width_min"":""4096"",""images"":""3"",""materials"":""1"",""meshes"":""1"",""path"":""5/B0735V67S5.glb"",""textures"":""3"",""vertices"":""26384""}"
254,B0735V7FH9,9/B0735V7FH9.glb,13.0000,0.007766,1.796300,1.323987,0.018469,2.378279,38984,41128,1,1,3,3,2048,2048,aspect_panel_like;flatness_good,faces:38984;image_res:2048x2048;materials:1;meshes:1;textures:3,,"{""3dmodel_id"":""B0735V7FH9"",""extent_x"":""1.3239874839782715"",""extent_y"":""0.01846916787326336"",""extent_z"":""2.3782787322998047"",""faces"":""38984"",""image_height_max"":""2048"",""image_height_min"":""2048"",""image_width_max"":""2048"",""image_width_min"":""2048"",""images"":""3"",""materials"":""1"",""meshes"":""1"",""path"":""9/B0735V7FH9.glb"",""textures"":""3"",""vertices"":""41128""}"
255,B0735V7FK6,6/B0735V7FK6.glb,13.0000,0.006253,1.595905,2.437219,0.01524,1.52717,2160,1254,1,1,3,3,2048,2048,aspect_panel_like;flatness_good,faces:2160;image_res:2048x2048;materials:1;meshes:1;textures:3,,"{""3dmodel_id"":""B0735V7FK6"",""extent_x"":""2.43721866607666"",""extent_y"":""0.015240000560879709"",""extent_z"":""1.5271700620651245"",""faces"":""2160"",""image_height_max"":""2048"",""image_height_min"":""2048"",""image_width_max"":""2048"",""image_width_min"":""2048"",""images"":""3"",""materials"":""1"",""meshes"":""1"",""path"":""6/B0735V7FK6.glb"",""textures"":""3"",""vertices"":""1254""}"
256,B0735VB37Z,Z/B0735VB37Z.glb,13.0000,0.005768,1.607095,3.651779,0.021065,2.272285,8872,5054,1,1,3,3,2048,2048,aspect_panel_like;flatness_good,faces:8872;image_res:2048x2048;materials:1;meshes:1;textures:3,,"{""3dmodel_id"":""B0735VB37Z"",""extent_x"":""3.6517794132232666"",""extent_y"":""0.02106483466923237"",""extent_z"":""2.2722854614257812"",""faces"":""8872"",""image_height_max"":""2048"",""image_height_min"":""2048"",""image_width_max"":""2048"",""image_width_min"":""2048"",""images"":""3"",""materials"":""1"",""meshes"":""1"",""path"":""Z/B0735VB37Z.glb"",""textures"":""3"",""vertices"":""5054""}"
257,B0735VB381,1/B0735VB381.glb,13.0000,0.003895,1.696393,2.584286,0.010065,1.5234,64520,54572,1,1,3,3,2048,2048,aspect_panel_like;flatness_good,faces:64520;image_res:2048x2048;materials:1;meshes:1;textures:3,,"{""3dmodel_id"":""B0735VB381"",""extent_x"":""2.5842857360839844"",""extent_y"":""0.01006538886576891"",""extent_z"":""1.5233999490737915"",""faces"":""64520"",""image_height_max"":""2048"",""image_height_min"":""2048"",""image_width_max"":""2048"",""image_width_min"":""2048"",""images"":""3"",""materials"":""1"",""meshes"":""1"",""path"":""1/B0735VB381.glb"",""textures"":""3"",""vertices"":""54572""}"
258,B0735VGDQ7,7/B0735VGDQ7.glb,13.0000,0.005257,1.353648,1.730013,0.009095,1.278037,33860,19544,1,1,3,3,2048,2048,aspect_panel_like;flatness_good,faces:33860;image_res:2048x2048;materials:1;meshes:1;textures:3,,"{""3dmodel_id"":""B0735VGDQ7"",""extent_x"":""1.7300125360488892"",""extent_y"":""0.009095004759728909"",""extent_z"":""1.278036892414093"",""faces"":""33860"",""image_height_max"":""2048"",""image_height_min"":""2048"",""image_width_max"":""2048"",""image_width_min"":""2048"",""images"":""3"",""materials"":""1"",""meshes"":""1"",""path"":""7/B0735VGDQ7.glb"",""textures"":""3"",""vertices"":""19544""}"
259,B0735VGDT3,3/B0735VGDT3.glb,13.0000,0.003930,1.508295,1.8272,0.007182,1.211434,1072,600,1,1,3,3,2048,2048,aspect_panel_like;flatness_good,faces:1072;image_res:2048x2048;materials:1;meshes:1;textures:3,,"{""3dmodel_id"":""B0735VGDT3"",""extent_x"":""1.827199637889862"",""extent_y"":""0.007181500084698201"",""extent_z"":""1.2114338874816895"",""faces"":""1072"",""image_height_max"":""2048"",""image_height_min"":""2048"",""image_width_max"":""2048"",""image_width_min"":""2048"",""images"":""3"",""materials"":""1"",""meshes"":""1"",""path"":""3/B0735VGDT3.glb"",""textures"":""3"",""vertices"":""600""}"
260,B0735VHV9Q,Q/B0735VHV9Q.glb,13.0000,0.005090,1.640552,2.028607,0.010326,1.236539,33860,19544,1,1,3,3,2048,2048,aspect_panel_like;flatness_good,faces:33860;image_res:2048x2048;materials:1;meshes:1;textures:3,,"{""3dmodel_id"":""B0735VHV9Q"",""extent_x"":""2.0286065340042114"",""extent_y"":""0.010325690731406214"",""extent_z"":""1.2365390062332153"",""faces"":""33860"",""image_height_max"":""2048"",""image_height_min"":""2048"",""image_width_max"":""2048"",""image_width_min"":""2048"",""images"":""3"",""materials"":""1"",""meshes"":""1"",""path"":""Q/B0735VHV9Q.glb"",""textures"":""3"",""vertices"":""19544""}"
261,B0735VHVBS,S/B0735VHVBS.glb,13.0000,0.004030,1.246546,3.062322,0.012342,2.456646,508,353,1,1,3,3,2048,2048,aspect_panel_like;flatness_good,faces:508;image_res:2048x2048;materials:1;meshes:1;textures:3,,"{""3dmodel_id"":""B0735VHVBS"",""extent_x"":""3.062321662902832"",""extent_y"":""0.01234215032309294"",""extent_z"":""2.4566457271575928"",""faces"":""508"",""image_height_max"":""2048"",""image_height_min"":""2048"",""image_width_max"":""2048"",""image_width_min"":""2048"",""images"":""3"",""materials"":""1"",""meshes"":""1"",""path"":""S/B0735VHVBS.glb"",""textures"":""3"",""vertices"":""353""}"
262,B0735VSNY8,8/B0735VSNY8.glb,13.0000,0.005055,1.350317,1.726288,0.008726,1.278432,33940,22956,1,1,3,3,2048,2048,aspect_panel_like;flatness_good,faces:33940;image_res:2048x2048;materials:1;meshes:1;textures:3,,"{""3dmodel_id"":""B0735VSNY8"",""extent_x"":""1.726288080215454"",""extent_y"":""0.008725645949598402"",""extent_z"":""1.2784317135810852"",""faces"":""33940"",""image_height_max"":""2048"",""image_height_min"":""2048"",""image_width_max"":""2048"",""image_width_min"":""2048"",""images"":""3"",""materials"":""1"",""meshes"":""1"",""path"":""8/B0735VSNY8.glb"",""textures"":""3"",""vertices"":""22956""}"
263,B0735VV7XT,T/B0735VV7XT.glb,13.0000,0.003355,1.353648,3.220649,0.010806,2.379236,33860,19544,1,1,3,3,2048,2048,aspect_panel_like;flatness_good,faces:33860;image_res:2048x2048;materials:1;meshes:1;textures:3,,"{""3dmodel_id"":""B0735VV7XT"",""extent_x"":""3.220649003982544"",""extent_y"":""0.010805565863847733"",""extent_z"":""2.379236340522766"",""faces"":""33860"",""image_height_max"":""2048"",""image_height_min"":""2048"",""image_width_max"":""2048"",""image_width_min"":""2048"",""images"":""3"",""materials"":""1"",""meshes"":""1"",""path"":""T/B0735VV7XT.glb"",""textures"":""3"",""vertices"":""19544""}"
264,B0735VV7ZJ,J/B0735VV7ZJ.glb,13.0000,0.009228,1.522540,2.464718,0.022745,1.61882,9208,4882,1,1,3,3,2048,2048,aspect_panel_like;flatness_good,faces:9208;image_res:2048x2048;materials:1;meshes:1;textures:3,,"{""3dmodel_id"":""B0735VV7ZJ"",""extent_x"":""2.464717984199524"",""extent_y"":""0.02274509333074093"",""extent_z"":""1.618820071220398"",""faces"":""9208"",""image_height_max"":""2048"",""image_height_min"":""2048"",""image_width_max"":""2048"",""image_width_min"":""2048"",""images"":""3"",""materials"":""1"",""meshes"":""1"",""path"":""J/B0735VV7ZJ.glb"",""textures"":""3"",""vertices"":""4882""}"
265,B0735VV826,6/B0735VV826.glb,13.0000,0.013456,1.493397,1.837493,0.024726,1.230411,1016,630,1,1,3,3,4096,4096,aspect_panel_like;flatness_good,faces:1016;image_res:4096x4096;materials:1;meshes:1;textures:3,,"{""3dmodel_id"":""B0735VV826"",""extent_x"":""1.8374927639961243"",""extent_y"":""0.024726029485464096"",""extent_z"":""1.2304112315177917"",""faces"":""1016"",""image_height_max"":""4096"",""image_height_min"":""4096"",""image_width_max"":""4096"",""image_width_min"":""4096"",""images"":""3"",""materials"":""1"",""meshes"":""1"",""path"":""6/B0735VV826.glb"",""textures"":""3"",""vertices"":""630""}"
266,B0735VV8Y5,5/B0735VV8Y5.glb,13.0000,0.004198,3.495620,2.663926,0.011182,0.762075,9980,5904,1,1,3,3,4096,4096,aspect_panel_like;flatness_good,faces:9980;image_res:4096x4096;materials:1;meshes:1;textures:3,,"{""3dmodel_id"":""B0735VV8Y5"",""extent_x"":""2.6639260053634644"",""extent_y"":""0.011181950569152834"",""extent_z"":""0.7620753347873688"",""faces"":""9980"",""image_height_max"":""4096"",""image_height_min"":""4096"",""image_width_max"":""4096"",""image_width_min"":""4096"",""images"":""3"",""materials"":""1"",""meshes"":""1"",""path"":""5/B0735VV8Y5.glb"",""textures"":""3"",""vertices"":""5904""}"
267,B0735VV8Z4,4/B0735VV8Z4.glb,13.0000,0.003133,3.130327,2.44609,0.007663,0.781417,1072,600,1,1,3,3,2048,2048,aspect_panel_like;flatness_good,faces:1072;image_res:2048x2048;materials:1;meshes:1;textures:3,,"{""3dmodel_id"":""B0735VV8Z4"",""extent_x"":""2.446089744567871"",""extent_y"":""0.007663375698029995"",""extent_z"":""0.7814167141914368"",""faces"":""1072"",""image_height_max"":""2048"",""image_height_min"":""2048"",""image_width_max"":""2048"",""image_width_min"":""2048"",""images"":""3"",""materials"":""1"",""meshes"":""1"",""path"":""4/B0735VV8Z4.glb"",""textures"":""3"",""vertices"":""600""}"
268,B0735VWR67,7/B0735VWR67.glb,13.0000,0.003472,1.249980,3.04475,0.01057,2.435839,2918,1698,1,1,3,3,4096,4096,aspect_panel_like;flatness_good,faces:2918;image_res:4096x4096;materials:1;meshes:1;textures:3,,"{""3dmodel_id"":""B0735VWR67"",""extent_x"":""3.0447503328323364"",""extent_y"":""0.010570459067821503"",""extent_z"":""2.435839295387268"",""faces"":""2918"",""image_height_max"":""4096"",""image_height_min"":""4096"",""image_width_max"":""4096"",""image_width_min"":""4096"",""images"":""3"",""materials"":""1"",""meshes"":""1"",""path"":""7/B0735VWR67.glb"",""textures"":""3"",""vertices"":""1698""}"
269,B0735W3QJL,L/B0735W3QJL.glb,13.0000,0.005242,3.160287,2.43411,0.01276,0.770218,2572,1336,1,1,3,3,2048,2048,aspect_panel_like;flatness_good,faces:2572;image_res:2048x2048;materials:1;meshes:1;textures:3,,"{""3dmodel_id"":""B0735W3QJL"",""extent_x"":""2.434109926223755"",""extent_y"":""0.012760499492287638"",""extent_z"":""0.7702179551124573"",""faces"":""2572"",""image_height_max"":""2048"",""image_height_min"":""2048"",""image_width_max"":""2048"",""image_width_min"":""2048"",""images"":""3"",""materials"":""1"",""meshes"":""1"",""path"":""L/B0735W3QJL.glb"",""textures"":""3"",""vertices"":""1336""}"
270,B0735W3QK6,6/B0735W3QK6.glb,13.0000,0.014230,1.244265,3.051711,0.043425,2.452621,2528,1482,1,1,3,3,2048,2048,aspect_panel_like;flatness_good,faces:2528;image_res:2048x2048;materials:1;meshes:1;textures:3,,"{""3dmodel_id"":""B0735W3QK6"",""extent_x"":""3.051710844039917"",""extent_y"":""0.04342544451355934"",""extent_z"":""2.4526212215423584"",""faces"":""2528"",""image_height_max"":""2048"",""image_height_min"":""2048"",""image_width_max"":""2048"",""image_width_min"":""2048"",""images"":""3"",""materials"":""1"",""meshes"":""1"",""path"":""6/B0735W3QK6.glb"",""textures"":""3"",""vertices"":""1482""}"
271,B0735W9DGY,Y/B0735W9DGY.glb,13.0000,0.005817,1.594420,2.44077,0.014198,1.53082,2992,1612,1,1,3,3,2048,2048,aspect_panel_like;flatness_good,faces:2992;image_res:2048x2048;materials:1;meshes:1;textures:3,,"{""3dmodel_id"":""B0735W9DGY"",""extent_x"":""2.440770149230957"",""extent_y"":""0.014197694137692453"",""extent_z"":""1.5308199524879456"",""faces"":""2992"",""image_height_max"":""2048"",""image_height_min"":""2048"",""image_width_max"":""2048"",""image_width_min"":""2048"",""images"":""3"",""materials"":""1"",""meshes"":""1"",""path"":""Y/B0735W9DGY.glb"",""textures"":""3"",""vertices"":""1612""}"
272,B0735W9DGZ,Z/B0735W9DGZ.glb,13.0000,0.009392,1.508462,3.026809,0.028427,2.006554,8872,5054,1,1,3,3,2048,2048,aspect_panel_like;flatness_good,faces:8872;image_res:2048x2048;materials:1;meshes:1;textures:3,,"{""3dmodel_id"":""B0735W9DGZ"",""extent_x"":""3.0268088579177856"",""extent_y"":""0.028427161276340485"",""extent_z"":""2.006553530693054"",""faces"":""8872"",""image_height_max"":""2048"",""image_height_min"":""2048"",""image_width_max"":""2048"",""image_width_min"":""2048"",""images"":""3"",""materials"":""1"",""meshes"":""1"",""path"":""Z/B0735W9DGZ.glb"",""textures"":""3"",""vertices"":""5054""}"
273,B0735W9DK3,3/B0735W9DK3.glb,13.0000,0.008475,3.345153,2.438027,0.020663,0.728824,12184,8172,1,1,3,3,2048,2048,aspect_panel_like;flatness_good,faces:12184;image_res:2048x2048;materials:1;meshes:1;textures:3,,"{""3dmodel_id"":""B0735W9DK3"",""extent_x"":""2.4380271434783936"",""extent_y"":""0.020663127303123474"",""extent_z"":""0.7288239002227783"",""faces"":""12184"",""image_height_max"":""2048"",""image_height_min"":""2048"",""image_width_max"":""2048"",""image_width_min"":""2048"",""images"":""3"",""materials"":""1"",""meshes"":""1"",""path"":""3/B0735W9DK3.glb"",""textures"":""3"",""vertices"":""8172""}"
274,B0735W9DMM,M/B0735W9DMM.glb,13.0000,0.005008,3.186881,2.464374,0.012342,0.773287,508,353,1,1,3,3,2048,2048,aspect_panel_like;flatness_good,faces:508;image_res:2048x2048;materials:1;meshes:1;textures:3,,"{""3dmodel_id"":""B0735W9DMM"",""extent_x"":""2.4643735885620117"",""extent_y"":""0.01234215032309294"",""extent_z"":""0.7732870876789093"",""faces"":""508"",""image_height_max"":""2048"",""image_height_min"":""2048"",""image_width_max"":""2048"",""image_width_min"":""2048"",""images"":""3"",""materials"":""1"",""meshes"":""1"",""path"":""M/B0735W9DMM.glb"",""textures"":""3"",""vertices"":""353""}"
275,B0735WFBHQ,Q/B0735WFBHQ.glb,13.0000,0.004131,1.500690,1.829027,0.007555,1.218791,3440,1910,1,1,3,3,4096,4096,aspect_panel_like;flatness_good,faces:3440;image_res:4096x4096;materials:1;meshes:1;textures:3,,"{""3dmodel_id"":""B0735WFBHQ"",""extent_x"":""1.8290271759033203"",""extent_y"":""0.0075553213246166715"",""extent_z"":""1.2187906503677368"",""faces"":""3440"",""image_height_max"":""4096"",""image_height_min"":""4096"",""image_width_max"":""4096"",""image_width_min"":""4096"",""images"":""3"",""materials"":""1"",""meshes"":""1"",""path"":""Q/B0735WFBHQ.glb"",""textures"":""3"",""vertices"":""1910""}"
276,B0735WFBLK,K/B0735WFBLK.glb,13.0000,0.003006,1.350373,3.327364,0.01,2.464034,9320,7764,1,1,3,3,4096,4096,aspect_panel_like;flatness_good,faces:9320;image_res:4096x4096;materials:1;meshes:1;textures:3,,"{""3dmodel_id"":""B0735WFBLK"",""extent_x"":""3.327364444732666"",""extent_y"":""0.01000046730041504"",""extent_z"":""2.4640341997146606"",""faces"":""9320"",""image_height_max"":""4096"",""image_height_min"":""4096"",""image_width_max"":""4096"",""image_width_min"":""4096"",""images"":""3"",""materials"":""1"",""meshes"":""1"",""path"":""K/B0735WFBLK.glb"",""textures"":""3"",""vertices"":""7764""}"
277,B0735WFBPL,L/B0735WFBPL.glb,13.0000,0.004428,1.444759,1.802024,0.00798,1.247284,12772,13490,1,1,3,3,2048,2048,aspect_panel_like;flatness_good,faces:12772;image_res:2048x2048;materials:1;meshes:1;textures:3,,"{""3dmodel_id"":""B0735WFBPL"",""extent_x"":""1.8020241856575012"",""extent_y"":""0.007979970425367357"",""extent_z"":""1.2472835183143616"",""faces"":""12772"",""image_height_max"":""2048"",""image_height_min"":""2048"",""image_width_max"":""2048"",""image_width_min"":""2048"",""images"":""3"",""materials"":""1"",""meshes"":""1"",""path"":""L/B0735WFBPL.glb"",""textures"":""3"",""vertices"":""13490""}"
278,B0735XMSY2,2/B0735XMSY2.glb,13.0000,0.021889,1.564707,2.430055,0.053191,1.553041,940,727,1,1,3,3,2048,2048,aspect_panel_like;flatness_good,faces:940;image_res:2048x2048;materials:1;meshes:1;textures:3,,"{""3dmodel_id"":""B0735XMSY2"",""extent_x"":""2.430054783821106"",""extent_y"":""0.053190939128398895"",""extent_z"":""1.5530411005020142"",""faces"":""940"",""image_height_max"":""2048"",""image_height_min"":""2048"",""image_width_max"":""2048"",""image_width_min"":""2048"",""images"":""3"",""materials"":""1"",""meshes"":""1"",""path"":""2/B0735XMSY2.glb"",""textures"":""3"",""vertices"":""727""}"
279,B0735XMSY6,6/B0735XMSY6.glb,13.0000,0.009937,1.239513,3.584986,0.035624,2.892253,14744,8102,1,1,3,3,2048,2048,aspect_panel_like;flatness_good,faces:14744;image_res:2048x2048;materials:1;meshes:1;textures:3,,"{""3dmodel_id"":""B0735XMSY6"",""extent_x"":""3.5849863290786743"",""extent_y"":""0.035623930394649506"",""extent_z"":""2.892253279685974"",""faces"":""14744"",""image_height_max"":""2048"",""image_height_min"":""2048"",""image_width_max"":""2048"",""image_width_min"":""2048"",""images"":""3"",""materials"":""1"",""meshes"":""1"",""path"":""6/B0735XMSY6.glb"",""textures"":""3"",""vertices"":""8102""}"
280,B0735XMSY9,9/B0735XMSY9.glb,13.0000,0.004294,1.583848,2.42816,0.010426,1.533077,31552,18466,1,1,3,3,2048,2048,aspect_panel_like;flatness_good,faces:31552;image_res:2048x2048;materials:1;meshes:1;textures:3,,"{""3dmodel_id"":""B0735XMSY9"",""extent_x"":""2.428160071372986"",""extent_y"":""0.01042606495320797"",""extent_z"":""1.533076822757721"",""faces"":""31552"",""image_height_max"":""2048"",""image_height_min"":""2048"",""image_width_max"":""2048"",""image_width_min"":""2048"",""images"":""3"",""materials"":""1"",""meshes"":""1"",""path"":""9/B0735XMSY9.glb"",""textures"":""3"",""vertices"":""18466""}"
281,B0735XMSZ8,8/B0735XMSZ8.glb,13.0000,0.009076,1.527683,1.860996,0.01689,1.218182,28364,25950,1,1,3,3,2048,2048,aspect_panel_like;flatness_good,faces:28364;image_res:2048x2048;materials:1;meshes:1;textures:3,,"{""3dmodel_id"":""B0735XMSZ8"",""extent_x"":""1.8609960675239563"",""extent_y"":""0.016890347003936768"",""extent_z"":""1.218182384967804"",""faces"":""28364"",""image_height_max"":""2048"",""image_height_min"":""2048"",""image_width_max"":""2048"",""image_width_min"":""2048"",""images"":""3"",""materials"":""1"",""meshes"":""1"",""path"":""8/B0735XMSZ8.glb"",""textures"":""3"",""vertices"":""25950""}"
282,B0735XWYPP,P/B0735XWYPP.glb,13.0000,0.006724,1.482162,1.835684,0.012342,1.238517,508,468,1,1,3,3,2048,2048,aspect_panel_like;flatness_good,faces:508;image_res:2048x2048;materials:1;meshes:1;textures:3,,"{""3dmodel_id"":""B0735XWYPP"",""extent_x"":""1.8356840014457703"",""extent_y"":""0.01234223134815693"",""extent_z"":""1.2385174036026"",""faces"":""508"",""image_height_max"":""2048"",""image_height_min"":""2048"",""image_width_max"":""2048"",""image_width_min"":""2048"",""images"":""3"",""materials"":""1"",""meshes"":""1"",""path"":""P/B0735XWYPP.glb"",""textures"":""3"",""vertices"":""468""}"
283,B0735XWYQR,R/B0735XWYQR.glb,13.0000,0.006436,1.485680,2.390439,0.015386,1.608987,916,578,1,1,3,3,2048,2048,aspect_panel_like;flatness_good,faces:916;image_res:2048x2048;materials:1;meshes:1;textures:3,,"{""3dmodel_id"":""B0735XWYQR"",""extent_x"":""2.39043927192688"",""extent_y"":""0.015385809354484081"",""extent_z"":""1.6089870929718018"",""faces"":""916"",""image_height_max"":""2048"",""image_height_min"":""2048"",""image_width_max"":""2048"",""image_width_min"":""2048"",""images"":""3"",""materials"":""1"",""meshes"":""1"",""path"":""R/B0735XWYQR.glb"",""textures"":""3"",""vertices"":""578""}"
284,B073F7GFKB,B/B073F7GFKB.glb,13.0000,0.005272,1.266305,2.931648,0.015454,2.31512,1954,1368,1,1,3,3,2048,2048,aspect_panel_like;flatness_good,faces:1954;image_res:2048x2048;materials:1;meshes:1;textures:3,,"{""3dmodel_id"":""B073F7GFKB"",""extent_x"":""2.931647539138794"",""extent_y"":""0.015454489737749101"",""extent_z"":""2.3151204586029053"",""faces"":""1954"",""image_height_max"":""2048"",""image_height_min"":""2048"",""image_width_max"":""2048"",""image_width_min"":""2048"",""images"":""3"",""materials"":""1"",""meshes"":""1"",""path"":""B/B073F7GFKB.glb"",""textures"":""3"",""vertices"":""1368""}"
285,B073F7GGK9,9/B073F7GGK9.glb,13.0000,0.009621,1.241758,2.905414,0.027952,2.339759,1076,672,1,1,3,3,2048,2048,aspect_panel_like;flatness_good,faces:1076;image_res:2048x2048;materials:1;meshes:1;textures:3,,"{""3dmodel_id"":""B073F7GGK9"",""extent_x"":""2.905413508415222"",""extent_y"":""0.027951888740062714"",""extent_z"":""2.3397587537765503"",""faces"":""1076"",""image_height_max"":""2048"",""image_height_min"":""2048"",""image_width_max"":""2048"",""image_width_min"":""2048"",""images"":""3"",""materials"":""1"",""meshes"":""1"",""path"":""9/B073F7GGK9.glb"",""textures"":""3"",""vertices"":""672""}"
286,B073FBK8GB,B/B073FBK8GB.glb,13.0000,0.007287,1.316096,2.210917,0.021203,2.909778,3328,1878,1,1,3,3,2048,2048,aspect_panel_like;flatness_good,faces:3328;image_res:2048x2048;materials:1;meshes:1;textures:3,,"{""3dmodel_id"":""B073FBK8GB"",""extent_x"":""2.2109169960021973"",""extent_y"":""0.02120291441679001"",""extent_z"":""2.9097784757614136"",""faces"":""3328"",""image_height_max"":""2048"",""image_height_min"":""2048"",""image_width_max"":""2048"",""image_width_min"":""2048"",""images"":""3"",""materials"":""1"",""meshes"":""1"",""path"":""B/B073FBK8GB.glb"",""textures"":""3"",""vertices"":""1878""}"
287,B073NZFTGD,D/B073NZFTGD.glb,13.0000,0.046915,1.000000,0.61103,0.611031,0.028667,504,890,1,1,3,3,2048,2048,aspect_panel_like;flatness_good,faces:504;image_res:2048x2048;materials:1;meshes:1;textures:3,,"{""3dmodel_id"":""B073NZFTGD"",""extent_x"":""0.6110304594039917"",""extent_y"":""0.6110305786132812"",""extent_z"":""0.028666531667113304"",""faces"":""504"",""image_height_max"":""2048"",""image_height_min"":""2048"",""image_width_max"":""2048"",""image_width_min"":""2048"",""images"":""3"",""materials"":""1"",""meshes"":""1"",""path"":""D/B073NZFTGD.glb"",""textures"":""3"",""vertices"":""890""}"
288,B073NZFTGF,F/B073NZFTGF.glb,13.0000,0.025632,1.000000,1.118378,1.118378,0.028667,504,890,1,1,3,3,2048,2048,aspect_panel_like;flatness_good,faces:504;image_res:2048x2048;materials:1;meshes:1;textures:3,,"{""3dmodel_id"":""B073NZFTGF"",""extent_x"":""1.1183781623840332"",""extent_y"":""1.1183784008026123"",""extent_z"":""0.028666531667113304"",""faces"":""504"",""image_height_max"":""2048"",""image_height_min"":""2048"",""image_width_max"":""2048"",""image_width_min"":""2048"",""images"":""3"",""materials"":""1"",""meshes"":""1"",""path"":""F/B073NZFTGF.glb"",""textures"":""3"",""vertices"":""890""}"
289,B073NZFTH9,9/B073NZFTH9.glb,13.0000,0.073985,1.184347,0.380731,0.321469,0.028168,1732,1044,1,1,3,3,2048,2048,aspect_panel_like;flatness_good,faces:1732;image_res:2048x2048;materials:1;meshes:1;textures:3,,"{""3dmodel_id"":""B073NZFTH9"",""extent_x"":""0.38073092699050903"",""extent_y"":""0.3214690089225769"",""extent_z"":""0.028168298304080963"",""faces"":""1732"",""image_height_max"":""2048"",""image_height_min"":""2048"",""image_width_max"":""2048"",""image_width_min"":""2048"",""images"":""3"",""materials"":""1"",""meshes"":""1"",""path"":""9/B073NZFTH9.glb"",""textures"":""3"",""vertices"":""1044""}"
290,B073NZGLJX,X/B073NZGLJX.glb,13.0000,0.055379,1.238520,0.44297,0.548628,0.030383,722,685,1,1,3,3,2048,2048,aspect_panel_like;flatness_good,faces:722;image_res:2048x2048;materials:1;meshes:1;textures:3,,"{""3dmodel_id"":""B073NZGLJX"",""extent_x"":""0.4429704546928406"",""extent_y"":""0.5486278533935547"",""extent_z"":""0.03038269840180874"",""faces"":""722"",""image_height_max"":""2048"",""image_height_min"":""2048"",""image_width_max"":""2048"",""image_width_min"":""2048"",""images"":""3"",""materials"":""1"",""meshes"":""1"",""path"":""X/B073NZGLJX.glb"",""textures"":""3"",""vertices"":""685""}"
291,B073NZGLK3,3/B073NZGLK3.glb,13.0000,0.022689,1.317432,0.442044,0.582363,0.013213,644,456,1,1,3,3,2048,2048,aspect_panel_like;flatness_good,faces:644;image_res:2048x2048;materials:1;meshes:1;textures:3,,"{""3dmodel_id"":""B073NZGLK3"",""extent_x"":""0.44204387068748474"",""extent_y"":""0.5823628306388855"",""extent_z"":""0.013213460333645344"",""faces"":""644"",""image_height_max"":""2048"",""image_height_min"":""2048"",""image_width_max"":""2048"",""image_width_min"":""2048"",""images"":""3"",""materials"":""1"",""meshes"":""1"",""path"":""3/B073NZGLK3.glb"",""textures"":""3"",""vertices"":""456""}"
292,B073NZGLLS,S/B073NZGLLS.glb,13.0000,0.069160,1.215036,0.452209,0.54945,0.038,888,938,1,1,3,3,2048,2048,aspect_panel_like;flatness_good,faces:888;image_res:2048x2048;materials:1;meshes:1;textures:3,,"{""3dmodel_id"":""B073NZGLLS"",""extent_x"":""0.4522086977958679"",""extent_y"":""0.5494496822357178"",""extent_z"":""0.03800002232193944"",""faces"":""888"",""image_height_max"":""2048"",""image_height_min"":""2048"",""image_width_max"":""2048"",""image_width_min"":""2048"",""images"":""3"",""materials"":""1"",""meshes"":""1"",""path"":""S/B073NZGLLS.glb"",""textures"":""3"",""vertices"":""938""}"
293,B073NZGLT1,1/B073NZGLT1.glb,13.0000,0.041895,1.504162,0.406047,0.610761,0.025588,864,604,1,1,3,3,2048,2048,aspect_panel_like;flatness_good,faces:864;image_res:2048x2048;materials:1;meshes:1;textures:3,,"{""3dmodel_id"":""B073NZGLT1"",""extent_x"":""0.4060474932193756"",""extent_y"":""0.6107610464096069"",""extent_z"":""0.025587536599487065"",""faces"":""864"",""image_height_max"":""2048"",""image_height_min"":""2048"",""image_width_max"":""2048"",""image_width_min"":""2048"",""images"":""3"",""materials"":""1"",""meshes"":""1"",""path"":""1/B073NZGLT1.glb"",""textures"":""3"",""vertices"":""604""}"
294,B073NZPP5J,J/B073NZPP5J.glb,13.0000,0.019122,1.307462,1.012258,0.774215,0.019356,868,652,1,1,3,3,2048,2048,aspect_panel_like;flatness_good,faces:868;image_res:2048x2048;materials:1;meshes:1;textures:3,,"{""3dmodel_id"":""B073NZPP5J"",""extent_x"":""1.0122575759887695"",""extent_y"":""0.7742154002189636"",""extent_z"":""0.01935637928545475"",""faces"":""868"",""image_height_max"":""2048"",""image_height_min"":""2048"",""image_width_max"":""2048"",""image_width_min"":""2048"",""images"":""3"",""materials"":""1"",""meshes"":""1"",""path"":""J/B073NZPP5J.glb"",""textures"":""3"",""vertices"":""652""}"
295,B073NZPP8N,N/B073NZPP8N.glb,13.0000,0.030412,1.332269,0.761696,1.014784,0.030861,800,458,1,1,3,3,2048,2048,aspect_panel_like;flatness_good,faces:800;image_res:2048x2048;materials:1;meshes:1;textures:3,,"{""3dmodel_id"":""B073NZPP8N"",""extent_x"":""0.7616962790489197"",""extent_y"":""1.014784336090088"",""extent_z"":""0.03086136095225811"",""faces"":""800"",""image_height_max"":""2048"",""image_height_min"":""2048"",""image_width_max"":""2048"",""image_width_min"":""2048"",""images"":""3"",""materials"":""1"",""meshes"":""1"",""path"":""N/B073NZPP8N.glb"",""textures"":""3"",""vertices"":""458""}"
296,B073NZPPC9,9/B073NZPPC9.glb,13.0000,0.024635,1.504377,0.913538,0.607254,0.022505,776,735,1,1,3,3,2048,2048,aspect_panel_like;flatness_good,faces:776;image_res:2048x2048;materials:1;meshes:1;textures:3,,"{""3dmodel_id"":""B073NZPPC9"",""extent_x"":""0.9135383367538452"",""extent_y"":""0.6072535514831543"",""extent_z"":""0.022505180910229683"",""faces"":""776"",""image_height_max"":""2048"",""image_height_min"":""2048"",""image_width_max"":""2048"",""image_width_min"":""2048"",""images"":""3"",""materials"":""1"",""meshes"":""1"",""path"":""9/B073NZPPC9.glb"",""textures"":""3"",""vertices"":""735""}"
297,B073NZPPSX,X/B073NZPPSX.glb,13.0000,0.094088,1.000000,0.317243,0.317243,0.029849,762,595,1,1,3,3,2048,2048,aspect_panel_like;flatness_good,faces:762;image_res:2048x2048;materials:1;meshes:1;textures:3,,"{""3dmodel_id"":""B073NZPPSX"",""extent_x"":""0.3172428011894226"",""extent_y"":""0.317242830991745"",""extent_z"":""0.02984870783984661"",""faces"":""762"",""image_height_max"":""2048"",""image_height_min"":""2048"",""image_width_max"":""2048"",""image_width_min"":""2048"",""images"":""3"",""materials"":""1"",""meshes"":""1"",""path"":""X/B073NZPPSX.glb"",""textures"":""3"",""vertices"":""595""}"
298,B073NZQR7V,V/B073NZQR7V.glb,13.0000,0.036920,1.321088,0.794521,1.049633,0.038752,722,685,1,1,3,3,2048,2048,aspect_panel_like;flatness_good,faces:722;image_res:2048x2048;materials:1;meshes:1;textures:3,,"{""3dmodel_id"":""B073NZQR7V"",""extent_x"":""0.7945214509963989"",""extent_y"":""1.0496330261230469"",""extent_z"":""0.03875204920768738"",""faces"":""722"",""image_height_max"":""2048"",""image_height_min"":""2048"",""image_width_max"":""2048"",""image_width_min"":""2048"",""images"":""3"",""materials"":""1"",""meshes"":""1"",""path"":""V/B073NZQR7V.glb"",""textures"":""3"",""vertices"":""685""}"
299,B073NZQR8D,D/B073NZQR8D.glb,13.0000,0.072395,1.159211,0.328383,0.380665,0.027558,1108,762,1,1,3,3,2048,2048,aspect_panel_like;flatness_good,faces:1108;image_res:2048x2048;materials:1;meshes:1;textures:3,,"{""3dmodel_id"":""B073NZQR8D"",""extent_x"":""0.32838281989097595"",""extent_y"":""0.38066500425338745"",""extent_z"":""0.027558058500289917"",""faces"":""1108"",""image_height_max"":""2048"",""image_height_min"":""2048"",""image_width_max"":""2048"",""image_width_min"":""2048"",""images"":""3"",""materials"":""1"",""meshes"":""1"",""path"":""D/B073NZQR8D.glb"",""textures"":""3"",""vertices"":""762""}"
300,B073NZS515,5/B073NZS515.glb,13.0000,0.043286,1.000288,0.91618,0.915916,0.039658,568,362,1,1,3,3,2048,2048,aspect_panel_like;flatness_good,faces:568;image_res:2048x2048;materials:1;meshes:1;textures:3,,"{""3dmodel_id"":""B073NZS515"",""extent_x"":""0.9161797165870667"",""extent_y"":""0.9159162640571594"",""extent_z"":""0.039658211022615436"",""faces"":""568"",""image_height_max"":""2048"",""image_height_min"":""2048"",""image_width_max"":""2048"",""image_width_min"":""2048"",""images"":""3"",""materials"":""1"",""meshes"":""1"",""path"":""5/B073NZS515.glb"",""textures"":""3"",""vertices"":""362""}"
