candidate_rank,source,source_file,asset_id,title,description,tags,category,license,file_format,file_size_bytes,face_count,vertex_count,object_count,material_count,texture_count,missing_textures,url_or_path,rank_score,positive_keyword_hits,negative_keyword_hits,technical_flags,auto_reasons,raw_metadata_json
1,abo,/vol/bitbucket/ct1022/hy3dpaint_finetune/data/metadata/abo/3dmodels.csv.gz,B000S6N026,,,,,,glb,,91180,49597,,1,3,,6/B000S6N026.glb,5.5000,,,preferred_format:glb;textures:3;materials:1,"technical:preferred_format:glb,textures:3,materials:1","{""3dmodel_id"":""B000S6N026"",""extent_x"":""0.3109999895095825"",""extent_y"":""0.41899996995925903"",""extent_z"":""0.2371549904346466"",""faces"":""91180"",""image_height_max"":""4096"",""image_height_min"":""4096"",""image_width_max"":""4096"",""image_width_min"":""4096"",""images"":""3"",""materials"":""1"",""meshes"":""1"",""path"":""6/B000S6N026.glb"",""textures"":""3"",""vertices"":""49597""}"
2,abo,/vol/bitbucket/ct1022/hy3dpaint_finetune/data/metadata/abo/3dmodels.csv.gz,B002CM3J2A,,,,,,glb,,25500,17999,,1,3,,A/B002CM3J2A.glb,5.5000,,,preferred_format:glb;textures:3;materials:1,"technical:preferred_format:glb,textures:3,materials:1","{""3dmodel_id"":""B002CM3J2A"",""extent_x"":""1.500825345614572"",""extent_y"":""0.9416996229404188"",""extent_z"":""0.8128000186597999"",""faces"":""25500"",""image_height_max"":""4096"",""image_height_min"":""4096"",""image_width_max"":""4096"",""image_width_min"":""4096"",""images"":""3"",""materials"":""1"",""meshes"":""1"",""path"":""A/B002CM3J2A.glb"",""textures"":""3"",""vertices"":""17999""}"
3,abo,/vol/bitbucket/ct1022/hy3dpaint_finetune/data/metadata/abo/3dmodels.csv.gz,B003DQ5B2U,,,,,,glb,,35700,20750,,1,3,,U/B003DQ5B2U.glb,5.5000,,,preferred_format:glb;textures:3;materials:1,"technical:preferred_format:glb,textures:3,materials:1","{""3dmodel_id"":""B003DQ5B2U"",""extent_x"":""0.6599999856879996"",""extent_y"":""0.53499996430061"",""extent_z"":""0.7734382287598683"",""faces"":""35700"",""image_height_max"":""4096"",""image_height_min"":""4096"",""image_width_max"":""4096"",""image_width_min"":""4096"",""images"":""3"",""materials"":""1"",""meshes"":""1"",""path"":""U/B003DQ5B2U.glb"",""textures"":""3"",""vertices"":""20750""}"
4,abo,/vol/bitbucket/ct1022/hy3dpaint_finetune/data/metadata/abo/3dmodels.csv.gz,B003LSTD38,,,,,,glb,,11888,6936,,1,3,,8/B003LSTD38.glb,5.5000,,,preferred_format:glb;textures:3;materials:1,"technical:preferred_format:glb,textures:3,materials:1","{""3dmodel_id"":""B003LSTD38"",""extent_x"":""0.13182621548121887"",""extent_y"":""0.10490199426205393"",""extent_z"":""0.0378460055308425"",""faces"":""11888"",""image_height_max"":""4096"",""image_height_min"":""4096"",""image_width_max"":""4096"",""image_width_min"":""4096"",""images"":""3"",""materials"":""1"",""meshes"":""1"",""path"":""8/B003LSTD38.glb"",""textures"":""3"",""vertices"":""6936""}"
5,abo,/vol/bitbucket/ct1022/hy3dpaint_finetune/data/metadata/abo/3dmodels.csv.gz,B003PBOMJ6,,,,,,glb,,9542,6037,,1,3,,6/B003PBOMJ6.glb,5.5000,,,preferred_format:glb;textures:3;materials:1,"technical:preferred_format:glb,textures:3,materials:1","{""3dmodel_id"":""B003PBOMJ6"",""extent_x"":""0.35991799157003473"",""extent_y"":""0.7399021011561784"",""extent_z"":""0.3599179805446346"",""faces"":""9542"",""image_height_max"":""4096"",""image_height_min"":""4096"",""image_width_max"":""4096"",""image_width_min"":""4096"",""images"":""3"",""materials"":""1"",""meshes"":""1"",""path"":""6/B003PBOMJ6.glb"",""textures"":""3"",""vertices"":""6037""}"
6,abo,/vol/bitbucket/ct1022/hy3dpaint_finetune/data/metadata/abo/3dmodels.csv.gz,B003QTD4Y6,,,,,,glb,,1568,914,,1,3,,6/B003QTD4Y6.glb,5.5000,,,preferred_format:glb;textures:3;materials:1,"technical:preferred_format:glb,textures:3,materials:1","{""3dmodel_id"":""B003QTD4Y6"",""extent_x"":""0.22850314527750015"",""extent_y"":""0.0030830963514745235"",""extent_z"":""0.2032422348856926"",""faces"":""1568"",""image_height_max"":""4096"",""image_height_min"":""4096"",""image_width_max"":""4096"",""image_width_min"":""4096"",""images"":""3"",""materials"":""1"",""meshes"":""1"",""path"":""6/B003QTD4Y6.glb"",""textures"":""3"",""vertices"":""914""}"
7,abo,/vol/bitbucket/ct1022/hy3dpaint_finetune/data/metadata/abo/3dmodels.csv.gz,B005G2WO38,,,,,,glb,,14412,16291,,1,3,,8/B005G2WO38.glb,5.5000,,,preferred_format:glb;textures:3;materials:1,"technical:preferred_format:glb,textures:3,materials:1","{""3dmodel_id"":""B005G2WO38"",""extent_x"":""0.850899934768676"",""extent_y"":""0.7810501505636289"",""extent_z"":""0.42545001810192634"",""faces"":""14412"",""image_height_max"":""4096"",""image_height_min"":""4096"",""image_width_max"":""4096"",""image_width_min"":""4096"",""images"":""3"",""materials"":""1"",""meshes"":""1"",""path"":""8/B005G2WO38.glb"",""textures"":""3"",""vertices"":""16291""}"
8,abo,/vol/bitbucket/ct1022/hy3dpaint_finetune/data/metadata/abo/3dmodels.csv.gz,B006ZT4VA0,,,,,,glb,,15832,10855,,1,3,,0/B006ZT4VA0.glb,5.5000,,,preferred_format:glb;textures:3;materials:1,"technical:preferred_format:glb,textures:3,materials:1","{""3dmodel_id"":""B006ZT4VA0"",""extent_x"":""0.17906999021948872"",""extent_y"":""0.029971996555459225"",""extent_z"":""0.025907996614143995"",""faces"":""15832"",""image_height_max"":""4096"",""image_height_min"":""4096"",""image_width_max"":""4096"",""image_width_min"":""4096"",""images"":""3"",""materials"":""1"",""meshes"":""1"",""path"":""0/B006ZT4VA0.glb"",""textures"":""3"",""vertices"":""10855""}"
9,abo,/vol/bitbucket/ct1022/hy3dpaint_finetune/data/metadata/abo/3dmodels.csv.gz,B0075URYK2,,,,,,glb,,26850,17106,,1,3,,2/B0075URYK2.glb,5.5000,,,preferred_format:glb;textures:3;materials:1,"technical:preferred_format:glb,textures:3,materials:1","{""3dmodel_id"":""B0075URYK2"",""extent_x"":""0.9149079557576911"",""extent_y"":""1.299981951713562"",""extent_z"":""0.4848860953611549"",""faces"":""26850"",""image_height_max"":""4096"",""image_height_min"":""4096"",""image_width_max"":""4096"",""image_width_min"":""4096"",""images"":""3"",""materials"":""1"",""meshes"":""1"",""path"":""2/B0075URYK2.glb"",""textures"":""3"",""vertices"":""17106""}"
10,abo,/vol/bitbucket/ct1022/hy3dpaint_finetune/data/metadata/abo/3dmodels.csv.gz,B007IHF36E,,,,,,glb,,38260,29211,,1,3,,E/B007IHF36E.glb,5.5000,,,preferred_format:glb;textures:3;materials:1,"technical:preferred_format:glb,textures:3,materials:1","{""3dmodel_id"":""B007IHF36E"",""extent_x"":""1.3207999872684433"",""extent_y"":""0.8102602972522273"",""extent_z"":""0.4318008027774025"",""faces"":""38260"",""image_height_max"":""4096"",""image_height_min"":""4096"",""image_width_max"":""4096"",""image_width_min"":""4096"",""images"":""3"",""materials"":""1"",""meshes"":""1"",""path"":""E/B007IHF36E.glb"",""textures"":""3"",""vertices"":""29211""}"
11,abo,/vol/bitbucket/ct1022/hy3dpaint_finetune/data/metadata/abo/3dmodels.csv.gz,B00838756S,,,,,,glb,,13903,10643,,1,3,,S/B00838756S.glb,5.5000,,,preferred_format:glb;textures:3;materials:1,"technical:preferred_format:glb,textures:3,materials:1","{""3dmodel_id"":""B00838756S"",""extent_x"":""0.9899901759636044"",""extent_y"":""0.7399780347127768"",""extent_z"":""0.40998134873025516"",""faces"":""13903"",""image_height_max"":""4096"",""image_height_min"":""4096"",""image_width_max"":""4096"",""image_width_min"":""4096"",""images"":""3"",""materials"":""1"",""meshes"":""1"",""path"":""S/B00838756S.glb"",""textures"":""3"",""vertices"":""10643""}"
12,abo,/vol/bitbucket/ct1022/hy3dpaint_finetune/data/metadata/abo/3dmodels.csv.gz,B008RLJR2G,,,,,,glb,,30404,19890,,1,3,,G/B008RLJR2G.glb,5.5000,,,preferred_format:glb;textures:3;materials:1,"technical:preferred_format:glb,textures:3,materials:1","{""3dmodel_id"":""B008RLJR2G"",""extent_x"":""0.850899934768676"",""extent_y"":""0.7873999672664163"",""extent_z"":""0.43002200582144173"",""faces"":""30404"",""image_height_max"":""4096"",""image_height_min"":""4096"",""image_width_max"":""4096"",""image_width_min"":""4096"",""images"":""3"",""materials"":""1"",""meshes"":""1"",""path"":""G/B008RLJR2G.glb"",""textures"":""3"",""vertices"":""19890""}"
13,abo,/vol/bitbucket/ct1022/hy3dpaint_finetune/data/metadata/abo/3dmodels.csv.gz,B009S7IYKY,,,,,,glb,,23828,25026,,1,3,,Y/B009S7IYKY.glb,5.5000,,,preferred_format:glb;textures:3;materials:1,"technical:preferred_format:glb,textures:3,materials:1","{""3dmodel_id"":""B009S7IYKY"",""extent_x"":""1.5291762071356851"",""extent_y"":""1.0000000358554293"",""extent_z"":""1.1444928313424299"",""faces"":""23828"",""image_height_max"":""4096"",""image_height_min"":""4096"",""image_width_max"":""4096"",""image_width_min"":""4096"",""images"":""3"",""materials"":""1"",""meshes"":""1"",""path"":""Y/B009S7IYKY.glb"",""textures"":""3"",""vertices"":""25026""}"
14,abo,/vol/bitbucket/ct1022/hy3dpaint_finetune/data/metadata/abo/3dmodels.csv.gz,B009S7IZWG,,,,,,glb,,19974,16862,,1,3,,G/B009S7IZWG.glb,5.5000,,,preferred_format:glb;textures:3;materials:1,"technical:preferred_format:glb,textures:3,materials:1","{""3dmodel_id"":""B009S7IZWG"",""extent_x"":""0.9150001368737649"",""extent_y"":""0.8350000774924738"",""extent_z"":""0.44000002833223745"",""faces"":""19974"",""image_height_max"":""4096"",""image_height_min"":""4096"",""image_width_max"":""4096"",""image_width_min"":""4096"",""images"":""3"",""materials"":""1"",""meshes"":""1"",""path"":""G/B009S7IZWG.glb"",""textures"":""3"",""vertices"":""16862""}"
15,abo,/vol/bitbucket/ct1022/hy3dpaint_finetune/data/metadata/abo/3dmodels.csv.gz,B00BBDF500,,,,,,glb,,8426,6640,,1,3,,0/B00BBDF500.glb,5.5000,,,preferred_format:glb;textures:3;materials:1,"technical:preferred_format:glb,textures:3,materials:1","{""3dmodel_id"":""B00BBDF500"",""extent_x"":""0.8999220013525356"",""extent_y"":""0.7279640908415101"",""extent_z"":""0.3398521174413104"",""faces"":""8426"",""image_height_max"":""4096"",""image_height_min"":""4096"",""image_width_max"":""4096"",""image_width_min"":""4096"",""images"":""3"",""materials"":""1"",""meshes"":""1"",""path"":""0/B00BBDF500.glb"",""textures"":""3"",""vertices"":""6640""}"
16,abo,/vol/bitbucket/ct1022/hy3dpaint_finetune/data/metadata/abo/3dmodels.csv.gz,B00D448IIK,,,,,,glb,,34622,22414,,1,3,,K/B00D448IIK.glb,5.5000,,,preferred_format:glb;textures:3;materials:1,"technical:preferred_format:glb,textures:3,materials:1","{""3dmodel_id"":""B00D448IIK"",""extent_x"":""0.3398520201444626"",""extent_y"":""0.06197599694132805"",""extent_z"":""0.12293603271245956"",""faces"":""34622"",""image_height_max"":""4096"",""image_height_min"":""4096"",""image_width_max"":""4096"",""image_width_min"":""4096"",""images"":""3"",""materials"":""1"",""meshes"":""1"",""path"":""K/B00D448IIK.glb"",""textures"":""3"",""vertices"":""22414""}"
17,abo,/vol/bitbucket/ct1022/hy3dpaint_finetune/data/metadata/abo/3dmodels.csv.gz,B00DIHVMEA,,,,,,glb,,37420,21866,,1,3,,A/B00DIHVMEA.glb,5.5000,,,preferred_format:glb;textures:3;materials:1,"technical:preferred_format:glb,textures:3,materials:1","{""3dmodel_id"":""B00DIHVMEA"",""extent_x"":""0.29717996949344166"",""extent_y"":""0.3874224193440409"",""extent_z"":""0.1676400032188673"",""faces"":""37420"",""image_height_max"":""4096"",""image_height_min"":""4096"",""image_width_max"":""4096"",""image_width_min"":""4096"",""images"":""3"",""materials"":""1"",""meshes"":""1"",""path"":""A/B00DIHVMEA.glb"",""textures"":""3"",""vertices"":""21866""}"
18,abo,/vol/bitbucket/ct1022/hy3dpaint_finetune/data/metadata/abo/3dmodels.csv.gz,B00DUGZFA6,,,,,,glb,,40010,22980,,1,3,,6/B00DUGZFA6.glb,5.5000,,,preferred_format:glb;textures:3;materials:1,"technical:preferred_format:glb,textures:3,materials:1","{""3dmodel_id"":""B00DUGZFA6"",""extent_x"":""0.31963561595533163"",""extent_y"":""0.243830188209968"",""extent_z"":""0.08890000913458011"",""faces"":""40010"",""image_height_max"":""4096"",""image_height_min"":""4096"",""image_width_max"":""4096"",""image_width_min"":""4096"",""images"":""3"",""materials"":""1"",""meshes"":""1"",""path"":""6/B00DUGZFA6.glb"",""textures"":""3"",""vertices"":""22980""}"
19,abo,/vol/bitbucket/ct1022/hy3dpaint_finetune/data/metadata/abo/3dmodels.csv.gz,B00DUGZFLK,,,,,,glb,,18748,13364,,1,3,,K/B00DUGZFLK.glb,5.5000,,,preferred_format:glb;textures:3;materials:1,"technical:preferred_format:glb,textures:3,materials:1","{""3dmodel_id"":""B00DUGZFLK"",""extent_x"":""0.428751960590194"",""extent_y"":""0.33019999741725015"",""extent_z"":""0.12649200365033786"",""faces"":""18748"",""image_height_max"":""4096"",""image_height_min"":""4096"",""image_width_max"":""4096"",""image_width_min"":""4096"",""images"":""3"",""materials"":""1"",""meshes"":""1"",""path"":""K/B00DUGZFLK.glb"",""textures"":""3"",""vertices"":""13364""}"
20,abo,/vol/bitbucket/ct1022/hy3dpaint_finetune/data/metadata/abo/3dmodels.csv.gz,B00EUL2B16,,,,,,glb,,13924,8763,,1,3,,6/B00EUL2B16.glb,5.5000,,,preferred_format:glb;textures:3;materials:1,"technical:preferred_format:glb,textures:3,materials:1","{""3dmodel_id"":""B00EUL2B16"",""extent_x"":""0.45719994410808457"",""extent_y"":""0.9651998836040226"",""extent_z"":""0.5841999901081077"",""faces"":""13924"",""image_height_max"":""4096"",""image_height_min"":""4096"",""image_width_max"":""4096"",""image_width_min"":""4096"",""images"":""3"",""materials"":""1"",""meshes"":""1"",""path"":""6/B00EUL2B16.glb"",""textures"":""3"",""vertices"":""8763""}"
21,abo,/vol/bitbucket/ct1022/hy3dpaint_finetune/data/metadata/abo/3dmodels.csv.gz,B00F5CKWBA,,,,,,glb,,11888,6917,,1,3,,A/B00F5CKWBA.glb,5.5000,,,preferred_format:glb;textures:3;materials:1,"technical:preferred_format:glb,textures:3,materials:1","{""3dmodel_id"":""B00F5CKWBA"",""extent_x"":""0.10667999743905554"",""extent_y"":""0.14731998475551578"",""extent_z"":""0.03047999487782338"",""faces"":""11888"",""image_height_max"":""4096"",""image_height_min"":""4096"",""image_width_max"":""4096"",""image_width_min"":""4096"",""images"":""3"",""materials"":""1"",""meshes"":""1"",""path"":""A/B00F5CKWBA.glb"",""textures"":""3"",""vertices"":""6917""}"
22,abo,/vol/bitbucket/ct1022/hy3dpaint_finetune/data/metadata/abo/3dmodels.csv.gz,B00I0VTOO4,,,,,,glb,,5920,4164,,1,3,,4/B00I0VTOO4.glb,5.5000,,,preferred_format:glb;textures:3;materials:1,"technical:preferred_format:glb,textures:3,materials:1","{""3dmodel_id"":""B00I0VTOO4"",""extent_x"":""0.5199376813676655"",""extent_y"":""1.030113935470582"",""extent_z"":""0.17456028169009144"",""faces"":""5920"",""image_height_max"":""4096"",""image_height_min"":""4096"",""image_width_max"":""4096"",""image_width_min"":""4096"",""images"":""3"",""materials"":""1"",""meshes"":""1"",""path"":""4/B00I0VTOO4.glb"",""textures"":""3"",""vertices"":""4164""}"
23,abo,/vol/bitbucket/ct1022/hy3dpaint_finetune/data/metadata/abo/3dmodels.csv.gz,B00IFHPVEU,,,,,,glb,,70621,38917,,1,3,,U/B00IFHPVEU.glb,5.5000,,,preferred_format:glb;textures:3;materials:1,"technical:preferred_format:glb,textures:3,materials:1","{""3dmodel_id"":""B00IFHPVEU"",""extent_x"":""0.5757669508457184"",""extent_y"":""0.997930645942688"",""extent_z"":""0.6414061784744263"",""faces"":""70621"",""image_height_max"":""2048"",""image_height_min"":""2048"",""image_width_max"":""2048"",""image_width_min"":""2048"",""images"":""3"",""materials"":""1"",""meshes"":""1"",""path"":""U/B00IFHPVEU.glb"",""textures"":""3"",""vertices"":""38917""}"
24,abo,/vol/bitbucket/ct1022/hy3dpaint_finetune/data/metadata/abo/3dmodels.csv.gz,B00IIFW2L4,,,,,,glb,,22120,14902,,1,3,,4/B00IIFW2L4.glb,5.5000,,,preferred_format:glb;textures:3;materials:1,"technical:preferred_format:glb,textures:3,materials:1","{""3dmodel_id"":""B00IIFW2L4"",""extent_x"":""0.6100861565537622"",""extent_y"":""1.0258619422662596"",""extent_z"":""0.6401652126674117"",""faces"":""22120"",""image_height_max"":""4096"",""image_height_min"":""4096"",""image_width_max"":""4096"",""image_width_min"":""4096"",""images"":""3"",""materials"":""1"",""meshes"":""1"",""path"":""4/B00IIFW2L4.glb"",""textures"":""3"",""vertices"":""14902""}"
25,abo,/vol/bitbucket/ct1022/hy3dpaint_finetune/data/metadata/abo/3dmodels.csv.gz,B00JM5TTWO,,,,,,glb,,7220,5152,,1,3,,O/B00JM5TTWO.glb,5.5000,,,preferred_format:glb;textures:3;materials:1,"technical:preferred_format:glb,textures:3,materials:1","{""3dmodel_id"":""B00JM5TTWO"",""extent_x"":""0.3962400195741642"",""extent_y"":""0.30480000233980253"",""extent_z"":""0.030479990491660766"",""faces"":""7220"",""image_height_max"":""4096"",""image_height_min"":""4096"",""image_width_max"":""4096"",""image_width_min"":""4096"",""images"":""3"",""materials"":""1"",""meshes"":""1"",""path"":""O/B00JM5TTWO.glb"",""textures"":""3"",""vertices"":""5152""}"
26,abo,/vol/bitbucket/ct1022/hy3dpaint_finetune/data/metadata/abo/3dmodels.csv.gz,B00MIBN16O,,,,,,glb,,36170,26649,,1,3,,O/B00MIBN16O.glb,5.5000,,,preferred_format:glb;textures:3;materials:1,"technical:preferred_format:glb,textures:3,materials:1","{""3dmodel_id"":""B00MIBN16O"",""extent_x"":""0.15239997197991062"",""extent_y"":""0.7131209005561039"",""extent_z"":""0.650240057964847"",""faces"":""36170"",""image_height_max"":""4096"",""image_height_min"":""4096"",""image_width_max"":""4096"",""image_width_min"":""4096"",""images"":""3"",""materials"":""1"",""meshes"":""1"",""path"":""O/B00MIBN16O.glb"",""textures"":""3"",""vertices"":""26649""}"
27,abo,/vol/bitbucket/ct1022/hy3dpaint_finetune/data/metadata/abo/3dmodels.csv.gz,B00NO73Q84,,,,,,glb,,29768,17812,,1,3,,4/B00NO73Q84.glb,5.5000,,,preferred_format:glb;textures:3;materials:1,"technical:preferred_format:glb,textures:3,materials:1","{""3dmodel_id"":""B00NO73Q84"",""extent_x"":""0.19811999016845733"",""extent_y"":""0.068579994122035"",""extent_z"":""0.431799948215484"",""faces"":""29768"",""image_height_max"":""4096"",""image_height_min"":""4096"",""image_width_max"":""4096"",""image_width_min"":""4096"",""images"":""3"",""materials"":""1"",""meshes"":""1"",""path"":""4/B00NO73Q84.glb"",""textures"":""3"",""vertices"":""17812""}"
28,abo,/vol/bitbucket/ct1022/hy3dpaint_finetune/data/metadata/abo/3dmodels.csv.gz,B00NUS53CY,,,,,,glb,,28976,20016,,1,3,,Y/B00NUS53CY.glb,5.5000,,,preferred_format:glb;textures:3;materials:1,"technical:preferred_format:glb,textures:3,materials:1","{""3dmodel_id"":""B00NUS53CY"",""extent_x"":""0.9071819186210632"",""extent_y"":""1.3597058057785034"",""extent_z"":""0.3518269956111908"",""faces"":""28976"",""image_height_max"":""4096"",""image_height_min"":""4096"",""image_width_max"":""4096"",""image_width_min"":""4096"",""images"":""3"",""materials"":""1"",""meshes"":""1"",""path"":""Y/B00NUS53CY.glb"",""textures"":""3"",""vertices"":""20016""}"
29,abo,/vol/bitbucket/ct1022/hy3dpaint_finetune/data/metadata/abo/3dmodels.csv.gz,B00NUS5GXA,,,,,,glb,,23364,27271,,1,3,,A/B00NUS5GXA.glb,5.5000,,,preferred_format:glb;textures:3;materials:1,"technical:preferred_format:glb,textures:3,materials:1","{""3dmodel_id"":""B00NUS5GXA"",""extent_x"":""0.7619999715238812"",""extent_y"":""1.587499976158142"",""extent_z"":""0.355600005635619"",""faces"":""23364"",""image_height_max"":""4096"",""image_height_min"":""4096"",""image_width_max"":""4096"",""image_width_min"":""4096"",""images"":""3"",""materials"":""1"",""meshes"":""1"",""path"":""A/B00NUS5GXA.glb"",""textures"":""3"",""vertices"":""27271""}"
30,abo,/vol/bitbucket/ct1022/hy3dpaint_finetune/data/metadata/abo/3dmodels.csv.gz,B00OGP5S98,,,,,,glb,,20474,19248,,1,3,,8/B00OGP5S98.glb,5.5000,,,preferred_format:glb;textures:3;materials:1,"technical:preferred_format:glb,textures:3,materials:1","{""3dmodel_id"":""B00OGP5S98"",""extent_x"":""1.199999928474426"",""extent_y"":""0.5100001627206687"",""extent_z"":""0.400000023841855"",""faces"":""20474"",""image_height_max"":""4096"",""image_height_min"":""4096"",""image_width_max"":""4096"",""image_width_min"":""4096"",""images"":""3"",""materials"":""1"",""meshes"":""1"",""path"":""8/B00OGP5S98.glb"",""textures"":""3"",""vertices"":""19248""}"
31,abo,/vol/bitbucket/ct1022/hy3dpaint_finetune/data/metadata/abo/3dmodels.csv.gz,B00QQNFJYC,,,,,,glb,,3463,2546,,1,3,,C/B00QQNFJYC.glb,5.5000,,,preferred_format:glb;textures:3;materials:1,"technical:preferred_format:glb,textures:3,materials:1","{""3dmodel_id"":""B00QQNFJYC"",""extent_x"":""0.7619999667490384"",""extent_y"":""0.8001003420090995"",""extent_z"":""0.548639973874249"",""faces"":""3463"",""image_height_max"":""4096"",""image_height_min"":""4096"",""image_width_max"":""4096"",""image_width_min"":""4096"",""images"":""3"",""materials"":""1"",""meshes"":""1"",""path"":""C/B00QQNFJYC.glb"",""textures"":""3"",""vertices"":""2546""}"
32,abo,/vol/bitbucket/ct1022/hy3dpaint_finetune/data/metadata/abo/3dmodels.csv.gz,B00R3MZITG,,,,,,glb,,6656,3459,,1,3,,G/B00R3MZITG.glb,5.5000,,,preferred_format:glb;textures:3;materials:1,"technical:preferred_format:glb,textures:3,materials:1","{""3dmodel_id"":""B00R3MZITG"",""extent_x"":""0.25669457018375397"",""extent_y"":""0.11388803273439407"",""extent_z"":""0.12596498429775238"",""faces"":""6656"",""image_height_max"":""4096"",""image_height_min"":""4096"",""image_width_max"":""4096"",""image_width_min"":""4096"",""images"":""3"",""materials"":""1"",""meshes"":""1"",""path"":""G/B00R3MZITG.glb"",""textures"":""3"",""vertices"":""3459""}"
33,abo,/vol/bitbucket/ct1022/hy3dpaint_finetune/data/metadata/abo/3dmodels.csv.gz,B00TOAN7YI,,,,,,glb,,19204,10624,,1,3,,I/B00TOAN7YI.glb,5.5000,,,preferred_format:glb;textures:3;materials:1,"technical:preferred_format:glb,textures:3,materials:1","{""3dmodel_id"":""B00TOAN7YI"",""extent_x"":""0.9000366926193237"",""extent_y"":""1.1999999284744263"",""extent_z"":""0.36017611622810364"",""faces"":""19204"",""image_height_max"":""4096"",""image_height_min"":""4096"",""image_width_max"":""4096"",""image_width_min"":""4096"",""images"":""3"",""materials"":""1"",""meshes"":""1"",""path"":""I/B00TOAN7YI.glb"",""textures"":""3"",""vertices"":""10624""}"
34,abo,/vol/bitbucket/ct1022/hy3dpaint_finetune/data/metadata/abo/3dmodels.csv.gz,B00TOAN83I,,,,,,glb,,1064,640,,1,3,,I/B00TOAN83I.glb,5.5000,,,preferred_format:glb;textures:3;materials:1,"technical:preferred_format:glb,textures:3,materials:1","{""3dmodel_id"":""B00TOAN83I"",""extent_x"":""0.870000004768372"",""extent_y"":""0.6300000302750494"",""extent_z"":""0.030000009775675643"",""faces"":""1064"",""image_height_max"":""4096"",""image_height_min"":""4096"",""image_width_max"":""4096"",""image_width_min"":""4096"",""images"":""3"",""materials"":""1"",""meshes"":""1"",""path"":""I/B00TOAN83I.glb"",""textures"":""3"",""vertices"":""640""}"
35,abo,/vol/bitbucket/ct1022/hy3dpaint_finetune/data/metadata/abo/3dmodels.csv.gz,B00TS18AEA,,,,,,glb,,21174,13035,,1,3,,A/B00TS18AEA.glb,5.5000,,,preferred_format:glb;textures:3;materials:1,"technical:preferred_format:glb,textures:3,materials:1","{""3dmodel_id"":""B00TS18AEA"",""extent_x"":""0.06984999101691793"",""extent_y"":""0.11429999428093442"",""extent_z"":""0.038096929490131666"",""faces"":""21174"",""image_height_max"":""4096"",""image_height_min"":""4096"",""image_width_max"":""4096"",""image_width_min"":""4096"",""images"":""3"",""materials"":""1"",""meshes"":""1"",""path"":""A/B00TS18AEA.glb"",""textures"":""3"",""vertices"":""13035""}"
36,abo,/vol/bitbucket/ct1022/hy3dpaint_finetune/data/metadata/abo/3dmodels.csv.gz,B00WRDRRWW,,,,,,glb,,38362,20240,,1,3,,W/B00WRDRRWW.glb,5.5000,,,preferred_format:glb;textures:3;materials:1,"technical:preferred_format:glb,textures:3,materials:1","{""3dmodel_id"":""B00WRDRRWW"",""extent_x"":""0.2555240399270076"",""extent_y"":""0.15493999995660568"",""extent_z"":""0.2362701112542822"",""faces"":""38362"",""image_height_max"":""4096"",""image_height_min"":""4096"",""image_width_max"":""4096"",""image_width_min"":""4096"",""images"":""3"",""materials"":""1"",""meshes"":""1"",""path"":""W/B00WRDRRWW.glb"",""textures"":""3"",""vertices"":""20240""}"
37,abo,/vol/bitbucket/ct1022/hy3dpaint_finetune/data/metadata/abo/3dmodels.csv.gz,B00WRDS0AU,,,,,,glb,,38362,20338,,1,3,,U/B00WRDS0AU.glb,5.5000,,,preferred_format:glb;textures:3;materials:1,"technical:preferred_format:glb,textures:3,materials:1","{""3dmodel_id"":""B00WRDS0AU"",""extent_x"":""0.255524009466172"",""extent_y"":""0.15493999995660568"",""extent_z"":""0.2362700960238644"",""faces"":""38362"",""image_height_max"":""4096"",""image_height_min"":""4096"",""image_width_max"":""4096"",""image_width_min"":""4096"",""images"":""3"",""materials"":""1"",""meshes"":""1"",""path"":""U/B00WRDS0AU.glb"",""textures"":""3"",""vertices"":""20338""}"
38,abo,/vol/bitbucket/ct1022/hy3dpaint_finetune/data/metadata/abo/3dmodels.csv.gz,B00WRDS8H0,,,,,,glb,,15978,13309,,1,3,,0/B00WRDS8H0.glb,5.5000,,,preferred_format:glb;textures:3;materials:1,"technical:preferred_format:glb,textures:3,materials:1","{""3dmodel_id"":""B00WRDS8H0"",""extent_x"":""0.330199986696244"",""extent_y"":""0.18288002109417473"",""extent_z"":""0.27886054282803013"",""faces"":""15978"",""image_height_max"":""4096"",""image_height_min"":""4096"",""image_width_max"":""4096"",""image_width_min"":""4096"",""images"":""3"",""materials"":""1"",""meshes"":""1"",""path"":""0/B00WRDS8H0.glb"",""textures"":""3"",""vertices"":""13309""}"
39,abo,/vol/bitbucket/ct1022/hy3dpaint_finetune/data/metadata/abo/3dmodels.csv.gz,B00X4SCCFG,,,,,,glb,,11396,8172,,1,3,,G/B00X4SCCFG.glb,5.5000,,,preferred_format:glb;textures:3;materials:1,"technical:preferred_format:glb,textures:3,materials:1","{""3dmodel_id"":""B00X4SCCFG"",""extent_x"":""0.4099999964237213"",""extent_y"":""0.09999960660934448"",""extent_z"":""0.28000007569789886"",""faces"":""11396"",""image_height_max"":""4096"",""image_height_min"":""4096"",""image_width_max"":""4096"",""image_width_min"":""4096"",""images"":""3"",""materials"":""1"",""meshes"":""1"",""path"":""G/B00X4SCCFG.glb"",""textures"":""3"",""vertices"":""8172""}"
40,abo,/vol/bitbucket/ct1022/hy3dpaint_finetune/data/metadata/abo/3dmodels.csv.gz,B00XBC3BF0,,,,,,glb,,142080,77376,,1,3,,0/B00XBC3BF0.glb,5.5000,,,preferred_format:glb;textures:3;materials:1,"technical:preferred_format:glb,textures:3,materials:1","{""3dmodel_id"":""B00XBC3BF0"",""extent_x"":""0.6629399657249451"",""extent_y"":""1.1550036668777466"",""extent_z"":""0.7391399443149567"",""faces"":""142080"",""image_height_max"":""4096"",""image_height_min"":""4096"",""image_width_max"":""4096"",""image_width_min"":""4096"",""images"":""3"",""materials"":""1"",""meshes"":""1"",""path"":""0/B00XBC3BF0.glb"",""textures"":""3"",""vertices"":""77376""}"
41,abo,/vol/bitbucket/ct1022/hy3dpaint_finetune/data/metadata/abo/3dmodels.csv.gz,B00XBC3J84,,,,,,glb,,92440,51060,,1,3,,4/B00XBC3J84.glb,5.5000,,,preferred_format:glb;textures:3;materials:1,"technical:preferred_format:glb,textures:3,materials:1","{""3dmodel_id"":""B00XBC3J84"",""extent_x"":""0.6474542021751404"",""extent_y"":""0.9591255187988281"",""extent_z"":""0.6464415788650513"",""faces"":""92440"",""image_height_max"":""4096"",""image_height_min"":""4096"",""image_width_max"":""4096"",""image_width_min"":""4096"",""images"":""3"",""materials"":""1"",""meshes"":""1"",""path"":""4/B00XBC3J84.glb"",""textures"":""3"",""vertices"":""51060""}"
42,abo,/vol/bitbucket/ct1022/hy3dpaint_finetune/data/metadata/abo/3dmodels.csv.gz,B010QZCT5W,,,,,,glb,,29580,21799,,1,3,,W/B010QZCT5W.glb,5.5000,,,preferred_format:glb;textures:3;materials:1,"technical:preferred_format:glb,textures:3,materials:1","{""3dmodel_id"":""B010QZCT5W"",""extent_x"":""0.11506200031869077"",""extent_y"":""0.4664659201315435"",""extent_z"":""0.4952999733562844"",""faces"":""29580"",""image_height_max"":""4096"",""image_height_min"":""4096"",""image_width_max"":""4096"",""image_width_min"":""4096"",""images"":""3"",""materials"":""1"",""meshes"":""1"",""path"":""W/B010QZCT5W.glb"",""textures"":""3"",""vertices"":""21799""}"
43,abo,/vol/bitbucket/ct1022/hy3dpaint_finetune/data/metadata/abo/3dmodels.csv.gz,B010QZD6I6,,,,,,glb,,12574,7682,,1,3,,6/B010QZD6I6.glb,5.5000,,,preferred_format:glb;textures:3;materials:1,"technical:preferred_format:glb,textures:3,materials:1","{""3dmodel_id"":""B010QZD6I6"",""extent_x"":""0.23012398420286007"",""extent_y"":""0.09194801849432119"",""extent_z"":""0.23012401163578"",""faces"":""12574"",""image_height_max"":""4096"",""image_height_min"":""4096"",""image_width_max"":""4096"",""image_width_min"":""4096"",""images"":""3"",""materials"":""1"",""meshes"":""1"",""path"":""6/B010QZD6I6.glb"",""textures"":""3"",""vertices"":""7682""}"
44,abo,/vol/bitbucket/ct1022/hy3dpaint_finetune/data/metadata/abo/3dmodels.csv.gz,B012S0S20Y,,,,,,glb,,18404,10478,,1,3,,Y/B012S0S20Y.glb,5.5000,,,preferred_format:glb;textures:3;materials:1,"technical:preferred_format:glb,textures:3,materials:1","{""3dmodel_id"":""B012S0S20Y"",""extent_x"":""0.9144000432362615"",""extent_y"":""2.41299986839294"",""extent_z"":""0.9144000432362615"",""faces"":""18404"",""image_height_max"":""4096"",""image_height_min"":""4096"",""image_width_max"":""4096"",""image_width_min"":""4096"",""images"":""3"",""materials"":""1"",""meshes"":""1"",""path"":""Y/B012S0S20Y.glb"",""textures"":""3"",""vertices"":""10478""}"
45,abo,/vol/bitbucket/ct1022/hy3dpaint_finetune/data/metadata/abo/3dmodels.csv.gz,B013OWRNDC,,,,,,glb,,11490,7998,,1,3,,C/B013OWRNDC.glb,5.5000,,,preferred_format:glb;textures:3;materials:1,"technical:preferred_format:glb,textures:3,materials:1","{""3dmodel_id"":""B013OWRNDC"",""extent_x"":""0.659891859281243"",""extent_y"":""0.8127999417304993"",""extent_z"":""0.49987209860372384"",""faces"":""11490"",""image_height_max"":""4096"",""image_height_min"":""4096"",""image_width_max"":""4096"",""image_width_min"":""4096"",""images"":""3"",""materials"":""1"",""meshes"":""1"",""path"":""C/B013OWRNDC.glb"",""textures"":""3"",""vertices"":""7998""}"
46,abo,/vol/bitbucket/ct1022/hy3dpaint_finetune/data/metadata/abo/3dmodels.csv.gz,B013P2DRJK,,,,,,glb,,47484,32565,,1,3,,K/B013P2DRJK.glb,5.5000,,,preferred_format:glb;textures:3;materials:1,"technical:preferred_format:glb,textures:3,materials:1","{""3dmodel_id"":""B013P2DRJK"",""extent_x"":""0.5299999713897705"",""extent_y"":""0.5149999768610263"",""extent_z"":""0.3799999952316284"",""faces"":""47484"",""image_height_max"":""4096"",""image_height_min"":""4096"",""image_width_max"":""4096"",""image_width_min"":""4096"",""images"":""3"",""materials"":""1"",""meshes"":""1"",""path"":""K/B013P2DRJK.glb"",""textures"":""3"",""vertices"":""32565""}"
47,abo,/vol/bitbucket/ct1022/hy3dpaint_finetune/data/metadata/abo/3dmodels.csv.gz,B013TGFGWS,,,,,,glb,,9548,4999,,1,3,,S/B013TGFGWS.glb,5.5000,,,preferred_format:glb;textures:3;materials:1,"technical:preferred_format:glb,textures:3,materials:1","{""3dmodel_id"":""B013TGFGWS"",""extent_x"":""0.3349999785423279"",""extent_y"":""0.22100000083446503"",""extent_z"":""0.05706699751317501"",""faces"":""9548"",""image_height_max"":""4096"",""image_height_min"":""4096"",""image_width_max"":""4096"",""image_width_min"":""4096"",""images"":""3"",""materials"":""1"",""meshes"":""1"",""path"":""S/B013TGFGWS.glb"",""textures"":""3"",""vertices"":""4999""}"
48,abo,/vol/bitbucket/ct1022/hy3dpaint_finetune/data/metadata/abo/3dmodels.csv.gz,B014I8UQJY,,,,,,glb,,25578,24391,,1,3,,Y/B014I8UQJY.glb,5.5000,,,preferred_format:glb;textures:3;materials:1,"technical:preferred_format:glb,textures:3,materials:1","{""3dmodel_id"":""B014I8UQJY"",""extent_x"":""0.4216400042637997"",""extent_y"":""0.03048000268233595"",""extent_z"":""0.2565399719730726"",""faces"":""25578"",""image_height_max"":""4096"",""image_height_min"":""4096"",""image_width_max"":""4096"",""image_width_min"":""4096"",""images"":""3"",""materials"":""1"",""meshes"":""1"",""path"":""Y/B014I8UQJY.glb"",""textures"":""3"",""vertices"":""24391""}"
49,abo,/vol/bitbucket/ct1022/hy3dpaint_finetune/data/metadata/abo/3dmodels.csv.gz,B014RWWURC,,,,,,glb,,33390,27185,,1,3,,C/B014RWWURC.glb,5.5000,,,preferred_format:glb;textures:3;materials:1,"technical:preferred_format:glb,textures:3,materials:1","{""3dmodel_id"":""B014RWWURC"",""extent_x"":""0.1356284036782509"",""extent_y"":""0.014986000022030481"",""extent_z"":""0.281336635351182"",""faces"":""33390"",""image_height_max"":""4096"",""image_height_min"":""4096"",""image_width_max"":""4096"",""image_width_min"":""4096"",""images"":""3"",""materials"":""1"",""meshes"":""1"",""path"":""C/B014RWWURC.glb"",""textures"":""3"",""vertices"":""27185""}"
50,abo,/vol/bitbucket/ct1022/hy3dpaint_finetune/data/metadata/abo/3dmodels.csv.gz,B0154VUESC,,,,,,glb,,9816,6092,,1,3,,C/B0154VUESC.glb,5.5000,,,preferred_format:glb;textures:3;materials:1,"technical:preferred_format:glb,textures:3,materials:1","{""3dmodel_id"":""B0154VUESC"",""extent_x"":""1.7200000895703427"",""extent_y"":""0.8000000430883222"",""extent_z"":""2.0599997717671603"",""faces"":""9816"",""image_height_max"":""4096"",""image_height_min"":""4096"",""image_width_max"":""4096"",""image_width_min"":""4096"",""images"":""3"",""materials"":""1"",""meshes"":""1"",""path"":""C/B0154VUESC.glb"",""textures"":""3"",""vertices"":""6092""}"
51,abo,/vol/bitbucket/ct1022/hy3dpaint_finetune/data/metadata/abo/3dmodels.csv.gz,B0154WJZH2,,,,,,glb,,6324,5010,,1,3,,2/B0154WJZH2.glb,5.5000,,,preferred_format:glb;textures:3;materials:1,"technical:preferred_format:glb,textures:3,materials:1","{""3dmodel_id"":""B0154WJZH2"",""extent_x"":""1.4498317897520119"",""extent_y"":""0.8999215037554796"",""extent_z"":""0.3799838197829788"",""faces"":""6324"",""image_height_max"":""4096"",""image_height_min"":""4096"",""image_width_max"":""4096"",""image_width_min"":""4096"",""images"":""3"",""materials"":""1"",""meshes"":""1"",""path"":""2/B0154WJZH2.glb"",""textures"":""3"",""vertices"":""5010""}"
52,abo,/vol/bitbucket/ct1022/hy3dpaint_finetune/data/metadata/abo/3dmodels.csv.gz,B01557LJIO,,,,,,glb,,3638,3310,,1,3,,O/B01557LJIO.glb,5.5000,,,preferred_format:glb;textures:3;materials:1,"technical:preferred_format:glb,textures:3,materials:1","{""3dmodel_id"":""B01557LJIO"",""extent_x"":""1.449831247329712"",""extent_y"":""0.8999220967910304"",""extent_z"":""0.3799840428021177"",""faces"":""3638"",""image_height_max"":""4096"",""image_height_min"":""4096"",""image_width_max"":""4096"",""image_width_min"":""4096"",""images"":""3"",""materials"":""1"",""meshes"":""1"",""path"":""O/B01557LJIO.glb"",""textures"":""3"",""vertices"":""3310""}"
53,abo,/vol/bitbucket/ct1022/hy3dpaint_finetune/data/metadata/abo/3dmodels.csv.gz,B01557QQSW,,,,,,glb,,2672,2509,,1,3,,W/B01557QQSW.glb,5.5000,,,preferred_format:glb;textures:3;materials:1,"technical:preferred_format:glb,textures:3,materials:1","{""3dmodel_id"":""B01557QQSW"",""extent_x"":""0.979932844638824"",""extent_y"":""0.8999221856853796"",""extent_z"":""0.3799842049063871"",""faces"":""2672"",""image_height_max"":""4096"",""image_height_min"":""4096"",""image_width_max"":""4096"",""image_width_min"":""4096"",""images"":""3"",""materials"":""1"",""meshes"":""1"",""path"":""W/B01557QQSW.glb"",""textures"":""3"",""vertices"":""2509""}"
54,abo,/vol/bitbucket/ct1022/hy3dpaint_finetune/data/metadata/abo/3dmodels.csv.gz,B015IPNVFW,,,,,,glb,,5904,5832,,1,3,,W/B015IPNVFW.glb,5.5000,,,preferred_format:glb;textures:3;materials:1,"technical:preferred_format:glb,textures:3,materials:1","{""3dmodel_id"":""B015IPNVFW"",""extent_x"":""3.0"",""extent_y"":""2.3600003719329834"",""extent_z"":""0.5798822641372681"",""faces"":""5904"",""image_height_max"":""4096"",""image_height_min"":""4096"",""image_width_max"":""4096"",""image_width_min"":""4096"",""images"":""3"",""materials"":""1"",""meshes"":""1"",""path"":""W/B015IPNVFW.glb"",""textures"":""3"",""vertices"":""5832""}"
55,abo,/vol/bitbucket/ct1022/hy3dpaint_finetune/data/metadata/abo/3dmodels.csv.gz,B016ID2V5O,,,,,,glb,,78114,44725,,1,3,,O/B016ID2V5O.glb,5.5000,,,preferred_format:glb;textures:3;materials:1,"technical:preferred_format:glb,textures:3,materials:1","{""3dmodel_id"":""B016ID2V5O"",""extent_x"":""0.7000240350894523"",""extent_y"":""1.145031809806824"",""extent_z"":""0.7800339880988575"",""faces"":""78114"",""image_height_max"":""4096"",""image_height_min"":""4096"",""image_width_max"":""4096"",""image_width_min"":""4096"",""images"":""3"",""materials"":""1"",""meshes"":""1"",""path"":""O/B016ID2V5O.glb"",""textures"":""3"",""vertices"":""44725""}"
56,abo,/vol/bitbucket/ct1022/hy3dpaint_finetune/data/metadata/abo/3dmodels.csv.gz,B016ID34BO,,,,,,glb,,35871,24472,,1,3,,O/B016ID34BO.glb,5.5000,,,preferred_format:glb;textures:3;materials:1,"technical:preferred_format:glb,textures:3,materials:1","{""3dmodel_id"":""B016ID34BO"",""extent_x"":""0.6095999849699181"",""extent_y"":""0.9715499184287065"",""extent_z"":""0.6095999849699181"",""faces"":""35871"",""image_height_max"":""4096"",""image_height_min"":""4096"",""image_width_max"":""4096"",""image_width_min"":""4096"",""images"":""3"",""materials"":""1"",""meshes"":""1"",""path"":""O/B016ID34BO.glb"",""textures"":""3"",""vertices"":""24472""}"
57,abo,/vol/bitbucket/ct1022/hy3dpaint_finetune/data/metadata/abo/3dmodels.csv.gz,B017DORX3M,,,,,,glb,,25202,13404,,1,3,,M/B017DORX3M.glb,5.5000,,,preferred_format:glb;textures:3;materials:1,"technical:preferred_format:glb,textures:3,materials:1","{""3dmodel_id"":""B017DORX3M"",""extent_x"":""0.3700000047683716"",""extent_y"":""0.1080000028014183"",""extent_z"":""0.2799999862909317"",""faces"":""25202"",""image_height_max"":""4096"",""image_height_min"":""4096"",""image_width_max"":""4096"",""image_width_min"":""4096"",""images"":""3"",""materials"":""1"",""meshes"":""1"",""path"":""M/B017DORX3M.glb"",""textures"":""3"",""vertices"":""13404""}"
58,abo,/vol/bitbucket/ct1022/hy3dpaint_finetune/data/metadata/abo/3dmodels.csv.gz,B017DOS5C0,,,,,,glb,,25202,13404,,1,3,,0/B017DOS5C0.glb,5.5000,,,preferred_format:glb;textures:3;materials:1,"technical:preferred_format:glb,textures:3,materials:1","{""3dmodel_id"":""B017DOS5C0"",""extent_x"":""0.3700000047683716"",""extent_y"":""0.1080000028014183"",""extent_z"":""0.2799999862909317"",""faces"":""25202"",""image_height_max"":""4096"",""image_height_min"":""4096"",""image_width_max"":""4096"",""image_width_min"":""4096"",""images"":""3"",""materials"":""1"",""meshes"":""1"",""path"":""0/B017DOS5C0.glb"",""textures"":""3"",""vertices"":""13404""}"
59,abo,/vol/bitbucket/ct1022/hy3dpaint_finetune/data/metadata/abo/3dmodels.csv.gz,B017YEANB0,,,,,,glb,,59482,35820,,1,3,,0/B017YEANB0.glb,5.5000,,,preferred_format:glb;textures:3;materials:1,"technical:preferred_format:glb,textures:3,materials:1","{""3dmodel_id"":""B017YEANB0"",""extent_x"":""0.02363720815628767"",""extent_y"":""0.0051581133157014855"",""extent_z"":""0.0588584803044796"",""faces"":""59482"",""image_height_max"":""2048"",""image_height_min"":""2048"",""image_width_max"":""2048"",""image_width_min"":""2048"",""images"":""3"",""materials"":""1"",""meshes"":""1"",""path"":""0/B017YEANB0.glb"",""textures"":""3"",""vertices"":""35820""}"
60,abo,/vol/bitbucket/ct1022/hy3dpaint_finetune/data/metadata/abo/3dmodels.csv.gz,B018K6NSIG,,,,,,glb,,1652,1944,,1,3,,G/B018K6NSIG.glb,5.5000,,,preferred_format:glb;textures:3;materials:1,"technical:preferred_format:glb,textures:3,materials:1","{""3dmodel_id"":""B018K6NSIG"",""extent_x"":""0.3497579619573336"",""extent_y"":""0.5499099761301273"",""extent_z"":""0.2697480035442101"",""faces"":""1652"",""image_height_max"":""4096"",""image_height_min"":""4096"",""image_width_max"":""4096"",""image_width_min"":""4096"",""images"":""3"",""materials"":""1"",""meshes"":""1"",""path"":""G/B018K6NSIG.glb"",""textures"":""3"",""vertices"":""1944""}"
61,abo,/vol/bitbucket/ct1022/hy3dpaint_finetune/data/metadata/abo/3dmodels.csv.gz,B01B254OVC,,,,,,glb,,19598,11994,,1,3,,C/B01B254OVC.glb,5.5000,,,preferred_format:glb;textures:3;materials:1,"technical:preferred_format:glb,textures:3,materials:1","{""3dmodel_id"":""B01B254OVC"",""extent_x"":""0.33019997685551755"",""extent_y"":""0.2412999660546978"",""extent_z"":""0.04114799884175344"",""faces"":""19598"",""image_height_max"":""4096"",""image_height_min"":""4096"",""image_width_max"":""4096"",""image_width_min"":""4096"",""images"":""3"",""materials"":""1"",""meshes"":""1"",""path"":""C/B01B254OVC.glb"",""textures"":""3"",""vertices"":""11994""}"
62,abo,/vol/bitbucket/ct1022/hy3dpaint_finetune/data/metadata/abo/3dmodels.csv.gz,B01D3C7Z4A,,,,,,glb,,4224,3323,,1,3,,A/B01D3C7Z4A.glb,5.5000,,,preferred_format:glb;textures:3;materials:1,"technical:preferred_format:glb,textures:3,materials:1","{""3dmodel_id"":""B01D3C7Z4A"",""extent_x"":""0.42766471207141876"",""extent_y"":""0.6138444542884827"",""extent_z"":""0.41810373961925507"",""faces"":""4224"",""image_height_max"":""4096"",""image_height_min"":""4096"",""image_width_max"":""4096"",""image_width_min"":""4096"",""images"":""3"",""materials"":""1"",""meshes"":""1"",""path"":""A/B01D3C7Z4A.glb"",""textures"":""3"",""vertices"":""3323""}"
63,abo,/vol/bitbucket/ct1022/hy3dpaint_finetune/data/metadata/abo/3dmodels.csv.gz,B01D7P5BFS,,,,,,glb,,16350,14008,,1,3,,S/B01D7P5BFS.glb,5.5000,,,preferred_format:glb;textures:3;materials:1,"technical:preferred_format:glb,textures:3,materials:1","{""3dmodel_id"":""B01D7P5BFS"",""extent_x"":""0.4749799853842094"",""extent_y"":""0.970026016235352"",""extent_z"":""0.45008801131803033"",""faces"":""16350"",""image_height_max"":""4096"",""image_height_min"":""4096"",""image_width_max"":""4096"",""image_width_min"":""4096"",""images"":""3"",""materials"":""1"",""meshes"":""1"",""path"":""S/B01D7P5BFS.glb"",""textures"":""3"",""vertices"":""14008""}"
64,abo,/vol/bitbucket/ct1022/hy3dpaint_finetune/data/metadata/abo/3dmodels.csv.gz,B01D7P5JW8,,,,,,glb,,16350,13996,,1,3,,8/B01D7P5JW8.glb,5.5000,,,preferred_format:glb;textures:3;materials:1,"technical:preferred_format:glb,textures:3,materials:1","{""3dmodel_id"":""B01D7P5JW8"",""extent_x"":""0.5334210588006914"",""extent_y"":""0.8117212287822543"",""extent_z"":""0.48259995415478607"",""faces"":""16350"",""image_height_max"":""4096"",""image_height_min"":""4096"",""image_width_max"":""4096"",""image_width_min"":""4096"",""images"":""3"",""materials"":""1"",""meshes"":""1"",""path"":""8/B01D7P5JW8.glb"",""textures"":""3"",""vertices"":""13996""}"
65,abo,/vol/bitbucket/ct1022/hy3dpaint_finetune/data/metadata/abo/3dmodels.csv.gz,B01D7P5NI8,,,,,,glb,,16350,13996,,1,3,,8/B01D7P5NI8.glb,5.5000,,,preferred_format:glb;textures:3;materials:1,"technical:preferred_format:glb,textures:3,materials:1","{""3dmodel_id"":""B01D7P5NI8"",""extent_x"":""0.5334210573467327"",""extent_y"":""0.8117212169336523"",""extent_z"":""0.4825999385499354"",""faces"":""16350"",""image_height_max"":""4096"",""image_height_min"":""4096"",""image_width_max"":""4096"",""image_width_min"":""4096"",""images"":""3"",""materials"":""1"",""meshes"":""1"",""path"":""8/B01D7P5NI8.glb"",""textures"":""3"",""vertices"":""13996""}"
66,abo,/vol/bitbucket/ct1022/hy3dpaint_finetune/data/metadata/abo/3dmodels.csv.gz,B01D7P5QKS,,,,,,glb,,69231,37883,,1,3,,S/B01D7P5QKS.glb,5.5000,,,preferred_format:glb;textures:3;materials:1,"technical:preferred_format:glb,textures:3,materials:1","{""3dmodel_id"":""B01D7P5QKS"",""extent_x"":""0.44957998394966125"",""extent_y"":""0.9702799916267395"",""extent_z"":""0.4749800115823746"",""faces"":""69231"",""image_height_max"":""4096"",""image_height_min"":""4096"",""image_width_max"":""4096"",""image_width_min"":""4096"",""images"":""3"",""materials"":""1"",""meshes"":""1"",""path"":""S/B01D7P5QKS.glb"",""textures"":""3"",""vertices"":""37883""}"
67,abo,/vol/bitbucket/ct1022/hy3dpaint_finetune/data/metadata/abo/3dmodels.csv.gz,B01D7PG5EO,,,,,,glb,,58256,32954,,1,3,,O/B01D7PG5EO.glb,5.5000,,,preferred_format:glb;textures:3;materials:1,"technical:preferred_format:glb,textures:3,materials:1","{""3dmodel_id"":""B01D7PG5EO"",""extent_x"":""0.8201441764831543"",""extent_y"":""1.2680747509002686"",""extent_z"":""0.8316158950328827"",""faces"":""58256"",""image_height_max"":""2048"",""image_height_min"":""2048"",""image_width_max"":""2048"",""image_width_min"":""2048"",""images"":""3"",""materials"":""1"",""meshes"":""1"",""path"":""O/B01D7PG5EO.glb"",""textures"":""3"",""vertices"":""32954""}"
68,abo,/vol/bitbucket/ct1022/hy3dpaint_finetune/data/metadata/abo/3dmodels.csv.gz,B01DA8LC0A,,,,,,glb,,9720,8471,,1,3,,A/B01DA8LC0A.glb,5.5000,,,preferred_format:glb;textures:3;materials:1,"technical:preferred_format:glb,textures:3,materials:1","{""3dmodel_id"":""B01DA8LC0A"",""extent_x"":""0.999998033046602"",""extent_y"":""0.43705714583557426"",""extent_z"":""0.6002019401247909"",""faces"":""9720"",""image_height_max"":""4096"",""image_height_min"":""4096"",""image_width_max"":""4096"",""image_width_min"":""4096"",""images"":""3"",""materials"":""1"",""meshes"":""1"",""path"":""A/B01DA8LC0A.glb"",""textures"":""3"",""vertices"":""8471""}"
69,abo,/vol/bitbucket/ct1022/hy3dpaint_finetune/data/metadata/abo/3dmodels.csv.gz,B01DA8QJYO,,,,,,glb,,14744,24881,,1,3,,O/B01DA8QJYO.glb,5.5000,,,preferred_format:glb;textures:3;materials:1,"technical:preferred_format:glb,textures:3,materials:1","{""3dmodel_id"":""B01DA8QJYO"",""extent_x"":""1.0797540593000654"",""extent_y"":""0.5499099498855745"",""extent_z"":""0.4399279599084596"",""faces"":""14744"",""image_height_max"":""4096"",""image_height_min"":""4096"",""image_width_max"":""4096"",""image_width_min"":""4096"",""images"":""3"",""materials"":""1"",""meshes"":""1"",""path"":""O/B01DA8QJYO.glb"",""textures"":""3"",""vertices"":""24881""}"
70,abo,/vol/bitbucket/ct1022/hy3dpaint_finetune/data/metadata/abo/3dmodels.csv.gz,B01DA8QZFM,,,,,,glb,,10534,8318,,1,3,,M/B01DA8QZFM.glb,5.5000,,,preferred_format:glb;textures:3;materials:1,"technical:preferred_format:glb,textures:3,materials:1","{""3dmodel_id"":""B01DA8QZFM"",""extent_x"":""1.239773869514466"",""extent_y"":""0.7300000049045754"",""extent_z"":""0.3497580077212314"",""faces"":""10534"",""image_height_max"":""4096"",""image_height_min"":""4096"",""image_width_max"":""4096"",""image_width_min"":""4096"",""images"":""3"",""materials"":""1"",""meshes"":""1"",""path"":""M/B01DA8QZFM.glb"",""textures"":""3"",""vertices"":""8318""}"
71,abo,/vol/bitbucket/ct1022/hy3dpaint_finetune/data/metadata/abo/3dmodels.csv.gz,B01DDQMQO0,,,,,,glb,,8624,5786,,1,3,,0/B01DDQMQO0.glb,5.5000,,,preferred_format:glb;textures:3;materials:1,"technical:preferred_format:glb,textures:3,materials:1","{""3dmodel_id"":""B01DDQMQO0"",""extent_x"":""0.8401005001154979"",""extent_y"":""0.9796361242204918"",""extent_z"":""0.29084751258537295"",""faces"":""8624"",""image_height_max"":""4096"",""image_height_min"":""4096"",""image_width_max"":""4096"",""image_width_min"":""4096"",""images"":""3"",""materials"":""1"",""meshes"":""1"",""path"":""0/B01DDQMQO0.glb"",""textures"":""3"",""vertices"":""5786""}"
72,abo,/vol/bitbucket/ct1022/hy3dpaint_finetune/data/metadata/abo/3dmodels.csv.gz,B01DJH73X2,,,,,,glb,,6804,4399,,1,3,,2/B01DJH73X2.glb,5.5000,,,preferred_format:glb;textures:3;materials:1,"technical:preferred_format:glb,textures:3,materials:1","{""3dmodel_id"":""B01DJH73X2"",""extent_x"":""0.4040000517473268"",""extent_y"":""0.7299978893996525"",""extent_z"":""0.5999999499805024"",""faces"":""6804"",""image_height_max"":""4096"",""image_height_min"":""4096"",""image_width_max"":""4096"",""image_width_min"":""4096"",""images"":""3"",""materials"":""1"",""meshes"":""1"",""path"":""2/B01DJH73X2.glb"",""textures"":""3"",""vertices"":""4399""}"
73,abo,/vol/bitbucket/ct1022/hy3dpaint_finetune/data/metadata/abo/3dmodels.csv.gz,B01DJH73Y6,,,,,,glb,,6804,4399,,1,3,,6/B01DJH73Y6.glb,5.5000,,,preferred_format:glb;textures:3;materials:1,"technical:preferred_format:glb,textures:3,materials:1","{""3dmodel_id"":""B01DJH73Y6"",""extent_x"":""0.4038599237104141"",""extent_y"":""0.7299978893996525"",""extent_z"":""0.5999479757715"",""faces"":""6804"",""image_height_max"":""4096"",""image_height_min"":""4096"",""image_width_max"":""4096"",""image_width_min"":""4096"",""images"":""3"",""materials"":""1"",""meshes"":""1"",""path"":""6/B01DJH73Y6.glb"",""textures"":""3"",""vertices"":""4399""}"
74,abo,/vol/bitbucket/ct1022/hy3dpaint_finetune/data/metadata/abo/3dmodels.csv.gz,B01DJH742M,,,,,,glb,,6804,4399,,1,3,,M/B01DJH742M.glb,5.5000,,,preferred_format:glb;textures:3;materials:1,"technical:preferred_format:glb,textures:3,materials:1","{""3dmodel_id"":""B01DJH742M"",""extent_x"":""0.4038600107329491"",""extent_y"":""0.7299978893996525"",""extent_z"":""0.5999479757715"",""faces"":""6804"",""image_height_max"":""4096"",""image_height_min"":""4096"",""image_width_max"":""4096"",""image_width_min"":""4096"",""images"":""3"",""materials"":""1"",""meshes"":""1"",""path"":""M/B01DJH742M.glb"",""textures"":""3"",""vertices"":""4399""}"
75,abo,/vol/bitbucket/ct1022/hy3dpaint_finetune/data/metadata/abo/3dmodels.csv.gz,B01DN7NFRG,,,,,,glb,,67014,42438,,1,3,,G/B01DN7NFRG.glb,5.5000,,,preferred_format:glb;textures:3;materials:1,"technical:preferred_format:glb,textures:3,materials:1","{""3dmodel_id"":""B01DN7NFRG"",""extent_x"":""0.6921499391829683"",""extent_y"":""1.193799924480906"",""extent_z"":""0.7492999609264855"",""faces"":""67014"",""image_height_max"":""4096"",""image_height_min"":""4096"",""image_width_max"":""4096"",""image_width_min"":""4096"",""images"":""3"",""materials"":""1"",""meshes"":""1"",""path"":""G/B01DN7NFRG.glb"",""textures"":""3"",""vertices"":""42438""}"
76,abo,/vol/bitbucket/ct1022/hy3dpaint_finetune/data/metadata/abo/3dmodels.csv.gz,B01DN8TB5U,,,,,,glb,,1574,1164,,1,3,,U/B01DN8TB5U.glb,5.5000,,,preferred_format:glb;textures:3;materials:1,"technical:preferred_format:glb,textures:3,materials:1","{""3dmodel_id"":""B01DN8TB5U"",""extent_x"":""0.12700003830550297"",""extent_y"":""0.21280663824182233"",""extent_z"":""0.015748002492579734"",""faces"":""1574"",""image_height_max"":""4096"",""image_height_min"":""4096"",""image_width_max"":""4096"",""image_width_min"":""4096"",""images"":""3"",""materials"":""1"",""meshes"":""1"",""path"":""U/B01DN8TB5U.glb"",""textures"":""3"",""vertices"":""1164""}"
77,abo,/vol/bitbucket/ct1022/hy3dpaint_finetune/data/metadata/abo/3dmodels.csv.gz,B01DN8TCEU,,,,,,glb,,1574,1164,,1,3,,U/B01DN8TCEU.glb,5.5000,,,preferred_format:glb;textures:3;materials:1,"technical:preferred_format:glb,textures:3,materials:1","{""3dmodel_id"":""B01DN8TCEU"",""extent_x"":""0.12700003830550297"",""extent_y"":""0.21280663824182233"",""extent_z"":""0.015748002492579734"",""faces"":""1574"",""image_height_max"":""4096"",""image_height_min"":""4096"",""image_width_max"":""4096"",""image_width_min"":""4096"",""images"":""3"",""materials"":""1"",""meshes"":""1"",""path"":""U/B01DN8TCEU.glb"",""textures"":""3"",""vertices"":""1164""}"
78,abo,/vol/bitbucket/ct1022/hy3dpaint_finetune/data/metadata/abo/3dmodels.csv.gz,B01DN8TEA2,,,,,,glb,,1574,1164,,1,3,,2/B01DN8TEA2.glb,5.5000,,,preferred_format:glb;textures:3;materials:1,"technical:preferred_format:glb,textures:3,materials:1","{""3dmodel_id"":""B01DN8TEA2"",""extent_x"":""0.12700003830550297"",""extent_y"":""0.21280663824182233"",""extent_z"":""0.015748002492579734"",""faces"":""1574"",""image_height_max"":""4096"",""image_height_min"":""4096"",""image_width_max"":""4096"",""image_width_min"":""4096"",""images"":""3"",""materials"":""1"",""meshes"":""1"",""path"":""2/B01DN8TEA2.glb"",""textures"":""3"",""vertices"":""1164""}"
79,abo,/vol/bitbucket/ct1022/hy3dpaint_finetune/data/metadata/abo/3dmodels.csv.gz,B01DN8TG46,,,,,,glb,,74872,41307,,1,3,,6/B01DN8TG46.glb,5.5000,,,preferred_format:glb;textures:3;materials:1,"technical:preferred_format:glb,textures:3,materials:1","{""3dmodel_id"":""B01DN8TG46"",""extent_x"":""0.38950708508491516"",""extent_y"":""0.1264965981245041"",""extent_z"":""0.30109426379203796"",""faces"":""74872"",""image_height_max"":""4096"",""image_height_min"":""4096"",""image_width_max"":""4096"",""image_width_min"":""4096"",""images"":""3"",""materials"":""1"",""meshes"":""1"",""path"":""6/B01DN8TG46.glb"",""textures"":""3"",""vertices"":""41307""}"
80,abo,/vol/bitbucket/ct1022/hy3dpaint_finetune/data/metadata/abo/3dmodels.csv.gz,B01E3R7GWA,,,,,,glb,,39884,26062,,1,3,,A/B01E3R7GWA.glb,5.5000,,,preferred_format:glb;textures:3;materials:1,"technical:preferred_format:glb,textures:3,materials:1","{""3dmodel_id"":""B01E3R7GWA"",""extent_x"":""0.3200400356288385"",""extent_y"":""0.33527998117923663"",""extent_z"":""0.1701799981682225"",""faces"":""39884"",""image_height_max"":""4096"",""image_height_min"":""4096"",""image_width_max"":""4096"",""image_width_min"":""4096"",""images"":""3"",""materials"":""1"",""meshes"":""1"",""path"":""A/B01E3R7GWA.glb"",""textures"":""3"",""vertices"":""26062""}"
81,abo,/vol/bitbucket/ct1022/hy3dpaint_finetune/data/metadata/abo/3dmodels.csv.gz,B01E3R7T9K,,,,,,glb,,39884,26062,,1,3,,K/B01E3R7T9K.glb,5.5000,,,preferred_format:glb;textures:3;materials:1,"technical:preferred_format:glb,textures:3,materials:1","{""3dmodel_id"":""B01E3R7T9K"",""extent_x"":""0.3200400356288385"",""extent_y"":""0.33527998117923663"",""extent_z"":""0.17017997818397712"",""faces"":""39884"",""image_height_max"":""4096"",""image_height_min"":""4096"",""image_width_max"":""4096"",""image_width_min"":""4096"",""images"":""3"",""materials"":""1"",""meshes"":""1"",""path"":""K/B01E3R7T9K.glb"",""textures"":""3"",""vertices"":""26062""}"
82,abo,/vol/bitbucket/ct1022/hy3dpaint_finetune/data/metadata/abo/3dmodels.csv.gz,B01FK3FWNG,,,,,,glb,,3166,2368,,1,3,,G/B01FK3FWNG.glb,5.5000,,,preferred_format:glb;textures:3;materials:1,"technical:preferred_format:glb,textures:3,materials:1","{""3dmodel_id"":""B01FK3FWNG"",""extent_x"":""1.1353798943304974"",""extent_y"":""0.8991596660581672"",""extent_z"":""0.6045199234504534"",""faces"":""3166"",""image_height_max"":""4096"",""image_height_min"":""4096"",""image_width_max"":""4096"",""image_width_min"":""4096"",""images"":""3"",""materials"":""1"",""meshes"":""1"",""path"":""G/B01FK3FWNG.glb"",""textures"":""3"",""vertices"":""2368""}"
83,abo,/vol/bitbucket/ct1022/hy3dpaint_finetune/data/metadata/abo/3dmodels.csv.gz,B01GGKYAIU,,,,,,glb,,18520,10482,,1,3,,U/B01GGKYAIU.glb,5.5000,,,preferred_format:glb;textures:3;materials:1,"technical:preferred_format:glb,textures:3,materials:1","{""3dmodel_id"":""B01GGKYAIU"",""extent_x"":""0.19174913316965103"",""extent_y"":""0.013964633457362654"",""extent_z"":""0.06956606358289719"",""faces"":""18520"",""image_height_max"":""4096"",""image_height_min"":""4096"",""image_width_max"":""4096"",""image_width_min"":""4096"",""images"":""3"",""materials"":""1"",""meshes"":""1"",""path"":""U/B01GGKYAIU.glb"",""textures"":""3"",""vertices"":""10482""}"
84,abo,/vol/bitbucket/ct1022/hy3dpaint_finetune/data/metadata/abo/3dmodels.csv.gz,B01GGKYT7M,,,,,,glb,,18646,10675,,1,3,,M/B01GGKYT7M.glb,5.5000,,,preferred_format:glb;textures:3;materials:1,"technical:preferred_format:glb,textures:3,materials:1","{""3dmodel_id"":""B01GGKYT7M"",""extent_x"":""0.18587973713874817"",""extent_y"":""0.014230596832931043"",""extent_z"":""0.0699174553155899"",""faces"":""18646"",""image_height_max"":""4096"",""image_height_min"":""4096"",""image_width_max"":""4096"",""image_width_min"":""4096"",""images"":""3"",""materials"":""1"",""meshes"":""1"",""path"":""M/B01GGKYT7M.glb"",""textures"":""3"",""vertices"":""10675""}"
85,abo,/vol/bitbucket/ct1022/hy3dpaint_finetune/data/metadata/abo/3dmodels.csv.gz,B01GGKYUKI,,,,,,glb,,18646,10755,,1,3,,I/B01GGKYUKI.glb,5.5000,,,preferred_format:glb;textures:3;materials:1,"technical:preferred_format:glb,textures:3,materials:1","{""3dmodel_id"":""B01GGKYUKI"",""extent_x"":""0.18587973713874817"",""extent_y"":""0.014230600558221342"",""extent_z"":""0.06991744786500931"",""faces"":""18646"",""image_height_max"":""4096"",""image_height_min"":""4096"",""image_width_max"":""4096"",""image_width_min"":""4096"",""images"":""3"",""materials"":""1"",""meshes"":""1"",""path"":""I/B01GGKYUKI.glb"",""textures"":""3"",""vertices"":""10755""}"
86,abo,/vol/bitbucket/ct1022/hy3dpaint_finetune/data/metadata/abo/3dmodels.csv.gz,B01GGKYZQM,,,,,,glb,,18646,10675,,1,3,,M/B01GGKYZQM.glb,5.5000,,,preferred_format:glb;textures:3;materials:1,"technical:preferred_format:glb,textures:3,materials:1","{""3dmodel_id"":""B01GGKYZQM"",""extent_x"":""0.20298230648040771"",""extent_y"":""0.014230600558221342"",""extent_z"":""0.06991744786500931"",""faces"":""18646"",""image_height_max"":""4096"",""image_height_min"":""4096"",""image_width_max"":""4096"",""image_width_min"":""4096"",""images"":""3"",""materials"":""1"",""meshes"":""1"",""path"":""M/B01GGKYZQM.glb"",""textures"":""3"",""vertices"":""10675""}"
87,abo,/vol/bitbucket/ct1022/hy3dpaint_finetune/data/metadata/abo/3dmodels.csv.gz,B01GGKZ0V6,,,,,,glb,,18646,10675,,1,3,,6/B01GGKZ0V6.glb,5.5000,,,preferred_format:glb;textures:3;materials:1,"technical:preferred_format:glb,textures:3,materials:1","{""3dmodel_id"":""B01GGKZ0V6"",""extent_x"":""0.20298230648040771"",""extent_y"":""0.014230600558221342"",""extent_z"":""0.06991744786500931"",""faces"":""18646"",""image_height_max"":""4096"",""image_height_min"":""4096"",""image_width_max"":""4096"",""image_width_min"":""4096"",""images"":""3"",""materials"":""1"",""meshes"":""1"",""path"":""6/B01GGKZ0V6.glb"",""textures"":""3"",""vertices"":""10675""}"
88,abo,/vol/bitbucket/ct1022/hy3dpaint_finetune/data/metadata/abo/3dmodels.csv.gz,B01HEQRIZ2,,,,,,glb,,18392,13304,,1,3,,2/B01HEQRIZ2.glb,5.5000,,,preferred_format:glb;textures:3;materials:1,"technical:preferred_format:glb,textures:3,materials:1","{""3dmodel_id"":""B01HEQRIZ2"",""extent_x"":""1.3400015842916984"",""extent_y"":""1.199999963221799"",""extent_z"":""0.3599999809795093"",""faces"":""18392"",""image_height_max"":""4096"",""image_height_min"":""4096"",""image_width_max"":""4096"",""image_width_min"":""4096"",""images"":""3"",""materials"":""1"",""meshes"":""1"",""path"":""2/B01HEQRIZ2.glb"",""textures"":""3"",""vertices"":""13304""}"
89,abo,/vol/bitbucket/ct1022/hy3dpaint_finetune/data/metadata/abo/3dmodels.csv.gz,B01HEZJ342,,,,,,glb,,23092,14736,,1,3,,2/B01HEZJ342.glb,5.5000,,,preferred_format:glb;textures:3;materials:1,"technical:preferred_format:glb,textures:3,materials:1","{""3dmodel_id"":""B01HEZJ342"",""extent_x"":""0.5308600892890349"",""extent_y"":""1.04140019416809"",""extent_z"":""0.38976772881930766"",""faces"":""23092"",""image_height_max"":""4096"",""image_height_min"":""4096"",""image_width_max"":""4096"",""image_width_min"":""4096"",""images"":""3"",""materials"":""1"",""meshes"":""1"",""path"":""2/B01HEZJ342.glb"",""textures"":""3"",""vertices"":""14736""}"
90,abo,/vol/bitbucket/ct1022/hy3dpaint_finetune/data/metadata/abo/3dmodels.csv.gz,B01HEZJ3EC,,,,,,glb,,25646,22038,,1,3,,C/B01HEZJ3EC.glb,5.5000,,,preferred_format:glb;textures:3;materials:1,"technical:preferred_format:glb,textures:3,materials:1","{""3dmodel_id"":""B01HEZJ3EC"",""extent_x"":""0.9199880361557"",""extent_y"":""0.8399780736156466"",""extent_z"":""0.4500879741471092"",""faces"":""25646"",""image_height_max"":""4096"",""image_height_min"":""4096"",""image_width_max"":""4096"",""image_width_min"":""4096"",""images"":""3"",""materials"":""1"",""meshes"":""1"",""path"":""C/B01HEZJ3EC.glb"",""textures"":""3"",""vertices"":""22038""}"
91,abo,/vol/bitbucket/ct1022/hy3dpaint_finetune/data/metadata/abo/3dmodels.csv.gz,B01IJ5A0PC,,,,,,glb,,12888,8416,,1,3,,C/B01IJ5A0PC.glb,5.5000,,,preferred_format:glb;textures:3;materials:1,"technical:preferred_format:glb,textures:3,materials:1","{""3dmodel_id"":""B01IJ5A0PC"",""extent_x"":""0.08617963641881943"",""extent_y"":""0.08365751057863235"",""extent_z"":""0.07870124280452728"",""faces"":""12888"",""image_height_max"":""4096"",""image_height_min"":""4096"",""image_width_max"":""4096"",""image_width_min"":""4096"",""images"":""3"",""materials"":""1"",""meshes"":""1"",""path"":""C/B01IJ5A0PC.glb"",""textures"":""3"",""vertices"":""8416""}"
92,abo,/vol/bitbucket/ct1022/hy3dpaint_finetune/data/metadata/abo/3dmodels.csv.gz,B01IJ5A2UA,,,,,,glb,,12888,8416,,1,3,,A/B01IJ5A2UA.glb,5.5000,,,preferred_format:glb;textures:3;materials:1,"technical:preferred_format:glb,textures:3,materials:1","{""3dmodel_id"":""B01IJ5A2UA"",""extent_x"":""0.0882118009030819"",""extent_y"":""0.08365751057863235"",""extent_z"":""0.07870124280452728"",""faces"":""12888"",""image_height_max"":""4096"",""image_height_min"":""4096"",""image_width_max"":""4096"",""image_width_min"":""4096"",""images"":""3"",""materials"":""1"",""meshes"":""1"",""path"":""A/B01IJ5A2UA.glb"",""textures"":""3"",""vertices"":""8416""}"
93,abo,/vol/bitbucket/ct1022/hy3dpaint_finetune/data/metadata/abo/3dmodels.csv.gz,B01LONPUM4,,,,,,glb,,7824,5427,,1,3,,4/B01LONPUM4.glb,5.5000,,,preferred_format:glb;textures:3;materials:1,"technical:preferred_format:glb,textures:3,materials:1","{""3dmodel_id"":""B01LONPUM4"",""extent_x"":""0.04059953615069389"",""extent_y"":""0.004672025330364705"",""extent_z"":""0.09835877269506454"",""faces"":""7824"",""image_height_max"":""4096"",""image_height_min"":""4096"",""image_width_max"":""4096"",""image_width_min"":""4096"",""images"":""3"",""materials"":""1"",""meshes"":""1"",""path"":""4/B01LONPUM4.glb"",""textures"":""3"",""vertices"":""5427""}"
94,abo,/vol/bitbucket/ct1022/hy3dpaint_finetune/data/metadata/abo/3dmodels.csv.gz,B01LONQ3TS,,,,,,glb,,7824,5427,,1,3,,S/B01LONQ3TS.glb,5.5000,,,preferred_format:glb;textures:3;materials:1,"technical:preferred_format:glb,textures:3,materials:1","{""3dmodel_id"":""B01LONQ3TS"",""extent_x"":""0.04059953987598419"",""extent_y"":""0.004672029986977578"",""extent_z"":""0.09835876151919365"",""faces"":""7824"",""image_height_max"":""4096"",""image_height_min"":""4096"",""image_width_max"":""4096"",""image_width_min"":""4096"",""images"":""3"",""materials"":""1"",""meshes"":""1"",""path"":""S/B01LONQ3TS.glb"",""textures"":""3"",""vertices"":""5427""}"
95,abo,/vol/bitbucket/ct1022/hy3dpaint_finetune/data/metadata/abo/3dmodels.csv.gz,B01LONQ7R6,,,,,,glb,,7890,5379,,1,3,,6/B01LONQ7R6.glb,5.5000,,,preferred_format:glb;textures:3;materials:1,"technical:preferred_format:glb,textures:3,materials:1","{""3dmodel_id"":""B01LONQ7R6"",""extent_x"":""0.040447428822517395"",""extent_y"":""0.005503559485077859"",""extent_z"":""0.09837433323264122"",""faces"":""7890"",""image_height_max"":""4096"",""image_height_min"":""4096"",""image_width_max"":""4096"",""image_width_min"":""4096"",""images"":""3"",""materials"":""1"",""meshes"":""1"",""path"":""6/B01LONQ7R6.glb"",""textures"":""3"",""vertices"":""5379""}"
96,abo,/vol/bitbucket/ct1022/hy3dpaint_finetune/data/metadata/abo/3dmodels.csv.gz,B01LONQBDG,,,,,,glb,,7890,5379,,1,3,,G/B01LONQBDG.glb,5.5000,,,preferred_format:glb;textures:3;materials:1,"technical:preferred_format:glb,textures:3,materials:1","{""3dmodel_id"":""B01LONQBDG"",""extent_x"":""0.040447428822517395"",""extent_y"":""0.005503559485077859"",""extent_z"":""0.09837433323264122"",""faces"":""7890"",""image_height_max"":""4096"",""image_height_min"":""4096"",""image_width_max"":""4096"",""image_width_min"":""4096"",""images"":""3"",""materials"":""1"",""meshes"":""1"",""path"":""G/B01LONQBDG.glb"",""textures"":""3"",""vertices"":""5379""}"
97,abo,/vol/bitbucket/ct1022/hy3dpaint_finetune/data/metadata/abo/3dmodels.csv.gz,B01LP0U5X0,,,,,,glb,,10752,5734,,1,3,,0/B01LP0U5X0.glb,5.5000,,,preferred_format:glb;textures:3;materials:1,"technical:preferred_format:glb,textures:3,materials:1","{""3dmodel_id"":""B01LP0U5X0"",""extent_x"":""1.8686801195144653"",""extent_y"":""0.02139851823449135"",""extent_z"":""0.6157374978065491"",""faces"":""10752"",""image_height_max"":""4096"",""image_height_min"":""4096"",""image_width_max"":""4096"",""image_width_min"":""4096"",""images"":""3"",""materials"":""1"",""meshes"":""1"",""path"":""0/B01LP0U5X0.glb"",""textures"":""3"",""vertices"":""5734""}"
98,abo,/vol/bitbucket/ct1022/hy3dpaint_finetune/data/metadata/abo/3dmodels.csv.gz,B01LP0UKJE,,,,,,glb,,10752,5734,,1,3,,E/B01LP0UKJE.glb,5.5000,,,preferred_format:glb;textures:3;materials:1,"technical:preferred_format:glb,textures:3,materials:1","{""3dmodel_id"":""B01LP0UKJE"",""extent_x"":""1.8686801195144653"",""extent_y"":""0.021398520097136497"",""extent_z"":""0.6157374680042267"",""faces"":""10752"",""image_height_max"":""4096"",""image_height_min"":""4096"",""image_width_max"":""4096"",""image_width_min"":""4096"",""images"":""3"",""materials"":""1"",""meshes"":""1"",""path"":""E/B01LP0UKJE.glb"",""textures"":""3"",""vertices"":""5734""}"
99,abo,/vol/bitbucket/ct1022/hy3dpaint_finetune/data/metadata/abo/3dmodels.csv.gz,B01LP0UQX4,,,,,,glb,,10752,5734,,1,3,,4/B01LP0UQX4.glb,5.5000,,,preferred_format:glb;textures:3;materials:1,"technical:preferred_format:glb,textures:3,materials:1","{""3dmodel_id"":""B01LP0UQX4"",""extent_x"":""1.8686801195144653"",""extent_y"":""0.021398520097136497"",""extent_z"":""0.6157374680042267"",""faces"":""10752"",""image_height_max"":""4096"",""image_height_min"":""4096"",""image_width_max"":""4096"",""image_width_min"":""4096"",""images"":""3"",""materials"":""1"",""meshes"":""1"",""path"":""4/B01LP0UQX4.glb"",""textures"":""3"",""vertices"":""5734""}"
100,abo,/vol/bitbucket/ct1022/hy3dpaint_finetune/data/metadata/abo/3dmodels.csv.gz,B01LP0UX9G,,,,,,glb,,10752,5734,,1,3,,G/B01LP0UX9G.glb,5.5000,,,preferred_format:glb;textures:3;materials:1,"technical:preferred_format:glb,textures:3,materials:1","{""3dmodel_id"":""B01LP0UX9G"",""extent_x"":""1.8836349248886108"",""extent_y"":""0.02139851823449135"",""extent_z"":""0.6157374978065491"",""faces"":""10752"",""image_height_max"":""4096"",""image_height_min"":""4096"",""image_width_max"":""4096"",""image_width_min"":""4096"",""images"":""3"",""materials"":""1"",""meshes"":""1"",""path"":""G/B01LP0UX9G.glb"",""textures"":""3"",""vertices"":""5734""}"
101,abo,/vol/bitbucket/ct1022/hy3dpaint_finetune/data/metadata/abo/3dmodels.csv.gz,B01LP0V4JY,,,,,,glb,,10752,5734,,1,3,,Y/B01LP0V4JY.glb,5.5000,,,preferred_format:glb;textures:3;materials:1,"technical:preferred_format:glb,textures:3,materials:1","{""3dmodel_id"":""B01LP0V4JY"",""extent_x"":""1.8686801195144653"",""extent_y"":""0.02139851823449135"",""extent_z"":""0.6157374978065491"",""faces"":""10752"",""image_height_max"":""4096"",""image_height_min"":""4096"",""image_width_max"":""4096"",""image_width_min"":""4096"",""images"":""3"",""materials"":""1"",""meshes"":""1"",""path"":""Y/B01LP0V4JY.glb"",""textures"":""3"",""vertices"":""5734""}"
102,abo,/vol/bitbucket/ct1022/hy3dpaint_finetune/data/metadata/abo/3dmodels.csv.gz,B01LP0VBDI,,,,,,glb,,10752,5734,,1,3,,I/B01LP0VBDI.glb,5.5000,,,preferred_format:glb;textures:3;materials:1,"technical:preferred_format:glb,textures:3,materials:1","{""3dmodel_id"":""B01LP0VBDI"",""extent_x"":""1.8686801195144653"",""extent_y"":""0.02139851823449135"",""extent_z"":""0.6157374978065491"",""faces"":""10752"",""image_height_max"":""4096"",""image_height_min"":""4096"",""image_width_max"":""4096"",""image_width_min"":""4096"",""images"":""3"",""materials"":""1"",""meshes"":""1"",""path"":""I/B01LP0VBDI.glb"",""textures"":""3"",""vertices"":""5734""}"
103,abo,/vol/bitbucket/ct1022/hy3dpaint_finetune/data/metadata/abo/3dmodels.csv.gz,B01LP0VI3G,,,,,,glb,,10752,5734,,1,3,,G/B01LP0VI3G.glb,5.5000,,,preferred_format:glb;textures:3;materials:1,"technical:preferred_format:glb,textures:3,materials:1","{""3dmodel_id"":""B01LP0VI3G"",""extent_x"":""1.8836349248886108"",""extent_y"":""0.02139851823449135"",""extent_z"":""0.6157374978065491"",""faces"":""10752"",""image_height_max"":""4096"",""image_height_min"":""4096"",""image_width_max"":""4096"",""image_width_min"":""4096"",""images"":""3"",""materials"":""1"",""meshes"":""1"",""path"":""G/B01LP0VI3G.glb"",""textures"":""3"",""vertices"":""5734""}"
104,abo,/vol/bitbucket/ct1022/hy3dpaint_finetune/data/metadata/abo/3dmodels.csv.gz,B01LR5R18K,,,,,,glb,,6272,3325,,1,3,,K/B01LR5R18K.glb,5.5000,,,preferred_format:glb;textures:3;materials:1,"technical:preferred_format:glb,textures:3,materials:1","{""3dmodel_id"":""B01LR5R18K"",""extent_x"":""0.12321601808071136"",""extent_y"":""0.04307751730084419"",""extent_z"":""0.046833205968141556"",""faces"":""6272"",""image_height_max"":""4096"",""image_height_min"":""4096"",""image_width_max"":""4096"",""image_width_min"":""4096"",""images"":""3"",""materials"":""1"",""meshes"":""1"",""path"":""K/B01LR5R18K.glb"",""textures"":""3"",""vertices"":""3325""}"
105,abo,/vol/bitbucket/ct1022/hy3dpaint_finetune/data/metadata/abo/3dmodels.csv.gz,B01LR5RBZ8,,,,,,glb,,6656,3459,,1,3,,8/B01LR5RBZ8.glb,5.5000,,,preferred_format:glb;textures:3;materials:1,"technical:preferred_format:glb,textures:3,materials:1","{""3dmodel_id"":""B01LR5RBZ8"",""extent_x"":""0.14618223160505295"",""extent_y"":""0.052532415837049484"",""extent_z"":""0.05810307525098324"",""faces"":""6656"",""image_height_max"":""4096"",""image_height_min"":""4096"",""image_width_max"":""4096"",""image_width_min"":""4096"",""images"":""3"",""materials"":""1"",""meshes"":""1"",""path"":""8/B01LR5RBZ8.glb"",""textures"":""3"",""vertices"":""3459""}"
106,abo,/vol/bitbucket/ct1022/hy3dpaint_finetune/data/metadata/abo/3dmodels.csv.gz,B01LR5RG08,,,,,,glb,,6656,3459,,1,3,,8/B01LR5RG08.glb,5.5000,,,preferred_format:glb;textures:3;materials:1,"technical:preferred_format:glb,textures:3,materials:1","{""3dmodel_id"":""B01LR5RG08"",""extent_x"":""0.158795528113842"",""extent_y"":""0.0578160360455513"",""extent_z"":""0.06394698470830917"",""faces"":""6656"",""image_height_max"":""4096"",""image_height_min"":""4096"",""image_width_max"":""4096"",""image_width_min"":""4096"",""images"":""3"",""materials"":""1"",""meshes"":""1"",""path"":""8/B01LR5RG08.glb"",""textures"":""3"",""vertices"":""3459""}"
107,abo,/vol/bitbucket/ct1022/hy3dpaint_finetune/data/metadata/abo/3dmodels.csv.gz,B01LR5RK0Y,,,,,,glb,,6656,3459,,1,3,,Y/B01LR5RK0Y.glb,5.5000,,,preferred_format:glb;textures:3;materials:1,"technical:preferred_format:glb,textures:3,materials:1","{""3dmodel_id"":""B01LR5RK0Y"",""extent_x"":""0.15153895318508148"",""extent_y"":""0.06648226082324982"",""extent_z"":""0.07353221252560616"",""faces"":""6656"",""image_height_max"":""4096"",""image_height_min"":""4096"",""image_width_max"":""4096"",""image_width_min"":""4096"",""images"":""3"",""materials"":""1"",""meshes"":""1"",""path"":""Y/B01LR5RK0Y.glb"",""textures"":""3"",""vertices"":""3459""}"
108,abo,/vol/bitbucket/ct1022/hy3dpaint_finetune/data/metadata/abo/3dmodels.csv.gz,B01LR5RO5U,,,,,,glb,,6656,3459,,1,3,,U/B01LR5RO5U.glb,5.5000,,,preferred_format:glb;textures:3;materials:1,"technical:preferred_format:glb,textures:3,materials:1","{""3dmodel_id"":""B01LR5RO5U"",""extent_x"":""0.1642710268497467"",""extent_y"":""0.07206800580024719"",""extent_z"":""0.07971028983592987"",""faces"":""6656"",""image_height_max"":""4096"",""image_height_min"":""4096"",""image_width_max"":""4096"",""image_width_min"":""4096"",""images"":""3"",""materials"":""1"",""meshes"":""1"",""path"":""U/B01LR5RO5U.glb"",""textures"":""3"",""vertices"":""3459""}"
109,abo,/vol/bitbucket/ct1022/hy3dpaint_finetune/data/metadata/abo/3dmodels.csv.gz,B01LR5RSG0,,,,,,glb,,6656,3459,,1,3,,0/B01LR5RSG0.glb,5.5000,,,preferred_format:glb;textures:3;materials:1,"technical:preferred_format:glb,textures:3,materials:1","{""3dmodel_id"":""B01LR5RSG0"",""extent_x"":""0.16240449994802475"",""extent_y"":""0.07124913483858109"",""extent_z"":""0.07880457490682602"",""faces"":""6656"",""image_height_max"":""4096"",""image_height_min"":""4096"",""image_width_max"":""4096"",""image_width_min"":""4096"",""images"":""3"",""materials"":""1"",""meshes"":""1"",""path"":""0/B01LR5RSG0.glb"",""textures"":""3"",""vertices"":""3459""}"
110,abo,/vol/bitbucket/ct1022/hy3dpaint_finetune/data/metadata/abo/3dmodels.csv.gz,B01LR5RVYE,,,,,,glb,,6656,3459,,1,3,,E/B01LR5RVYE.glb,5.5000,,,preferred_format:glb;textures:3;materials:1,"technical:preferred_format:glb,textures:3,materials:1","{""3dmodel_id"":""B01LR5RVYE"",""extent_x"":""0.18449445813894272"",""extent_y"":""0.08094031363725662"",""extent_z"":""0.08952341973781586"",""faces"":""6656"",""image_height_max"":""4096"",""image_height_min"":""4096"",""image_width_max"":""4096"",""image_width_min"":""4096"",""images"":""3"",""materials"":""1"",""meshes"":""1"",""path"":""E/B01LR5RVYE.glb"",""textures"":""3"",""vertices"":""3459""}"
111,abo,/vol/bitbucket/ct1022/hy3dpaint_finetune/data/metadata/abo/3dmodels.csv.gz,B01LR5S1WA,,,,,,glb,,6848,3555,,1,3,,A/B01LR5S1WA.glb,5.5000,,,preferred_format:glb;textures:3;materials:1,"technical:preferred_format:glb,textures:3,materials:1","{""3dmodel_id"":""B01LR5S1WA"",""extent_x"":""0.18964913487434387"",""extent_y"":""0.08183054625988007"",""extent_z"":""0.0904996246099472"",""faces"":""6848"",""image_height_max"":""4096"",""image_height_min"":""4096"",""image_width_max"":""4096"",""image_width_min"":""4096"",""images"":""3"",""materials"":""1"",""meshes"":""1"",""path"":""A/B01LR5S1WA.glb"",""textures"":""3"",""vertices"":""3555""}"
112,abo,/vol/bitbucket/ct1022/hy3dpaint_finetune/data/metadata/abo/3dmodels.csv.gz,B01LR5S6HK,,,,,,glb,,6656,3459,,1,3,,K/B01LR5S6HK.glb,5.5000,,,preferred_format:glb;textures:3;materials:1,"technical:preferred_format:glb,textures:3,materials:1","{""3dmodel_id"":""B01LR5S6HK"",""extent_x"":""0.21161052584648132"",""extent_y"":""0.09283651411533356"",""extent_z"":""0.10268110781908035"",""faces"":""6656"",""image_height_max"":""4096"",""image_height_min"":""4096"",""image_width_max"":""4096"",""image_width_min"":""4096"",""images"":""3"",""materials"":""1"",""meshes"":""1"",""path"":""K/B01LR5S6HK.glb"",""textures"":""3"",""vertices"":""3459""}"
113,abo,/vol/bitbucket/ct1022/hy3dpaint_finetune/data/metadata/abo/3dmodels.csv.gz,B01LR5SAIA,,,,,,glb,,6656,3459,,1,3,,A/B01LR5SAIA.glb,5.5000,,,preferred_format:glb;textures:3;materials:1,"technical:preferred_format:glb,textures:3,materials:1","{""3dmodel_id"":""B01LR5SAIA"",""extent_x"":""0.23106757551431656"",""extent_y"":""0.10137898474931717"",""extent_z"":""0.11212944984436035"",""faces"":""6656"",""image_height_max"":""4096"",""image_height_min"":""4096"",""image_width_max"":""4096"",""image_width_min"":""4096"",""images"":""3"",""materials"":""1"",""meshes"":""1"",""path"":""A/B01LR5SAIA.glb"",""textures"":""3"",""vertices"":""3459""}"
114,abo,/vol/bitbucket/ct1022/hy3dpaint_finetune/data/metadata/abo/3dmodels.csv.gz,B01LR5SEKE,,,,,,glb,,6656,3459,,1,3,,E/B01LR5SEKE.glb,5.5000,,,preferred_format:glb;textures:3;materials:1,"technical:preferred_format:glb,textures:3,materials:1","{""3dmodel_id"":""B01LR5SEKE"",""extent_x"":""0.2395690381526947"",""extent_y"":""0.10510892421007156"",""extent_z"":""0.11625492572784424"",""faces"":""6656"",""image_height_max"":""4096"",""image_height_min"":""4096"",""image_width_max"":""4096"",""image_width_min"":""4096"",""images"":""3"",""materials"":""1"",""meshes"":""1"",""path"":""E/B01LR5SEKE.glb"",""textures"":""3"",""vertices"":""3459""}"
115,abo,/vol/bitbucket/ct1022/hy3dpaint_finetune/data/metadata/abo/3dmodels.csv.gz,B01LR5SIRI,,,,,,glb,,6656,3459,,1,3,,I/B01LR5SIRI.glb,5.5000,,,preferred_format:glb;textures:3;materials:1,"technical:preferred_format:glb,textures:3,materials:1","{""3dmodel_id"":""B01LR5SIRI"",""extent_x"":""0.25967809557914734"",""extent_y"":""0.11670957505702972"",""extent_z"":""0.1290857195854187"",""faces"":""6656"",""image_height_max"":""4096"",""image_height_min"":""4096"",""image_width_max"":""4096"",""image_width_min"":""4096"",""images"":""3"",""materials"":""1"",""meshes"":""1"",""path"":""I/B01LR5SIRI.glb"",""textures"":""3"",""vertices"":""3459""}"
116,abo,/vol/bitbucket/ct1022/hy3dpaint_finetune/data/metadata/abo/3dmodels.csv.gz,B01LR5SM74,,,,,,glb,,24404,14228,,1,3,,4/B01LR5SM74.glb,5.5000,,,preferred_format:glb;textures:3;materials:1,"technical:preferred_format:glb,textures:3,materials:1","{""3dmodel_id"":""B01LR5SM74"",""extent_x"":""0.2998299151659012"",""extent_y"":""0.2710285484790802"",""extent_z"":""0.18958619236946106"",""faces"":""24404"",""image_height_max"":""4096"",""image_height_min"":""4096"",""image_width_max"":""4096"",""image_width_min"":""4096"",""images"":""3"",""materials"":""1"",""meshes"":""1"",""path"":""4/B01LR5SM74.glb"",""textures"":""3"",""vertices"":""14228""}"
117,abo,/vol/bitbucket/ct1022/hy3dpaint_finetune/data/metadata/abo/3dmodels.csv.gz,B01LWRYSFS,,,,,,glb,,12056,11009,,1,3,,S/B01LWRYSFS.glb,5.5000,,,preferred_format:glb;textures:3;materials:1,"technical:preferred_format:glb,textures:3,materials:1","{""3dmodel_id"":""B01LWRYSFS"",""extent_x"":""1.7698725863460476"",""extent_y"":""1.999996781348771"",""extent_z"":""0.4798065176956021"",""faces"":""12056"",""image_height_max"":""4096"",""image_height_min"":""4096"",""image_width_max"":""4096"",""image_width_min"":""4096"",""images"":""3"",""materials"":""1"",""meshes"":""1"",""path"":""S/B01LWRYSFS.glb"",""textures"":""3"",""vertices"":""11009""}"
118,abo,/vol/bitbucket/ct1022/hy3dpaint_finetune/data/metadata/abo/3dmodels.csv.gz,B01LWVEZ1C,,,,,,glb,,640,1122,,1,3,,C/B01LWVEZ1C.glb,5.5000,,,preferred_format:glb;textures:3;materials:1,"technical:preferred_format:glb,textures:3,materials:1","{""3dmodel_id"":""B01LWVEZ1C"",""extent_x"":""0.8991600007069109"",""extent_y"":""0.4516617029308264"",""extent_z"":""0.449580013751984"",""faces"":""640"",""image_height_max"":""4096"",""image_height_min"":""4096"",""image_width_max"":""4096"",""image_width_min"":""4096"",""images"":""3"",""materials"":""1"",""meshes"":""1"",""path"":""C/B01LWVEZ1C.glb"",""textures"":""3"",""vertices"":""1122""}"
119,abo,/vol/bitbucket/ct1022/hy3dpaint_finetune/data/metadata/abo/3dmodels.csv.gz,B01LYBQXRH,,,,,,glb,,29296,20118,,1,3,,H/B01LYBQXRH.glb,5.5000,,,preferred_format:glb;textures:3;materials:1,"technical:preferred_format:glb,textures:3,materials:1","{""3dmodel_id"":""B01LYBQXRH"",""extent_x"":""0.9071819186210632"",""extent_y"":""1.3613423109054565"",""extent_z"":""0.3518269956111908"",""faces"":""29296"",""image_height_max"":""4096"",""image_height_min"":""4096"",""image_width_max"":""4096"",""image_width_min"":""4096"",""images"":""3"",""materials"":""1"",""meshes"":""1"",""path"":""H/B01LYBQXRH.glb"",""textures"":""3"",""vertices"":""20118""}"
120,abo,/vol/bitbucket/ct1022/hy3dpaint_finetune/data/metadata/abo/3dmodels.csv.gz,B01LYEG73K,,,,,,glb,,33286,49072,,1,3,,K/B01LYEG73K.glb,5.5000,,,preferred_format:glb;textures:3;materials:1,"technical:preferred_format:glb,textures:3,materials:1","{""3dmodel_id"":""B01LYEG73K"",""extent_x"":""4.679430961608887"",""extent_y"":""1.8628156185150146"",""extent_z"":""2.2508562803268433"",""faces"":""33286"",""image_height_max"":""2048"",""image_height_min"":""2048"",""image_width_max"":""2048"",""image_width_min"":""2048"",""images"":""3"",""materials"":""1"",""meshes"":""1"",""path"":""K/B01LYEG73K.glb"",""textures"":""3"",""vertices"":""49072""}"
121,abo,/vol/bitbucket/ct1022/hy3dpaint_finetune/data/metadata/abo/3dmodels.csv.gz,B01M0ZVGCQ,,,,,,glb,,63280,46088,,1,3,,Q/B01M0ZVGCQ.glb,5.5000,,,preferred_format:glb;textures:3;materials:1,"technical:preferred_format:glb,textures:3,materials:1","{""3dmodel_id"":""B01M0ZVGCQ"",""extent_x"":""1.4499999284744263"",""extent_y"":""0.6291301846504211"",""extent_z"":""1.9499999284744263"",""faces"":""63280"",""image_height_max"":""4096"",""image_height_min"":""4096"",""image_width_max"":""4096"",""image_width_min"":""4096"",""images"":""3"",""materials"":""1"",""meshes"":""1"",""path"":""Q/B01M0ZVGCQ.glb"",""textures"":""3"",""vertices"":""46088""}"
122,abo,/vol/bitbucket/ct1022/hy3dpaint_finetune/data/metadata/abo/3dmodels.csv.gz,B01M4OYBOI,,,,,,glb,,10190,5753,,1,3,,I/B01M4OYBOI.glb,5.5000,,,preferred_format:glb;textures:3;materials:1,"technical:preferred_format:glb,textures:3,materials:1","{""3dmodel_id"":""B01M4OYBOI"",""extent_x"":""1.083176076412201"",""extent_y"":""0.38996562361717224"",""extent_z"":""0.5415880084037781"",""faces"":""10190"",""image_height_max"":""2048"",""image_height_min"":""2048"",""image_width_max"":""2048"",""image_width_min"":""2048"",""images"":""3"",""materials"":""1"",""meshes"":""1"",""path"":""I/B01M4OYBOI.glb"",""textures"":""3"",""vertices"":""5753""}"
123,abo,/vol/bitbucket/ct1022/hy3dpaint_finetune/data/metadata/abo/3dmodels.csv.gz,B01M5BDH0H,,,,,,glb,,19100,15608,,1,3,,H/B01M5BDH0H.glb,5.5000,,,preferred_format:glb;textures:3;materials:1,"technical:preferred_format:glb,textures:3,materials:1","{""3dmodel_id"":""B01M5BDH0H"",""extent_x"":""0.9996266067028046"",""extent_y"":""0.5698763728141785"",""extent_z"":""0.7110364735126495"",""faces"":""19100"",""image_height_max"":""2048"",""image_height_min"":""2048"",""image_width_max"":""2048"",""image_width_min"":""2048"",""images"":""3"",""materials"":""1"",""meshes"":""1"",""path"":""H/B01M5BDH0H.glb"",""textures"":""3"",""vertices"":""15608""}"
124,abo,/vol/bitbucket/ct1022/hy3dpaint_finetune/data/metadata/abo/3dmodels.csv.gz,B01M642Q91,,,,,,glb,,1052,922,,1,3,,1/B01M642Q91.glb,5.5000,,,preferred_format:glb;textures:3;materials:1,"technical:preferred_format:glb,textures:3,materials:1","{""3dmodel_id"":""B01M642Q91"",""extent_x"":""0.9999999701976776"",""extent_y"":""0.4399999976158142"",""extent_z"":""0.4999999701976776"",""faces"":""1052"",""image_height_max"":""4096"",""image_height_min"":""4096"",""image_width_max"":""4096"",""image_width_min"":""4096"",""images"":""3"",""materials"":""1"",""meshes"":""1"",""path"":""1/B01M642Q91.glb"",""textures"":""3"",""vertices"":""922""}"
125,abo,/vol/bitbucket/ct1022/hy3dpaint_finetune/data/metadata/abo/3dmodels.csv.gz,B01MDM0UWS,,,,,,glb,,19100,15608,,1,3,,S/B01MDM0UWS.glb,5.5000,,,preferred_format:glb;textures:3;materials:1,"technical:preferred_format:glb,textures:3,materials:1","{""3dmodel_id"":""B01MDM0UWS"",""extent_x"":""0.9996266067028046"",""extent_y"":""0.5698763728141785"",""extent_z"":""0.7110364735126495"",""faces"":""19100"",""image_height_max"":""2048"",""image_height_min"":""2048"",""image_width_max"":""2048"",""image_width_min"":""2048"",""images"":""3"",""materials"":""1"",""meshes"":""1"",""path"":""S/B01MDM0UWS.glb"",""textures"":""3"",""vertices"":""15608""}"
126,abo,/vol/bitbucket/ct1022/hy3dpaint_finetune/data/metadata/abo/3dmodels.csv.gz,B01MG6BPC6,,,,,,glb,,17118,10864,,1,3,,6/B01MG6BPC6.glb,5.5000,,,preferred_format:glb;textures:3;materials:1,"technical:preferred_format:glb,textures:3,materials:1","{""3dmodel_id"":""B01MG6BPC6"",""extent_x"":""0.8000001195108404"",""extent_y"":""0.7299999483886375"",""extent_z"":""0.41000105284257027"",""faces"":""17118"",""image_height_max"":""4096"",""image_height_min"":""4096"",""image_width_max"":""4096"",""image_width_min"":""4096"",""images"":""3"",""materials"":""1"",""meshes"":""1"",""path"":""6/B01MG6BPC6.glb"",""textures"":""3"",""vertices"":""10864""}"
127,abo,/vol/bitbucket/ct1022/hy3dpaint_finetune/data/metadata/abo/3dmodels.csv.gz,B01MQJV7ID,,,,,,glb,,78700,45910,,1,3,,D/B01MQJV7ID.glb,5.5000,,,preferred_format:glb;textures:3;materials:1,"technical:preferred_format:glb,textures:3,materials:1","{""3dmodel_id"":""B01MQJV7ID"",""extent_x"":""0.6621735951583573"",""extent_y"":""1.1069319214355742"",""extent_z"":""0.7391399430505173"",""faces"":""78700"",""image_height_max"":""4096"",""image_height_min"":""4096"",""image_width_max"":""4096"",""image_width_min"":""4096"",""images"":""3"",""materials"":""1"",""meshes"":""1"",""path"":""D/B01MQJV7ID.glb"",""textures"":""3"",""vertices"":""45910""}"
128,abo,/vol/bitbucket/ct1022/hy3dpaint_finetune/data/metadata/abo/3dmodels.csv.gz,B01MRT550V,,,,,,glb,,14380,10990,,1,3,,V/B01MRT550V.glb,5.5000,,,preferred_format:glb;textures:3;materials:1,"technical:preferred_format:glb,textures:3,materials:1","{""3dmodel_id"":""B01MRT550V"",""extent_x"":""0.571499943733216"",""extent_y"":""0.11684001048680606"",""extent_z"":""0.07111982014177629"",""faces"":""14380"",""image_height_max"":""4096"",""image_height_min"":""4096"",""image_width_max"":""4096"",""image_width_min"":""4096"",""images"":""3"",""materials"":""1"",""meshes"":""1"",""path"":""V/B01MRT550V.glb"",""textures"":""3"",""vertices"":""10990""}"
129,abo,/vol/bitbucket/ct1022/hy3dpaint_finetune/data/metadata/abo/3dmodels.csv.gz,B01MT1NYLH,,,,,,glb,,18776,15320,,1,3,,H/B01MT1NYLH.glb,5.5000,,,preferred_format:glb;textures:3;materials:1,"technical:preferred_format:glb,textures:3,materials:1","{""3dmodel_id"":""B01MT1NYLH"",""extent_x"":""0.9996267557144165"",""extent_y"":""0.5703595876693726"",""extent_z"":""0.7118989378213882"",""faces"":""18776"",""image_height_max"":""2048"",""image_height_min"":""2048"",""image_width_max"":""2048"",""image_width_min"":""2048"",""images"":""3"",""materials"":""1"",""meshes"":""1"",""path"":""H/B01MT1NYLH.glb"",""textures"":""3"",""vertices"":""15320""}"
130,abo,/vol/bitbucket/ct1022/hy3dpaint_finetune/data/metadata/abo/3dmodels.csv.gz,B01MXKMRK4,,,,,,glb,,4198,3339,,1,3,,4/B01MXKMRK4.glb,5.5000,,,preferred_format:glb;textures:3;materials:1,"technical:preferred_format:glb,textures:3,materials:1","{""3dmodel_id"":""B01MXKMRK4"",""extent_x"":""1.134349286556244"",""extent_y"":""0.7518327236175537"",""extent_z"":""0.5108592361211777"",""faces"":""4198"",""image_height_max"":""4096"",""image_height_min"":""4096"",""image_width_max"":""4096"",""image_width_min"":""4096"",""images"":""3"",""materials"":""1"",""meshes"":""1"",""path"":""4/B01MXKMRK4.glb"",""textures"":""3"",""vertices"":""3339""}"
131,abo,/vol/bitbucket/ct1022/hy3dpaint_finetune/data/metadata/abo/3dmodels.csv.gz,B01MXTX8MC,,,,,,glb,,14380,10990,,1,3,,C/B01MXTX8MC.glb,5.5000,,,preferred_format:glb;textures:3;materials:1,"technical:preferred_format:glb,textures:3,materials:1","{""3dmodel_id"":""B01MXTX8MC"",""extent_x"":""0.571499943733216"",""extent_y"":""0.11684001048680606"",""extent_z"":""0.07111982014177629"",""faces"":""14380"",""image_height_max"":""4096"",""image_height_min"":""4096"",""image_width_max"":""4096"",""image_width_min"":""4096"",""images"":""3"",""materials"":""1"",""meshes"":""1"",""path"":""C/B01MXTX8MC.glb"",""textures"":""3"",""vertices"":""10990""}"
132,abo,/vol/bitbucket/ct1022/hy3dpaint_finetune/data/metadata/abo/3dmodels.csv.gz,B01MZ81SKB,,,,,,glb,,25202,13404,,1,3,,B/B01MZ81SKB.glb,5.5000,,,preferred_format:glb;textures:3;materials:1,"technical:preferred_format:glb,textures:3,materials:1","{""3dmodel_id"":""B01MZ81SKB"",""extent_x"":""0.3700000047683716"",""extent_y"":""0.1080000028014183"",""extent_z"":""0.2799999862909317"",""faces"":""25202"",""image_height_max"":""4096"",""image_height_min"":""4096"",""image_width_max"":""4096"",""image_width_min"":""4096"",""images"":""3"",""materials"":""1"",""meshes"":""1"",""path"":""B/B01MZ81SKB.glb"",""textures"":""3"",""vertices"":""13404""}"
133,abo,/vol/bitbucket/ct1022/hy3dpaint_finetune/data/metadata/abo/3dmodels.csv.gz,B01N2PLWIL,,,,,,glb,,14380,10990,,1,3,,L/B01N2PLWIL.glb,5.5000,,,preferred_format:glb;textures:3;materials:1,"technical:preferred_format:glb,textures:3,materials:1","{""3dmodel_id"":""B01N2PLWIL"",""extent_x"":""0.571499943733216"",""extent_y"":""0.11684001048680606"",""extent_z"":""0.07111982014177629"",""faces"":""14380"",""image_height_max"":""4096"",""image_height_min"":""4096"",""image_width_max"":""4096"",""image_width_min"":""4096"",""images"":""3"",""materials"":""1"",""meshes"":""1"",""path"":""L/B01N2PLWIL.glb"",""textures"":""3"",""vertices"":""10990""}"
134,abo,/vol/bitbucket/ct1022/hy3dpaint_finetune/data/metadata/abo/3dmodels.csv.gz,B01N3MBCKT,,,,,,glb,,1528,1488,,1,3,,T/B01N3MBCKT.glb,5.5000,,,preferred_format:glb;textures:3;materials:1,"technical:preferred_format:glb,textures:3,materials:1","{""3dmodel_id"":""B01N3MBCKT"",""extent_x"":""0.5063451528549194"",""extent_y"":""0.5867166519165039"",""extent_z"":""0.5039412379264832"",""faces"":""1528"",""image_height_max"":""4096"",""image_height_min"":""4096"",""image_width_max"":""4096"",""image_width_min"":""4096"",""images"":""3"",""materials"":""1"",""meshes"":""1"",""path"":""T/B01N3MBCKT.glb"",""textures"":""3"",""vertices"":""1488""}"
135,abo,/vol/bitbucket/ct1022/hy3dpaint_finetune/data/metadata/abo/3dmodels.csv.gz,B01N6AQX0A,,,,,,glb,,36954,20146,,1,3,,A/B01N6AQX0A.glb,5.5000,,,preferred_format:glb;textures:3;materials:1,"technical:preferred_format:glb,textures:3,materials:1","{""3dmodel_id"":""B01N6AQX0A"",""extent_x"":""1.519935958462177"",""extent_y"":""0.4599939730931111"",""extent_z"":""2.036355134964831"",""faces"":""36954"",""image_height_max"":""4096"",""image_height_min"":""4096"",""image_width_max"":""4096"",""image_width_min"":""4096"",""images"":""3"",""materials"":""1"",""meshes"":""1"",""path"":""A/B01N6AQX0A.glb"",""textures"":""3"",""vertices"":""20146""}"
136,abo,/vol/bitbucket/ct1022/hy3dpaint_finetune/data/metadata/abo/3dmodels.csv.gz,B01N7N9XCY,,,,,,glb,,79326,237978,,1,3,,Y/B01N7N9XCY.glb,5.5000,,,preferred_format:glb;textures:3;materials:1,"technical:preferred_format:glb,textures:3,materials:1","{""3dmodel_id"":""B01N7N9XCY"",""extent_x"":""0.4572000503540039"",""extent_y"":""1.1684091984561746"",""extent_z"":""0.584199458360672"",""faces"":""79326"",""image_height_max"":""4096"",""image_height_min"":""4096"",""image_width_max"":""4096"",""image_width_min"":""4096"",""images"":""3"",""materials"":""1"",""meshes"":""1"",""path"":""Y/B01N7N9XCY.glb"",""textures"":""3"",""vertices"":""237978""}"
137,abo,/vol/bitbucket/ct1022/hy3dpaint_finetune/data/metadata/abo/3dmodels.csv.gz,B01NCOR0VZ,,,,,,glb,,652,524,,1,3,,Z/B01NCOR0VZ.glb,5.5000,,,preferred_format:glb;textures:3;materials:1,"technical:preferred_format:glb,textures:3,materials:1","{""3dmodel_id"":""B01NCOR0VZ"",""extent_x"":""1.0000050961971283"",""extent_y"":""0.44061464071273804"",""extent_z"":""0.4999999701976776"",""faces"":""652"",""image_height_max"":""4096"",""image_height_min"":""4096"",""image_width_max"":""4096"",""image_width_min"":""4096"",""images"":""3"",""materials"":""1"",""meshes"":""1"",""path"":""Z/B01NCOR0VZ.glb"",""textures"":""3"",""vertices"":""524""}"
138,abo,/vol/bitbucket/ct1022/hy3dpaint_finetune/data/metadata/abo/3dmodels.csv.gz,B06VVXMJ1S,,,,,,glb,,1568,914,,1,3,,S/B06VVXMJ1S.glb,5.5000,,,preferred_format:glb;textures:3;materials:1,"technical:preferred_format:glb,textures:3,materials:1","{""3dmodel_id"":""B06VVXMJ1S"",""extent_x"":""0.45102129876613617"",""extent_y"":""0.002114003524184227"",""extent_z"":""0.393209770321846"",""faces"":""1568"",""image_height_max"":""4096"",""image_height_min"":""4096"",""image_width_max"":""4096"",""image_width_min"":""4096"",""images"":""3"",""materials"":""1"",""meshes"":""1"",""path"":""S/B06VVXMJ1S.glb"",""textures"":""3"",""vertices"":""914""}"
139,abo,/vol/bitbucket/ct1022/hy3dpaint_finetune/data/metadata/abo/3dmodels.csv.gz,B06W5XBL3D,,,,,,glb,,39424,25660,,1,3,,D/B06W5XBL3D.glb,5.5000,,,preferred_format:glb;textures:3;materials:1,"technical:preferred_format:glb,textures:3,materials:1","{""3dmodel_id"":""B06W5XBL3D"",""extent_x"":""0.5499098538642357"",""extent_y"":""0.909827709197998"",""extent_z"":""0.5295899701663132"",""faces"":""39424"",""image_height_max"":""4096"",""image_height_min"":""4096"",""image_width_max"":""4096"",""image_width_min"":""4096"",""images"":""3"",""materials"":""1"",""meshes"":""1"",""path"":""D/B06W5XBL3D.glb"",""textures"":""3"",""vertices"":""25660""}"
140,abo,/vol/bitbucket/ct1022/hy3dpaint_finetune/data/metadata/abo/3dmodels.csv.gz,B06WVPB4TM,,,,,,glb,,39922,25388,,1,3,,M/B06WVPB4TM.glb,5.5000,,,preferred_format:glb;textures:3;materials:1,"technical:preferred_format:glb,textures:3,materials:1","{""3dmodel_id"":""B06WVPB4TM"",""extent_x"":""0.5519419640507331"",""extent_y"":""0.9045665063466819"",""extent_z"":""0.5488195712724244"",""faces"":""39922"",""image_height_max"":""4096"",""image_height_min"":""4096"",""image_width_max"":""4096"",""image_width_min"":""4096"",""images"":""3"",""materials"":""1"",""meshes"":""1"",""path"":""M/B06WVPB4TM.glb"",""textures"":""3"",""vertices"":""25388""}"
141,abo,/vol/bitbucket/ct1022/hy3dpaint_finetune/data/metadata/abo/3dmodels.csv.gz,B06X19FLTC,,,,,,glb,,1568,914,,1,3,,C/B06X19FLTC.glb,5.5000,,,preferred_format:glb;textures:3;materials:1,"technical:preferred_format:glb,textures:3,materials:1","{""3dmodel_id"":""B06X19FLTC"",""extent_x"":""0.9065788686275482"",""extent_y"":""0.0030603620689362288"",""extent_z"":""0.42395269870758057"",""faces"":""1568"",""image_height_max"":""4096"",""image_height_min"":""4096"",""image_width_max"":""4096"",""image_width_min"":""4096"",""images"":""3"",""materials"":""1"",""meshes"":""1"",""path"":""C/B06X19FLTC.glb"",""textures"":""3"",""vertices"":""914""}"
142,abo,/vol/bitbucket/ct1022/hy3dpaint_finetune/data/metadata/abo/3dmodels.csv.gz,B06X3W3YQD,,,,,,glb,,1568,914,,1,3,,D/B06X3W3YQD.glb,5.5000,,,preferred_format:glb;textures:3;materials:1,"technical:preferred_format:glb,textures:3,materials:1","{""3dmodel_id"":""B06X3W3YQD"",""extent_x"":""0.31493327021598816"",""extent_y"":""0.0020332278218120337"",""extent_z"":""0.26892124116420746"",""faces"":""1568"",""image_height_max"":""4096"",""image_height_min"":""4096"",""image_width_max"":""4096"",""image_width_min"":""4096"",""images"":""3"",""materials"":""1"",""meshes"":""1"",""path"":""D/B06X3W3YQD.glb"",""textures"":""3"",""vertices"":""914""}"
143,abo,/vol/bitbucket/ct1022/hy3dpaint_finetune/data/metadata/abo/3dmodels.csv.gz,B06X6H2WF7,,,,,,glb,,1568,914,,1,3,,7/B06X6H2WF7.glb,5.5000,,,preferred_format:glb;textures:3;materials:1,"technical:preferred_format:glb,textures:3,materials:1","{""3dmodel_id"":""B06X6H2WF7"",""extent_x"":""0.24869108945131302"",""extent_y"":""0.002146385610103607"",""extent_z"":""0.21091970801353455"",""faces"":""1568"",""image_height_max"":""4096"",""image_height_min"":""4096"",""image_width_max"":""4096"",""image_width_min"":""4096"",""images"":""3"",""materials"":""1"",""meshes"":""1"",""path"":""7/B06X6H2WF7.glb"",""textures"":""3"",""vertices"":""914""}"
144,abo,/vol/bitbucket/ct1022/hy3dpaint_finetune/data/metadata/abo/3dmodels.csv.gz,B06XDD4YTD,,,,,,glb,,1728,1050,,1,3,,D/B06XDD4YTD.glb,5.5000,,,preferred_format:glb;textures:3;materials:1,"technical:preferred_format:glb,textures:3,materials:1","{""3dmodel_id"":""B06XDD4YTD"",""extent_x"":""1.8287763595581055"",""extent_y"":""0.005067100282758475"",""extent_z"":""1.2188334465026855"",""faces"":""1728"",""image_height_max"":""2048"",""image_height_min"":""2048"",""image_width_max"":""2048"",""image_width_min"":""2048"",""images"":""3"",""materials"":""1"",""meshes"":""1"",""path"":""D/B06XDD4YTD.glb"",""textures"":""3"",""vertices"":""1050""}"
145,abo,/vol/bitbucket/ct1022/hy3dpaint_finetune/data/metadata/abo/3dmodels.csv.gz,B06XZV3F8F,,,,,,glb,,7184,4660,,1,3,,F/B06XZV3F8F.glb,5.5000,,,preferred_format:glb;textures:3;materials:1,"technical:preferred_format:glb,textures:3,materials:1","{""3dmodel_id"":""B06XZV3F8F"",""extent_x"":""1.0154885053634644"",""extent_y"":""0.7473622560501099"",""extent_z"":""0.5046403110027313"",""faces"":""7184"",""image_height_max"":""4096"",""image_height_min"":""2048"",""image_width_max"":""4096"",""image_width_min"":""2048"",""images"":""3"",""materials"":""1"",""meshes"":""1"",""path"":""F/B06XZV3F8F.glb"",""textures"":""3"",""vertices"":""4660""}"
146,abo,/vol/bitbucket/ct1022/hy3dpaint_finetune/data/metadata/abo/3dmodels.csv.gz,B071173FS8,,,,,,glb,,38432,27811,,1,3,,8/B071173FS8.glb,5.5000,,,preferred_format:glb;textures:3;materials:1,"technical:preferred_format:glb,textures:3,materials:1","{""3dmodel_id"":""B071173FS8"",""extent_x"":""0.7029607892036438"",""extent_y"":""1.161293864250183"",""extent_z"":""0.8754826188087463"",""faces"":""38432"",""image_height_max"":""4096"",""image_height_min"":""2048"",""image_width_max"":""4096"",""image_width_min"":""2048"",""images"":""3"",""materials"":""1"",""meshes"":""1"",""path"":""8/B071173FS8.glb"",""textures"":""3"",""vertices"":""27811""}"
147,abo,/vol/bitbucket/ct1022/hy3dpaint_finetune/data/metadata/abo/3dmodels.csv.gz,B0711Q7WK7,,,,,,glb,,40320,58066,,1,3,,7/B0711Q7WK7.glb,5.5000,,,preferred_format:glb;textures:3;materials:1,"technical:preferred_format:glb,textures:3,materials:1","{""3dmodel_id"":""B0711Q7WK7"",""extent_x"":""0.4871431291103363"",""extent_y"":""1.764230728149414"",""extent_z"":""0.4313264489173889"",""faces"":""40320"",""image_height_max"":""4096"",""image_height_min"":""4096"",""image_width_max"":""4096"",""image_width_min"":""4096"",""images"":""3"",""materials"":""1"",""meshes"":""1"",""path"":""7/B0711Q7WK7.glb"",""textures"":""3"",""vertices"":""58066""}"
148,abo,/vol/bitbucket/ct1022/hy3dpaint_finetune/data/metadata/abo/3dmodels.csv.gz,B0711RQMNF,,,,,,glb,,12320,6798,,1,3,,F/B0711RQMNF.glb,5.5000,,,preferred_format:glb;textures:3;materials:1,"technical:preferred_format:glb,textures:3,materials:1","{""3dmodel_id"":""B0711RQMNF"",""extent_x"":""0.27000199604753017"",""extent_y"":""0.27990396499061343"",""extent_z"":""0.2700020043893179"",""faces"":""12320"",""image_height_max"":""4096"",""image_height_min"":""4096"",""image_width_max"":""4096"",""image_width_min"":""4096"",""images"":""3"",""materials"":""1"",""meshes"":""1"",""path"":""F/B0711RQMNF.glb"",""textures"":""3"",""vertices"":""6798""}"
149,abo,/vol/bitbucket/ct1022/hy3dpaint_finetune/data/metadata/abo/3dmodels.csv.gz,B07121RM99,,,,,,glb,,13927,11103,,1,3,,9/B07121RM99.glb,5.5000,,,preferred_format:glb;textures:3;materials:1,"technical:preferred_format:glb,textures:3,materials:1","{""3dmodel_id"":""B07121RM99"",""extent_x"":""1.0721690654754639"",""extent_y"":""1.513715386390686"",""extent_z"":""0.5061625242233276"",""faces"":""13927"",""image_height_max"":""2048"",""image_height_min"":""2048"",""image_width_max"":""2048"",""image_width_min"":""2048"",""images"":""3"",""materials"":""1"",""meshes"":""1"",""path"":""9/B07121RM99.glb"",""textures"":""3"",""vertices"":""11103""}"
150,abo,/vol/bitbucket/ct1022/hy3dpaint_finetune/data/metadata/abo/3dmodels.csv.gz,B07121ZVVT,,,,,,glb,,2672,1410,,1,3,,T/B07121ZVVT.glb,5.5000,,,preferred_format:glb;textures:3;materials:1,"technical:preferred_format:glb,textures:3,materials:1","{""3dmodel_id"":""B07121ZVVT"",""extent_x"":""2.2803996801376343"",""extent_y"":""0.014966956339776518"",""extent_z"":""1.521380364894867"",""faces"":""2672"",""image_height_max"":""2048"",""image_height_min"":""2048"",""image_width_max"":""2048"",""image_width_min"":""2048"",""images"":""3"",""materials"":""1"",""meshes"":""1"",""path"":""T/B07121ZVVT.glb"",""textures"":""3"",""vertices"":""1410""}"
151,abo,/vol/bitbucket/ct1022/hy3dpaint_finetune/data/metadata/abo/3dmodels.csv.gz,B07121ZVX4,,,,,,glb,,2416,1318,,1,3,,4/B07121ZVX4.glb,5.5000,,,preferred_format:glb;textures:3;materials:1,"technical:preferred_format:glb,textures:3,materials:1","{""3dmodel_id"":""B07121ZVX4"",""extent_x"":""2.1413971185684204"",""extent_y"":""0.012709821574389936"",""extent_z"":""1.565967857837677"",""faces"":""2416"",""image_height_max"":""2048"",""image_height_min"":""2048"",""image_width_max"":""2048"",""image_width_min"":""2048"",""images"":""3"",""materials"":""1"",""meshes"":""1"",""path"":""4/B07121ZVX4.glb"",""textures"":""3"",""vertices"":""1318""}"
152,abo,/vol/bitbucket/ct1022/hy3dpaint_finetune/data/metadata/abo/3dmodels.csv.gz,B07121ZVXN,,,,,,glb,,6964,5159,,1,3,,N/B07121ZVXN.glb,5.5000,,,preferred_format:glb;textures:3;materials:1,"technical:preferred_format:glb,textures:3,materials:1","{""3dmodel_id"":""B07121ZVXN"",""extent_x"":""2.8951494693756104"",""extent_y"":""0.018016209825873375"",""extent_z"":""2.288468837738037"",""faces"":""6964"",""image_height_max"":""2048"",""image_height_min"":""2048"",""image_width_max"":""2048"",""image_width_min"":""2048"",""images"":""3"",""materials"":""1"",""meshes"":""1"",""path"":""N/B07121ZVXN.glb"",""textures"":""3"",""vertices"":""5159""}"
153,abo,/vol/bitbucket/ct1022/hy3dpaint_finetune/data/metadata/abo/3dmodels.csv.gz,B07121ZWNC,,,,,,glb,,1776,986,,1,3,,C/B07121ZWNC.glb,5.5000,,,preferred_format:glb;textures:3;materials:1,"technical:preferred_format:glb,textures:3,materials:1","{""3dmodel_id"":""B07121ZWNC"",""extent_x"":""2.1437817811965942"",""extent_y"":""0.014913259074091913"",""extent_z"":""1.5433361530303955"",""faces"":""1776"",""image_height_max"":""2048"",""image_height_min"":""2048"",""image_width_max"":""2048"",""image_width_min"":""2048"",""images"":""3"",""materials"":""1"",""meshes"":""1"",""path"":""C/B07121ZWNC.glb"",""textures"":""3"",""vertices"":""986""}"
154,abo,/vol/bitbucket/ct1022/hy3dpaint_finetune/data/metadata/abo/3dmodels.csv.gz,B07121ZWNN,,,,,,glb,,1344,766,,1,3,,N/B07121ZWNN.glb,5.5000,,,preferred_format:glb;textures:3;materials:1,"technical:preferred_format:glb,textures:3,materials:1","{""3dmodel_id"":""B07121ZWNN"",""extent_x"":""2.4367599487304688"",""extent_y"":""0.013352460227906706"",""extent_z"":""0.684922993183136"",""faces"":""1344"",""image_height_max"":""2048"",""image_height_min"":""2048"",""image_width_max"":""2048"",""image_width_min"":""2048"",""images"":""3"",""materials"":""1"",""meshes"":""1"",""path"":""N/B07121ZWNN.glb"",""textures"":""3"",""vertices"":""766""}"
155,abo,/vol/bitbucket/ct1022/hy3dpaint_finetune/data/metadata/abo/3dmodels.csv.gz,B071225BBS,,,,,,glb,,12320,6798,,1,3,,S/B071225BBS.glb,5.5000,,,preferred_format:glb;textures:3;materials:1,"technical:preferred_format:glb,textures:3,materials:1","{""3dmodel_id"":""B071225BBS"",""extent_x"":""0.27000199604753017"",""extent_y"":""0.27990396499061343"",""extent_z"":""0.2700020043893179"",""faces"":""12320"",""image_height_max"":""4096"",""image_height_min"":""4096"",""image_width_max"":""4096"",""image_width_min"":""4096"",""images"":""3"",""materials"":""1"",""meshes"":""1"",""path"":""S/B071225BBS.glb"",""textures"":""3"",""vertices"":""6798""}"
156,abo,/vol/bitbucket/ct1022/hy3dpaint_finetune/data/metadata/abo/3dmodels.csv.gz,B07124WCH8,,,,,,glb,,15836,9057,,1,3,,8/B07124WCH8.glb,5.5000,,,preferred_format:glb;textures:3;materials:1,"technical:preferred_format:glb,textures:3,materials:1","{""3dmodel_id"":""B07124WCH8"",""extent_x"":""0.9816707372665405"",""extent_y"":""1.056115746498108"",""extent_z"":""1.039853572845459"",""faces"":""15836"",""image_height_max"":""2048"",""image_height_min"":""2048"",""image_width_max"":""2048"",""image_width_min"":""2048"",""images"":""3"",""materials"":""1"",""meshes"":""1"",""path"":""8/B07124WCH8.glb"",""textures"":""3"",""vertices"":""9057""}"
157,abo,/vol/bitbucket/ct1022/hy3dpaint_finetune/data/metadata/abo/3dmodels.csv.gz,B07124WCJZ,,,,,,glb,,15424,8952,,1,3,,Z/B07124WCJZ.glb,5.5000,,,preferred_format:glb;textures:3;materials:1,"technical:preferred_format:glb,textures:3,materials:1","{""3dmodel_id"":""B07124WCJZ"",""extent_x"":""0.9424740672111511"",""extent_y"":""1.082310676574707"",""extent_z"":""0.9270550608634949"",""faces"":""15424"",""image_height_max"":""4096"",""image_height_min"":""4096"",""image_width_max"":""4096"",""image_width_min"":""4096"",""images"":""3"",""materials"":""1"",""meshes"":""1"",""path"":""Z/B07124WCJZ.glb"",""textures"":""3"",""vertices"":""8952""}"
158,abo,/vol/bitbucket/ct1022/hy3dpaint_finetune/data/metadata/abo/3dmodels.csv.gz,B07124WCKT,,,,,,glb,,38228,20930,,1,3,,T/B07124WCKT.glb,5.5000,,,preferred_format:glb;textures:3;materials:1,"technical:preferred_format:glb,textures:3,materials:1","{""3dmodel_id"":""B07124WCKT"",""extent_x"":""2.0211315155029297"",""extent_y"":""0.9370933175086975"",""extent_z"":""0.8618516325950623"",""faces"":""38228"",""image_height_max"":""4096"",""image_height_min"":""4096"",""image_width_max"":""4096"",""image_width_min"":""4096"",""images"":""3"",""materials"":""1"",""meshes"":""1"",""path"":""T/B07124WCKT.glb"",""textures"":""3"",""vertices"":""20930""}"
159,abo,/vol/bitbucket/ct1022/hy3dpaint_finetune/data/metadata/abo/3dmodels.csv.gz,B07124WCSF,,,,,,glb,,10316,6140,,1,3,,F/B07124WCSF.glb,5.5000,,,preferred_format:glb;textures:3;materials:1,"technical:preferred_format:glb,textures:3,materials:1","{""3dmodel_id"":""B07124WCSF"",""extent_x"":""0.755549281835556"",""extent_y"":""0.9157258868217468"",""extent_z"":""0.8791223466396332"",""faces"":""10316"",""image_height_max"":""2048"",""image_height_min"":""2048"",""image_width_max"":""2048"",""image_width_min"":""2048"",""images"":""3"",""materials"":""1"",""meshes"":""1"",""path"":""F/B07124WCSF.glb"",""textures"":""3"",""vertices"":""6140""}"
160,abo,/vol/bitbucket/ct1022/hy3dpaint_finetune/data/metadata/abo/3dmodels.csv.gz,B07124WCZY,,,,,,glb,,18572,10765,,1,3,,Y/B07124WCZY.glb,5.5000,,,preferred_format:glb;textures:3;materials:1,"technical:preferred_format:glb,textures:3,materials:1","{""3dmodel_id"":""B07124WCZY"",""extent_x"":""0.8028411865234375"",""extent_y"":""0.8757168650627136"",""extent_z"":""0.7351552248001099"",""faces"":""18572"",""image_height_max"":""2048"",""image_height_min"":""2048"",""image_width_max"":""2048"",""image_width_min"":""2048"",""images"":""3"",""materials"":""1"",""meshes"":""1"",""path"":""Y/B07124WCZY.glb"",""textures"":""3"",""vertices"":""10765""}"
161,abo,/vol/bitbucket/ct1022/hy3dpaint_finetune/data/metadata/abo/3dmodels.csv.gz,B07124WMX5,,,,,,glb,,27684,15303,,1,3,,5/B07124WMX5.glb,5.5000,,,preferred_format:glb;textures:3;materials:1,"technical:preferred_format:glb,textures:3,materials:1","{""3dmodel_id"":""B07124WMX5"",""extent_x"":""1.9783053398132324"",""extent_y"":""0.8919357061386108"",""extent_z"":""0.9694930613040924"",""faces"":""27684"",""image_height_max"":""2048"",""image_height_min"":""2048"",""image_width_max"":""2048"",""image_width_min"":""2048"",""images"":""3"",""materials"":""1"",""meshes"":""1"",""path"":""5/B07124WMX5.glb"",""textures"":""3"",""vertices"":""15303""}"
162,abo,/vol/bitbucket/ct1022/hy3dpaint_finetune/data/metadata/abo/3dmodels.csv.gz,B07124WMZZ,,,,,,glb,,13280,7576,,1,3,,Z/B07124WMZZ.glb,5.5000,,,preferred_format:glb;textures:3;materials:1,"technical:preferred_format:glb,textures:3,materials:1","{""3dmodel_id"":""B07124WMZZ"",""extent_x"":""0.8231714963912964"",""extent_y"":""0.478157103061676"",""extent_z"":""0.6104156374931335"",""faces"":""13280"",""image_height_max"":""2048"",""image_height_min"":""2048"",""image_width_max"":""2048"",""image_width_min"":""2048"",""images"":""3"",""materials"":""1"",""meshes"":""1"",""path"":""Z/B07124WMZZ.glb"",""textures"":""3"",""vertices"":""7576""}"
163,abo,/vol/bitbucket/ct1022/hy3dpaint_finetune/data/metadata/abo/3dmodels.csv.gz,B07124WN22,,,,,,glb,,14674,8537,,1,3,,2/B07124WN22.glb,5.5000,,,preferred_format:glb;textures:3;materials:1,"technical:preferred_format:glb,textures:3,materials:1","{""3dmodel_id"":""B07124WN22"",""extent_x"":""0.4363299012184143"",""extent_y"":""0.49266278743743896"",""extent_z"":""0.45433372259140015"",""faces"":""14674"",""image_height_max"":""2048"",""image_height_min"":""2048"",""image_width_max"":""2048"",""image_width_min"":""2048"",""images"":""3"",""materials"":""1"",""meshes"":""1"",""path"":""2/B07124WN22.glb"",""textures"":""3"",""vertices"":""8537""}"
164,abo,/vol/bitbucket/ct1022/hy3dpaint_finetune/data/metadata/abo/3dmodels.csv.gz,B07124WN69,,,,,,glb,,11100,7345,,1,3,,9/B07124WN69.glb,5.5000,,,preferred_format:glb;textures:3;materials:1,"technical:preferred_format:glb,textures:3,materials:1","{""3dmodel_id"":""B07124WN69"",""extent_x"":""0.7188199766887922"",""extent_y"":""0.8635772101451951"",""extent_z"":""0.8889998859763184"",""faces"":""11100"",""image_height_max"":""4096"",""image_height_min"":""4096"",""image_width_max"":""4096"",""image_width_min"":""4096"",""images"":""3"",""materials"":""1"",""meshes"":""1"",""path"":""9/B07124WN69.glb"",""textures"":""3"",""vertices"":""7345""}"
165,abo,/vol/bitbucket/ct1022/hy3dpaint_finetune/data/metadata/abo/3dmodels.csv.gz,B07124WQLW,,,,,,glb,,46942,26503,,1,3,,W/B07124WQLW.glb,5.5000,,,preferred_format:glb;textures:3;materials:1,"technical:preferred_format:glb,textures:3,materials:1","{""3dmodel_id"":""B07124WQLW"",""extent_x"":""2.125067710876465"",""extent_y"":""0.7028668522834778"",""extent_z"":""0.9854008853435516"",""faces"":""46942"",""image_height_max"":""2048"",""image_height_min"":""2048"",""image_width_max"":""2048"",""image_width_min"":""2048"",""images"":""3"",""materials"":""1"",""meshes"":""1"",""path"":""W/B07124WQLW.glb"",""textures"":""3"",""vertices"":""26503""}"
166,abo,/vol/bitbucket/ct1022/hy3dpaint_finetune/data/metadata/abo/3dmodels.csv.gz,B0713T6T4D,,,,,,glb,,21768,13470,,1,3,,D/B0713T6T4D.glb,5.5000,,,preferred_format:glb;textures:3;materials:1,"technical:preferred_format:glb,textures:3,materials:1","{""3dmodel_id"":""B0713T6T4D"",""extent_x"":""0.7666430473327637"",""extent_y"":""0.9827993810176849"",""extent_z"":""0.02968941070139408"",""faces"":""21768"",""image_height_max"":""4096"",""image_height_min"":""4096"",""image_width_max"":""4096"",""image_width_min"":""4096"",""images"":""3"",""materials"":""1"",""meshes"":""1"",""path"":""D/B0713T6T4D.glb"",""textures"":""3"",""vertices"":""13470""}"
167,abo,/vol/bitbucket/ct1022/hy3dpaint_finetune/data/metadata/abo/3dmodels.csv.gz,B0713T6W1C,,,,,,glb,,2412,1592,,1,3,,C/B0713T6W1C.glb,5.5000,,,preferred_format:glb;textures:3;materials:1,"technical:preferred_format:glb,textures:3,materials:1","{""3dmodel_id"":""B0713T6W1C"",""extent_x"":""0.6099140048027039"",""extent_y"":""0.6099134683609009"",""extent_z"":""0.032264597713947296"",""faces"":""2412"",""image_height_max"":""2048"",""image_height_min"":""2048"",""image_width_max"":""2048"",""image_width_min"":""2048"",""images"":""3"",""materials"":""1"",""meshes"":""1"",""path"":""C/B0713T6W1C.glb"",""textures"":""3"",""vertices"":""1592""}"
168,abo,/vol/bitbucket/ct1022/hy3dpaint_finetune/data/metadata/abo/3dmodels.csv.gz,B07149T97D,,,,,,glb,,26100,16148,,1,4,,D/B07149T97D.glb,5.5000,,,preferred_format:glb;textures:4;materials:1,"technical:preferred_format:glb,textures:4,materials:1","{""3dmodel_id"":""B07149T97D"",""extent_x"":""0.34102995693683624"",""extent_y"":""0.8486141562461853"",""extent_z"":""0.34102995693683624"",""faces"":""26100"",""image_height_max"":""2048"",""image_height_min"":""2048"",""image_width_max"":""2048"",""image_width_min"":""2048"",""images"":""4"",""materials"":""1"",""meshes"":""1"",""path"":""D/B07149T97D.glb"",""textures"":""4"",""vertices"":""16148""}"
169,abo,/vol/bitbucket/ct1022/hy3dpaint_finetune/data/metadata/abo/3dmodels.csv.gz,B07149TB7Y,,,,,,glb,,40320,58066,,1,3,,Y/B07149TB7Y.glb,5.5000,,,preferred_format:glb;textures:3;materials:1,"technical:preferred_format:glb,textures:3,materials:1","{""3dmodel_id"":""B07149TB7Y"",""extent_x"":""0.4871431291103363"",""extent_y"":""1.764230728149414"",""extent_z"":""0.4313264489173889"",""faces"":""40320"",""image_height_max"":""4096"",""image_height_min"":""4096"",""image_width_max"":""4096"",""image_width_min"":""4096"",""images"":""3"",""materials"":""1"",""meshes"":""1"",""path"":""Y/B07149TB7Y.glb"",""textures"":""3"",""vertices"":""58066""}"
170,abo,/vol/bitbucket/ct1022/hy3dpaint_finetune/data/metadata/abo/3dmodels.csv.gz,B0714MJDXC,,,,,,glb,,1076,672,,1,3,,C/B0714MJDXC.glb,5.5000,,,preferred_format:glb;textures:3;materials:1,"technical:preferred_format:glb,textures:3,materials:1","{""3dmodel_id"":""B0714MJDXC"",""extent_x"":""1.8354090452194214"",""extent_y"":""0.017657777294516563"",""extent_z"":""1.230169415473938"",""faces"":""1076"",""image_height_max"":""2048"",""image_height_min"":""2048"",""image_width_max"":""2048"",""image_width_min"":""2048"",""images"":""3"",""materials"":""1"",""meshes"":""1"",""path"":""C/B0714MJDXC.glb"",""textures"":""3"",""vertices"":""672""}"
171,abo,/vol/bitbucket/ct1022/hy3dpaint_finetune/data/metadata/abo/3dmodels.csv.gz,B0714MJKX2,,,,,,glb,,456,272,,1,3,,2/B0714MJKX2.glb,5.5000,,,preferred_format:glb;textures:3;materials:1,"technical:preferred_format:glb,textures:3,materials:1","{""3dmodel_id"":""B0714MJKX2"",""extent_x"":""2.5282042026519775"",""extent_y"":""0.04771663621068001"",""extent_z"":""2.0092673301696777"",""faces"":""456"",""image_height_max"":""4096"",""image_height_min"":""4096"",""image_width_max"":""4096"",""image_width_min"":""4096"",""images"":""3"",""materials"":""1"",""meshes"":""1"",""path"":""2/B0714MJKX2.glb"",""textures"":""3"",""vertices"":""272""}"
172,abo,/vol/bitbucket/ct1022/hy3dpaint_finetune/data/metadata/abo/3dmodels.csv.gz,B0714MJKZW,,,,,,glb,,2036,1096,,1,3,,W/B0714MJKZW.glb,5.5000,,,preferred_format:glb;textures:3;materials:1,"technical:preferred_format:glb,textures:3,materials:1","{""3dmodel_id"":""B0714MJKZW"",""extent_x"":""2.447462320327759"",""extent_y"":""0.021172909066081047"",""extent_z"":""1.526849389076233"",""faces"":""2036"",""image_height_max"":""2048"",""image_height_min"":""2048"",""image_width_max"":""2048"",""image_width_min"":""2048"",""images"":""3"",""materials"":""1"",""meshes"":""1"",""path"":""W/B0714MJKZW.glb"",""textures"":""3"",""vertices"":""1096""}"
173,abo,/vol/bitbucket/ct1022/hy3dpaint_finetune/data/metadata/abo/3dmodels.csv.gz,B0714MJL15,,,,,,glb,,4160,2282,,1,3,,5/B0714MJL15.glb,5.5000,,,preferred_format:glb;textures:3;materials:1,"technical:preferred_format:glb,textures:3,materials:1","{""3dmodel_id"":""B0714MJL15"",""extent_x"":""3.0322988033294678"",""extent_y"":""0.019521187990903854"",""extent_z"":""2.4113357067108154"",""faces"":""4160"",""image_height_max"":""2048"",""image_height_min"":""2048"",""image_width_max"":""2048"",""image_width_min"":""2048"",""images"":""3"",""materials"":""1"",""meshes"":""1"",""path"":""5/B0714MJL15.glb"",""textures"":""3"",""vertices"":""2282""}"
174,abo,/vol/bitbucket/ct1022/hy3dpaint_finetune/data/metadata/abo/3dmodels.csv.gz,B0714MJLPX,,,,,,glb,,2816,1490,,1,3,,X/B0714MJLPX.glb,5.5000,,,preferred_format:glb;textures:3;materials:1,"technical:preferred_format:glb,textures:3,materials:1","{""3dmodel_id"":""B0714MJLPX"",""extent_x"":""2.4489240646362305"",""extent_y"":""0.017994510009884834"",""extent_z"":""1.5389716625213623"",""faces"":""2816"",""image_height_max"":""2048"",""image_height_min"":""2048"",""image_width_max"":""2048"",""image_width_min"":""2048"",""images"":""3"",""materials"":""1"",""meshes"":""1"",""path"":""X/B0714MJLPX.glb"",""textures"":""3"",""vertices"":""1490""}"
175,abo,/vol/bitbucket/ct1022/hy3dpaint_finetune/data/metadata/abo/3dmodels.csv.gz,B0714MJLTB,,,,,,glb,,19910,11197,,1,3,,B/B0714MJLTB.glb,5.5000,,,preferred_format:glb;textures:3;materials:1,"technical:preferred_format:glb,textures:3,materials:1","{""3dmodel_id"":""B0714MJLTB"",""extent_x"":""2.44041109085083"",""extent_y"":""0.010384056717157366"",""extent_z"":""1.528398871421814"",""faces"":""19910"",""image_height_max"":""4096"",""image_height_min"":""4096"",""image_width_max"":""4096"",""image_width_min"":""4096"",""images"":""3"",""materials"":""1"",""meshes"":""1"",""path"":""B/B0714MJLTB.glb"",""textures"":""3"",""vertices"":""11197""}"
176,abo,/vol/bitbucket/ct1022/hy3dpaint_finetune/data/metadata/abo/3dmodels.csv.gz,B0714MMHBL,,,,,,glb,,7200,3882,,1,3,,L/B0714MMHBL.glb,5.5000,,,preferred_format:glb;textures:3;materials:1,"technical:preferred_format:glb,textures:3,materials:1","{""3dmodel_id"":""B0714MMHBL"",""extent_x"":""1.6678575277328491"",""extent_y"":""0.011805909685790539"",""extent_z"":""1.0611963868141174"",""faces"":""7200"",""image_height_max"":""4096"",""image_height_min"":""4096"",""image_width_max"":""4096"",""image_width_min"":""4096"",""images"":""3"",""materials"":""1"",""meshes"":""1"",""path"":""L/B0714MMHBL.glb"",""textures"":""3"",""vertices"":""3882""}"
177,abo,/vol/bitbucket/ct1022/hy3dpaint_finetune/data/metadata/abo/3dmodels.csv.gz,B0714QGC72,,,,,,glb,,228620,118846,,1,3,,2/B0714QGC72.glb,5.5000,,,preferred_format:glb;textures:3;materials:1,"technical:preferred_format:glb,textures:3,materials:1","{""3dmodel_id"":""B0714QGC72"",""extent_x"":""2.365105390548706"",""extent_y"":""0.7599239349365234"",""extent_z"":""0.9890243113040924"",""faces"":""228620"",""image_height_max"":""4096"",""image_height_min"":""4096"",""image_width_max"":""4096"",""image_width_min"":""4096"",""images"":""3"",""materials"":""1"",""meshes"":""1"",""path"":""2/B0714QGC72.glb"",""textures"":""3"",""vertices"":""118846""}"
178,abo,/vol/bitbucket/ct1022/hy3dpaint_finetune/data/metadata/abo/3dmodels.csv.gz,B0714QGLNB,,,,,,glb,,24299,20166,,1,3,,B/B0714QGLNB.glb,5.5000,,,preferred_format:glb;textures:3;materials:1,"technical:preferred_format:glb,textures:3,materials:1","{""3dmodel_id"":""B0714QGLNB"",""extent_x"":""2.4481306076049805"",""extent_y"":""0.8670063961839602"",""extent_z"":""2.430081605911255"",""faces"":""24299"",""image_height_max"":""4096"",""image_height_min"":""4096"",""image_width_max"":""4096"",""image_width_min"":""4096"",""images"":""3"",""materials"":""1"",""meshes"":""1"",""path"":""B/B0714QGLNB.glb"",""textures"":""3"",""vertices"":""20166""}"
179,abo,/vol/bitbucket/ct1022/hy3dpaint_finetune/data/metadata/abo/3dmodels.csv.gz,B0714QGLSD,,,,,,glb,,13666,7799,,1,3,,D/B0714QGLSD.glb,5.5000,,,preferred_format:glb;textures:3;materials:1,"technical:preferred_format:glb,textures:3,materials:1","{""3dmodel_id"":""B0714QGLSD"",""extent_x"":""0.8454067707061768"",""extent_y"":""0.9678541421890259"",""extent_z"":""0.9420828819274902"",""faces"":""13666"",""image_height_max"":""2048"",""image_height_min"":""2048"",""image_width_max"":""2048"",""image_width_min"":""2048"",""images"":""3"",""materials"":""1"",""meshes"":""1"",""path"":""D/B0714QGLSD.glb"",""textures"":""3"",""vertices"":""7799""}"
180,abo,/vol/bitbucket/ct1022/hy3dpaint_finetune/data/metadata/abo/3dmodels.csv.gz,B0714QGLVP,,,,,,glb,,10376,6256,,1,3,,P/B0714QGLVP.glb,5.5000,,,preferred_format:glb;textures:3;materials:1,"technical:preferred_format:glb,textures:3,materials:1","{""3dmodel_id"":""B0714QGLVP"",""extent_x"":""0.5199310779571533"",""extent_y"":""0.42968398332595825"",""extent_z"":""0.5199311971664429"",""faces"":""10376"",""image_height_max"":""2048"",""image_height_min"":""2048"",""image_width_max"":""2048"",""image_width_min"":""2048"",""images"":""3"",""materials"":""1"",""meshes"":""1"",""path"":""P/B0714QGLVP.glb"",""textures"":""3"",""vertices"":""6256""}"
181,abo,/vol/bitbucket/ct1022/hy3dpaint_finetune/data/metadata/abo/3dmodels.csv.gz,B0714QGRSL,,,,,,glb,,24081,13469,,1,3,,L/B0714QGRSL.glb,5.5000,,,preferred_format:glb;textures:3;materials:1,"technical:preferred_format:glb,textures:3,materials:1","{""3dmodel_id"":""B0714QGRSL"",""extent_x"":""0.9868083000183105"",""extent_y"":""0.9014778137207031"",""extent_z"":""1.0265764594078064"",""faces"":""24081"",""image_height_max"":""2048"",""image_height_min"":""2048"",""image_width_max"":""2048"",""image_width_min"":""2048"",""images"":""3"",""materials"":""1"",""meshes"":""1"",""path"":""L/B0714QGRSL.glb"",""textures"":""3"",""vertices"":""13469""}"
182,abo,/vol/bitbucket/ct1022/hy3dpaint_finetune/data/metadata/abo/3dmodels.csv.gz,B0716DKHS1,,,,,,glb,,38536,27911,,1,3,,1/B0716DKHS1.glb,5.5000,,,preferred_format:glb;textures:3;materials:1,"technical:preferred_format:glb,textures:3,materials:1","{""3dmodel_id"":""B0716DKHS1"",""extent_x"":""0.7037005126476288"",""extent_y"":""1.1634174585342407"",""extent_z"":""0.8754826188087463"",""faces"":""38536"",""image_height_max"":""4096"",""image_height_min"":""2048"",""image_width_max"":""4096"",""image_width_min"":""2048"",""images"":""3"",""materials"":""1"",""meshes"":""1"",""path"":""1/B0716DKHS1.glb"",""textures"":""3"",""vertices"":""27911""}"
183,abo,/vol/bitbucket/ct1022/hy3dpaint_finetune/data/metadata/abo/3dmodels.csv.gz,B0716WLY2Y,,,,,,glb,,43914,26951,,1,3,,Y/B0716WLY2Y.glb,5.5000,,,preferred_format:glb;textures:3;materials:1,"technical:preferred_format:glb,textures:3,materials:1","{""3dmodel_id"":""B0716WLY2Y"",""extent_x"":""0.27025941014289856"",""extent_y"":""0.34966784715652466"",""extent_z"":""0.12034552544355392"",""faces"":""43914"",""image_height_max"":""4096"",""image_height_min"":""4096"",""image_width_max"":""4096"",""image_width_min"":""4096"",""images"":""3"",""materials"":""1"",""meshes"":""1"",""path"":""Y/B0716WLY2Y.glb"",""textures"":""3"",""vertices"":""26951""}"
184,abo,/vol/bitbucket/ct1022/hy3dpaint_finetune/data/metadata/abo/3dmodels.csv.gz,B0716WM8TJ,,,,,,glb,,13580,9924,,1,3,,J/B0716WM8TJ.glb,5.5000,,,preferred_format:glb;textures:3;materials:1,"technical:preferred_format:glb,textures:3,materials:1","{""3dmodel_id"":""B0716WM8TJ"",""extent_x"":""0.49172505736351013"",""extent_y"":""0.8694525957107544"",""extent_z"":""0.4917251765727997"",""faces"":""13580"",""image_height_max"":""4096"",""image_height_min"":""4096"",""image_width_max"":""4096"",""image_width_min"":""4096"",""images"":""3"",""materials"":""1"",""meshes"":""1"",""path"":""J/B0716WM8TJ.glb"",""textures"":""3"",""vertices"":""9924""}"
185,abo,/vol/bitbucket/ct1022/hy3dpaint_finetune/data/metadata/abo/3dmodels.csv.gz,B0716YRXBG,,,,,,glb,,9052,6071,,1,4,,G/B0716YRXBG.glb,5.5000,,,preferred_format:glb;textures:4;materials:1,"technical:preferred_format:glb,textures:4,materials:1","{""3dmodel_id"":""B0716YRXBG"",""extent_x"":""0.3313306123018265"",""extent_y"":""0.9931700974702835"",""extent_z"":""0.3313306123018265"",""faces"":""9052"",""image_height_max"":""4096"",""image_height_min"":""4096"",""image_width_max"":""4096"",""image_width_min"":""4096"",""images"":""4"",""materials"":""1"",""meshes"":""1"",""path"":""G/B0716YRXBG.glb"",""textures"":""4"",""vertices"":""6071""}"
186,abo,/vol/bitbucket/ct1022/hy3dpaint_finetune/data/metadata/abo/3dmodels.csv.gz,B07177355J,,,,,,glb,,2020,1795,,1,3,,J/B07177355J.glb,5.5000,,,preferred_format:glb;textures:3;materials:1,"technical:preferred_format:glb,textures:3,materials:1","{""3dmodel_id"":""B07177355J"",""extent_x"":""0.5602076649665833"",""extent_y"":""0.5845041275024414"",""extent_z"":""0.43869127333164215"",""faces"":""2020"",""image_height_max"":""2048"",""image_height_min"":""2048"",""image_width_max"":""2048"",""image_width_min"":""2048"",""images"":""3"",""materials"":""1"",""meshes"":""1"",""path"":""J/B07177355J.glb"",""textures"":""3"",""vertices"":""1795""}"
187,abo,/vol/bitbucket/ct1022/hy3dpaint_finetune/data/metadata/abo/3dmodels.csv.gz,B071777YL9,,,,,,glb,,28876,27039,,1,3,,9/B071777YL9.glb,5.5000,,,preferred_format:glb;textures:3;materials:1,"technical:preferred_format:glb,textures:3,materials:1","{""3dmodel_id"":""B071777YL9"",""extent_x"":""2.7545350790023804"",""extent_y"":""0.021268511191010475"",""extent_z"":""1.52382230758667"",""faces"":""28876"",""image_height_max"":""2048"",""image_height_min"":""2048"",""image_width_max"":""2048"",""image_width_min"":""2048"",""images"":""3"",""materials"":""1"",""meshes"":""1"",""path"":""9/B071777YL9.glb"",""textures"":""3"",""vertices"":""27039""}"
188,abo,/vol/bitbucket/ct1022/hy3dpaint_finetune/data/metadata/abo/3dmodels.csv.gz,B071777YN3,,,,,,glb,,5000,2778,,1,3,,3/B071777YN3.glb,5.5000,,,preferred_format:glb;textures:3;materials:1,"technical:preferred_format:glb,textures:3,materials:1","{""3dmodel_id"":""B071777YN3"",""extent_x"":""1.8280787467956543"",""extent_y"":""0.01866672933101654"",""extent_z"":""1.2091005444526672"",""faces"":""5000"",""image_height_max"":""2048"",""image_height_min"":""2048"",""image_width_max"":""2048"",""image_width_min"":""2048"",""images"":""3"",""materials"":""1"",""meshes"":""1"",""path"":""3/B071777YN3.glb"",""textures"":""3"",""vertices"":""2778""}"
189,abo,/vol/bitbucket/ct1022/hy3dpaint_finetune/data/metadata/abo/3dmodels.csv.gz,B071777YNJ,,,,,,glb,,704,438,,1,3,,J/B071777YNJ.glb,5.5000,,,preferred_format:glb;textures:3;materials:1,"technical:preferred_format:glb,textures:3,materials:1","{""3dmodel_id"":""B071777YNJ"",""extent_x"":""2.3364806175231934"",""extent_y"":""0.006670420058071614"",""extent_z"":""1.5253983736038208"",""faces"":""704"",""image_height_max"":""2048"",""image_height_min"":""2048"",""image_width_max"":""2048"",""image_width_min"":""2048"",""images"":""3"",""materials"":""1"",""meshes"":""1"",""path"":""J/B071777YNJ.glb"",""textures"":""3"",""vertices"":""438""}"
190,abo,/vol/bitbucket/ct1022/hy3dpaint_finetune/data/metadata/abo/3dmodels.csv.gz,B071777YNX,,,,,,glb,,1616,950,,1,3,,X/B071777YNX.glb,5.5000,,,preferred_format:glb;textures:3;materials:1,"technical:preferred_format:glb,textures:3,materials:1","{""3dmodel_id"":""B071777YNX"",""extent_x"":""2.438399910926819"",""extent_y"":""0.025850655511021614"",""extent_z"":""1.7060332298278809"",""faces"":""1616"",""image_height_max"":""2048"",""image_height_min"":""2048"",""image_width_max"":""2048"",""image_width_min"":""2048"",""images"":""3"",""materials"":""1"",""meshes"":""1"",""path"":""X/B071777YNX.glb"",""textures"":""3"",""vertices"":""950""}"
191,abo,/vol/bitbucket/ct1022/hy3dpaint_finetune/data/metadata/abo/3dmodels.csv.gz,B0717B4RRW,,,,,,glb,,20816,11742,,1,3,,W/B0717B4RRW.glb,5.5000,,,preferred_format:glb;textures:3;materials:1,"technical:preferred_format:glb,textures:3,materials:1","{""3dmodel_id"":""B0717B4RRW"",""extent_x"":""2.2455445528030396"",""extent_y"":""1.0135735273361206"",""extent_z"":""0.9001090228557587"",""faces"":""20816"",""image_height_max"":""2048"",""image_height_min"":""2048"",""image_width_max"":""2048"",""image_width_min"":""2048"",""images"":""3"",""materials"":""1"",""meshes"":""1"",""path"":""W/B0717B4RRW.glb"",""textures"":""3"",""vertices"":""11742""}"
192,abo,/vol/bitbucket/ct1022/hy3dpaint_finetune/data/metadata/abo/3dmodels.csv.gz,B0717B4TLX,,,,,,glb,,63820,35867,,1,3,,X/B0717B4TLX.glb,5.5000,,,preferred_format:glb;textures:3;materials:1,"technical:preferred_format:glb,textures:3,materials:1","{""3dmodel_id"":""B0717B4TLX"",""extent_x"":""2.093134641647339"",""extent_y"":""0.861541748046875"",""extent_z"":""0.9356052279472351"",""faces"":""63820"",""image_height_max"":""2048"",""image_height_min"":""2048"",""image_width_max"":""2048"",""image_width_min"":""2048"",""images"":""3"",""materials"":""1"",""meshes"":""1"",""path"":""X/B0717B4TLX.glb"",""textures"":""3"",""vertices"":""35867""}"
193,abo,/vol/bitbucket/ct1022/hy3dpaint_finetune/data/metadata/abo/3dmodels.csv.gz,B0717B4Y3X,,,,,,glb,,19446,15442,,1,3,,X/B0717B4Y3X.glb,5.5000,,,preferred_format:glb;textures:3;materials:1,"technical:preferred_format:glb,textures:3,materials:1","{""3dmodel_id"":""B0717B4Y3X"",""extent_x"":""0.8783969879150391"",""extent_y"":""1.0633878707885742"",""extent_z"":""0.9042209982872009"",""faces"":""19446"",""image_height_max"":""2048"",""image_height_min"":""2048"",""image_width_max"":""2048"",""image_width_min"":""2048"",""images"":""3"",""materials"":""1"",""meshes"":""1"",""path"":""X/B0717B4Y3X.glb"",""textures"":""3"",""vertices"":""15442""}"
194,abo,/vol/bitbucket/ct1022/hy3dpaint_finetune/data/metadata/abo/3dmodels.csv.gz,B0718WYQ8D,,,,,,glb,,13640,9204,,1,3,,D/B0718WYQ8D.glb,5.5000,,,preferred_format:glb;textures:3;materials:1,"technical:preferred_format:glb,textures:3,materials:1","{""3dmodel_id"":""B0718WYQ8D"",""extent_x"":""0.9980985522270203"",""extent_y"":""0.8047987818717957"",""extent_z"":""1.9628776907920837"",""faces"":""13640"",""image_height_max"":""2048"",""image_height_min"":""2048"",""image_width_max"":""2048"",""image_width_min"":""2048"",""images"":""3"",""materials"":""1"",""meshes"":""1"",""path"":""D/B0718WYQ8D.glb"",""textures"":""3"",""vertices"":""9204""}"
195,abo,/vol/bitbucket/ct1022/hy3dpaint_finetune/data/metadata/abo/3dmodels.csv.gz,B0718ZKL8B,,,,,,glb,,324,244,,1,3,,B/B0718ZKL8B.glb,5.5000,,,preferred_format:glb;textures:3;materials:1,"technical:preferred_format:glb,textures:3,materials:1","{""3dmodel_id"":""B0718ZKL8B"",""extent_x"":""0.8123248815536499"",""extent_y"":""2.0309633016586304"",""extent_z"":""0.0263921357691288"",""faces"":""324"",""image_height_max"":""2048"",""image_height_min"":""2048"",""image_width_max"":""2048"",""image_width_min"":""2048"",""images"":""3"",""materials"":""1"",""meshes"":""1"",""path"":""B/B0718ZKL8B.glb"",""textures"":""3"",""vertices"":""244""}"
196,abo,/vol/bitbucket/ct1022/hy3dpaint_finetune/data/metadata/abo/3dmodels.csv.gz,B0718ZKMW1,,,,,,glb,,28536,17740,,1,3,,1/B0718ZKMW1.glb,5.5000,,,preferred_format:glb;textures:3;materials:1,"technical:preferred_format:glb,textures:3,materials:1","{""3dmodel_id"":""B0718ZKMW1"",""extent_x"":""0.7557826042175293"",""extent_y"":""1.0228880643844604"",""extent_z"":""0.03228075057268143"",""faces"":""28536"",""image_height_max"":""2048"",""image_height_min"":""2048"",""image_width_max"":""2048"",""image_width_min"":""2048"",""images"":""3"",""materials"":""1"",""meshes"":""1"",""path"":""1/B0718ZKMW1.glb"",""textures"":""3"",""vertices"":""17740""}"
197,abo,/vol/bitbucket/ct1022/hy3dpaint_finetune/data/metadata/abo/3dmodels.csv.gz,B0718ZKQK8,,,,,,glb,,2224,1883,,1,3,,8/B0718ZKQK8.glb,5.5000,,,preferred_format:glb;textures:3;materials:1,"technical:preferred_format:glb,textures:3,materials:1","{""3dmodel_id"":""B0718ZKQK8"",""extent_x"":""0.6057415008544922"",""extent_y"":""0.9118198752403259"",""extent_z"":""0.043593063950538635"",""faces"":""2224"",""image_height_max"":""4096"",""image_height_min"":""4096"",""image_width_max"":""4096"",""image_width_min"":""4096"",""images"":""3"",""materials"":""1"",""meshes"":""1"",""path"":""8/B0718ZKQK8.glb"",""textures"":""3"",""vertices"":""1883""}"
198,abo,/vol/bitbucket/ct1022/hy3dpaint_finetune/data/metadata/abo/3dmodels.csv.gz,B0719FLQP3,,,,,,glb,,9920,5252,,1,3,,3/B0719FLQP3.glb,5.5000,,,preferred_format:glb;textures:3;materials:1,"technical:preferred_format:glb,textures:3,materials:1","{""3dmodel_id"":""B0719FLQP3"",""extent_x"":""2.895599842071533"",""extent_y"":""0.012699999846518041"",""extent_z"":""2.0065999031066895"",""faces"":""9920"",""image_height_max"":""4096"",""image_height_min"":""4096"",""image_width_max"":""4096"",""image_width_min"":""4096"",""images"":""3"",""materials"":""1"",""meshes"":""1"",""path"":""3/B0719FLQP3.glb"",""textures"":""3"",""vertices"":""5252""}"
199,abo,/vol/bitbucket/ct1022/hy3dpaint_finetune/data/metadata/abo/3dmodels.csv.gz,B0719H3KTX,,,,,,glb,,28506,20144,,1,4,,X/B0719H3KTX.glb,5.5000,,,preferred_format:glb;textures:4;materials:1,"technical:preferred_format:glb,textures:4,materials:1","{""3dmodel_id"":""B0719H3KTX"",""extent_x"":""0.9728491902351379"",""extent_y"":""0.9241527318954468"",""extent_z"":""0.3954917788505554"",""faces"":""28506"",""image_height_max"":""2048"",""image_height_min"":""2048"",""image_width_max"":""2048"",""image_width_min"":""2048"",""images"":""4"",""materials"":""1"",""meshes"":""1"",""path"":""X/B0719H3KTX.glb"",""textures"":""4"",""vertices"":""20144""}"
200,abo,/vol/bitbucket/ct1022/hy3dpaint_finetune/data/metadata/abo/3dmodels.csv.gz,B0719H3LG2,,,,,,glb,,30494,18947,,1,4,,2/B0719H3LG2.glb,5.5000,,,preferred_format:glb;textures:4;materials:1,"technical:preferred_format:glb,textures:4,materials:1","{""3dmodel_id"":""B0719H3LG2"",""extent_x"":""0.17265544831752777"",""extent_y"":""0.741199791431427"",""extent_z"":""0.17265545576810837"",""faces"":""30494"",""image_height_max"":""2048"",""image_height_min"":""2048"",""image_width_max"":""2048"",""image_width_min"":""2048"",""images"":""4"",""materials"":""1"",""meshes"":""1"",""path"":""2/B0719H3LG2.glb"",""textures"":""4"",""vertices"":""18947""}"
201,abo,/vol/bitbucket/ct1022/hy3dpaint_finetune/data/metadata/abo/3dmodels.csv.gz,B0719K9G5L,,,,,,glb,,11672,8280,,1,4,,L/B0719K9G5L.glb,5.5000,,,preferred_format:glb;textures:4;materials:1,"technical:preferred_format:glb,textures:4,materials:1","{""3dmodel_id"":""B0719K9G5L"",""extent_x"":""0.18210536241531372"",""extent_y"":""0.7679867148399353"",""extent_z"":""0.18210534751415253"",""faces"":""11672"",""image_height_max"":""4096"",""image_height_min"":""4096"",""image_width_max"":""4096"",""image_width_min"":""4096"",""images"":""4"",""materials"":""1"",""meshes"":""1"",""path"":""L/B0719K9G5L.glb"",""textures"":""4"",""vertices"":""8280""}"
202,abo,/vol/bitbucket/ct1022/hy3dpaint_finetune/data/metadata/abo/3dmodels.csv.gz,B0719SNKSY,,,,,,glb,,19136,12065,,1,3,,Y/B0719SNKSY.glb,5.5000,,,preferred_format:glb;textures:3;materials:1,"technical:preferred_format:glb,textures:3,materials:1","{""3dmodel_id"":""B0719SNKSY"",""extent_x"":""1.612899899482727"",""extent_y"":""1.1691733598709106"",""extent_z"":""2.2208290100097656"",""faces"":""19136"",""image_height_max"":""2048"",""image_height_min"":""2048"",""image_width_max"":""2048"",""image_width_min"":""2048"",""images"":""3"",""materials"":""1"",""meshes"":""1"",""path"":""Y/B0719SNKSY.glb"",""textures"":""3"",""vertices"":""12065""}"
203,abo,/vol/bitbucket/ct1022/hy3dpaint_finetune/data/metadata/abo/3dmodels.csv.gz,B0719STDHT,,,,,,glb,,3072,1734,,1,3,,T/B0719STDHT.glb,5.5000,,,preferred_format:glb;textures:3;materials:1,"technical:preferred_format:glb,textures:3,materials:1","{""3dmodel_id"":""B0719STDHT"",""extent_x"":""1.8274686336517334"",""extent_y"":""0.008155403658747673"",""extent_z"":""1.2249553203582764"",""faces"":""3072"",""image_height_max"":""2048"",""image_height_min"":""2048"",""image_width_max"":""2048"",""image_width_min"":""2048"",""images"":""3"",""materials"":""1"",""meshes"":""1"",""path"":""T/B0719STDHT.glb"",""textures"":""3"",""vertices"":""1734""}"
204,abo,/vol/bitbucket/ct1022/hy3dpaint_finetune/data/metadata/abo/3dmodels.csv.gz,B0719STF79,,,,,,glb,,50060,42323,,1,3,,9/B0719STF79.glb,5.5000,,,preferred_format:glb;textures:3;materials:1,"technical:preferred_format:glb,textures:3,materials:1","{""3dmodel_id"":""B0719STF79"",""extent_x"":""3.220640778541565"",""extent_y"":""0.02618333324790001"",""extent_z"":""2.3424407243728638"",""faces"":""50060"",""image_height_max"":""4096"",""image_height_min"":""4096"",""image_width_max"":""4096"",""image_width_min"":""4096"",""images"":""3"",""materials"":""1"",""meshes"":""1"",""path"":""9/B0719STF79.glb"",""textures"":""3"",""vertices"":""42323""}"
205,abo,/vol/bitbucket/ct1022/hy3dpaint_finetune/data/metadata/abo/3dmodels.csv.gz,B0719STF8C,,,,,,glb,,3200,2804,,1,3,,C/B0719STF8C.glb,5.5000,,,preferred_format:glb;textures:3;materials:1,"technical:preferred_format:glb,textures:3,materials:1","{""3dmodel_id"":""B0719STF8C"",""extent_x"":""1.81868577003479"",""extent_y"":""0.004684739746153355"",""extent_z"":""1.2000856399536133"",""faces"":""3200"",""image_height_max"":""2048"",""image_height_min"":""2048"",""image_width_max"":""2048"",""image_width_min"":""2048"",""images"":""3"",""materials"":""1"",""meshes"":""1"",""path"":""C/B0719STF8C.glb"",""textures"":""3"",""vertices"":""2804""}"
206,abo,/vol/bitbucket/ct1022/hy3dpaint_finetune/data/metadata/abo/3dmodels.csv.gz,B0719STF99,,,,,,glb,,2816,1732,,1,3,,9/B0719STF99.glb,5.5000,,,preferred_format:glb;textures:3;materials:1,"technical:preferred_format:glb,textures:3,materials:1","{""3dmodel_id"":""B0719STF99"",""extent_x"":""1.8140980005264282"",""extent_y"":""0.007582081481814385"",""extent_z"":""1.208860158920288"",""faces"":""2816"",""image_height_max"":""2048"",""image_height_min"":""2048"",""image_width_max"":""2048"",""image_width_min"":""2048"",""images"":""3"",""materials"":""1"",""meshes"":""1"",""path"":""9/B0719STF99.glb"",""textures"":""3"",""vertices"":""1732""}"
207,abo,/vol/bitbucket/ct1022/hy3dpaint_finetune/data/metadata/abo/3dmodels.csv.gz,B0719STKS9,,,,,,glb,,3056,1634,,1,3,,9/B0719STKS9.glb,5.5000,,,preferred_format:glb;textures:3;materials:1,"technical:preferred_format:glb,textures:3,materials:1","{""3dmodel_id"":""B0719STKS9"",""extent_x"":""2.4133318662643433"",""extent_y"":""0.015678487718105316"",""extent_z"":""0.8096886873245239"",""faces"":""3056"",""image_height_max"":""2048"",""image_height_min"":""2048"",""image_width_max"":""2048"",""image_width_min"":""2048"",""images"":""3"",""materials"":""1"",""meshes"":""1"",""path"":""9/B0719STKS9.glb"",""textures"":""3"",""vertices"":""1634""}"
208,abo,/vol/bitbucket/ct1022/hy3dpaint_finetune/data/metadata/abo/3dmodels.csv.gz,B0719STKTS,,,,,,glb,,5312,2939,,1,3,,S/B0719STKTS.glb,5.5000,,,preferred_format:glb;textures:3;materials:1,"technical:preferred_format:glb,textures:3,materials:1","{""3dmodel_id"":""B0719STKTS"",""extent_x"":""2.9246034622192383"",""extent_y"":""0.026267779991030693"",""extent_z"":""2.3429696559906006"",""faces"":""5312"",""image_height_max"":""4096"",""image_height_min"":""4096"",""image_width_max"":""4096"",""image_width_min"":""4096"",""images"":""3"",""materials"":""1"",""meshes"":""1"",""path"":""S/B0719STKTS.glb"",""textures"":""3"",""vertices"":""2939""}"
209,abo,/vol/bitbucket/ct1022/hy3dpaint_finetune/data/metadata/abo/3dmodels.csv.gz,B0719STLK8,,,,,,glb,,1076,684,,1,3,,8/B0719STLK8.glb,5.5000,,,preferred_format:glb;textures:3;materials:1,"technical:preferred_format:glb,textures:3,materials:1","{""3dmodel_id"":""B0719STLK8"",""extent_x"":""2.9021496772766113"",""extent_y"":""0.017114998772740364"",""extent_z"":""2.30548894405365"",""faces"":""1076"",""image_height_max"":""2048"",""image_height_min"":""2048"",""image_width_max"":""2048"",""image_width_min"":""2048"",""images"":""3"",""materials"":""1"",""meshes"":""1"",""path"":""8/B0719STLK8.glb"",""textures"":""3"",""vertices"":""684""}"
210,abo,/vol/bitbucket/ct1022/hy3dpaint_finetune/data/metadata/abo/3dmodels.csv.gz,B0719STLKT,,,,,,glb,,110560,58632,,1,3,,T/B0719STLKT.glb,5.5000,,,preferred_format:glb;textures:3;materials:1,"technical:preferred_format:glb,textures:3,materials:1","{""3dmodel_id"":""B0719STLKT"",""extent_x"":""1.8384673595428467"",""extent_y"":""0.019407792016863823"",""extent_z"":""1.2202965021133423"",""faces"":""110560"",""image_height_max"":""4096"",""image_height_min"":""4096"",""image_width_max"":""4096"",""image_width_min"":""4096"",""images"":""3"",""materials"":""1"",""meshes"":""1"",""path"":""T/B0719STLKT.glb"",""textures"":""3"",""vertices"":""58632""}"
211,abo,/vol/bitbucket/ct1022/hy3dpaint_finetune/data/metadata/abo/3dmodels.csv.gz,B0719STLL8,,,,,,glb,,1408,818,,1,3,,8/B0719STLL8.glb,5.5000,,,preferred_format:glb;textures:3;materials:1,"technical:preferred_format:glb,textures:3,materials:1","{""3dmodel_id"":""B0719STLL8"",""extent_x"":""2.451539397239685"",""extent_y"":""0.017370980232954025"",""extent_z"":""0.8547664284706116"",""faces"":""1408"",""image_height_max"":""2048"",""image_height_min"":""2048"",""image_width_max"":""2048"",""image_width_min"":""2048"",""images"":""3"",""materials"":""1"",""meshes"":""1"",""path"":""8/B0719STLL8.glb"",""textures"":""3"",""vertices"":""818""}"
212,abo,/vol/bitbucket/ct1022/hy3dpaint_finetune/data/metadata/abo/3dmodels.csv.gz,B0719STLRW,,,,,,glb,,1236,666,,1,3,,W/B0719STLRW.glb,5.5000,,,preferred_format:glb;textures:3;materials:1,"technical:preferred_format:glb,textures:3,materials:1","{""3dmodel_id"":""B0719STLRW"",""extent_x"":""3.305714726448059"",""extent_y"":""0.01118861883878708"",""extent_z"":""2.3894585371017456"",""faces"":""1236"",""image_height_max"":""2048"",""image_height_min"":""2048"",""image_width_max"":""2048"",""image_width_min"":""2048"",""images"":""3"",""materials"":""1"",""meshes"":""1"",""path"":""W/B0719STLRW.glb"",""textures"":""3"",""vertices"":""666""}"
213,abo,/vol/bitbucket/ct1022/hy3dpaint_finetune/data/metadata/abo/3dmodels.csv.gz,B0719STLSH,,,,,,glb,,2496,1414,,1,3,,H/B0719STLSH.glb,5.5000,,,preferred_format:glb;textures:3;materials:1,"technical:preferred_format:glb,textures:3,materials:1","{""3dmodel_id"":""B0719STLSH"",""extent_x"":""2.4383997917175293"",""extent_y"":""0.011000000871717932"",""extent_z"":""1.5239998698234558"",""faces"":""2496"",""image_height_max"":""4096"",""image_height_min"":""4096"",""image_width_max"":""4096"",""image_width_min"":""4096"",""images"":""3"",""materials"":""1"",""meshes"":""1"",""path"":""H/B0719STLSH.glb"",""textures"":""3"",""vertices"":""1414""}"
214,abo,/vol/bitbucket/ct1022/hy3dpaint_finetune/data/metadata/abo/3dmodels.csv.gz,B0719STM26,,,,,,glb,,4200,2702,,1,3,,6/B0719STM26.glb,5.5000,,,preferred_format:glb;textures:3;materials:1,"technical:preferred_format:glb,textures:3,materials:1","{""3dmodel_id"":""B0719STM26"",""extent_x"":""2.443289041519165"",""extent_y"":""0.014708252623677255"",""extent_z"":""2.4439399242401123"",""faces"":""4200"",""image_height_max"":""2048"",""image_height_min"":""2048"",""image_width_max"":""2048"",""image_width_min"":""2048"",""images"":""3"",""materials"":""1"",""meshes"":""1"",""path"":""6/B0719STM26.glb"",""textures"":""3"",""vertices"":""2702""}"
215,abo,/vol/bitbucket/ct1022/hy3dpaint_finetune/data/metadata/abo/3dmodels.csv.gz,B0719STM6D,,,,,,glb,,19910,21808,,1,3,,D/B0719STM6D.glb,5.5000,,,preferred_format:glb;textures:3;materials:1,"technical:preferred_format:glb,textures:3,materials:1","{""3dmodel_id"":""B0719STM6D"",""extent_x"":""3.4216350317001343"",""extent_y"":""0.014559212140738966"",""extent_z"":""2.1429271697998047"",""faces"":""19910"",""image_height_max"":""2048"",""image_height_min"":""2048"",""image_width_max"":""2048"",""image_width_min"":""2048"",""images"":""3"",""materials"":""1"",""meshes"":""1"",""path"":""D/B0719STM6D.glb"",""textures"":""3"",""vertices"":""21808""}"
216,abo,/vol/bitbucket/ct1022/hy3dpaint_finetune/data/metadata/abo/3dmodels.csv.gz,B0719STM8K,,,,,,glb,,2560,1346,,1,3,,K/B0719STM8K.glb,5.5000,,,preferred_format:glb;textures:3;materials:1,"technical:preferred_format:glb,textures:3,materials:1","{""3dmodel_id"":""B0719STM8K"",""extent_x"":""3.0672162771224976"",""extent_y"":""0.005097864661365748"",""extent_z"":""2.4596790075302124"",""faces"":""2560"",""image_height_max"":""4096"",""image_height_min"":""4096"",""image_width_max"":""4096"",""image_width_min"":""4096"",""images"":""3"",""materials"":""1"",""meshes"":""1"",""path"":""K/B0719STM8K.glb"",""textures"":""3"",""vertices"":""1346""}"
217,abo,/vol/bitbucket/ct1022/hy3dpaint_finetune/data/metadata/abo/3dmodels.csv.gz,B0719SX5NS,,,,,,glb,,5000,2774,,1,3,,S/B0719SX5NS.glb,5.5000,,,preferred_format:glb;textures:3;materials:1,"technical:preferred_format:glb,textures:3,materials:1","{""3dmodel_id"":""B0719SX5NS"",""extent_x"":""1.6976484656333923"",""extent_y"":""0.01271768379956484"",""extent_z"":""1.071595549583435"",""faces"":""5000"",""image_height_max"":""2048"",""image_height_min"":""2048"",""image_width_max"":""2048"",""image_width_min"":""2048"",""images"":""3"",""materials"":""1"",""meshes"":""1"",""path"":""S/B0719SX5NS.glb"",""textures"":""3"",""vertices"":""2774""}"
218,abo,/vol/bitbucket/ct1022/hy3dpaint_finetune/data/metadata/abo/3dmodels.csv.gz,B0719SX5P1,,,,,,glb,,11864,11245,,1,3,,1/B0719SX5P1.glb,5.5000,,,preferred_format:glb;textures:3;materials:1,"technical:preferred_format:glb,textures:3,materials:1","{""3dmodel_id"":""B0719SX5P1"",""extent_x"":""2.275643467903137"",""extent_y"":""0.014364262111485004"",""extent_z"":""0.6781830191612244"",""faces"":""11864"",""image_height_max"":""2048"",""image_height_min"":""2048"",""image_width_max"":""2048"",""image_width_min"":""2048"",""images"":""3"",""materials"":""1"",""meshes"":""1"",""path"":""1/B0719SX5P1.glb"",""textures"":""3"",""vertices"":""11245""}"
219,abo,/vol/bitbucket/ct1022/hy3dpaint_finetune/data/metadata/abo/3dmodels.csv.gz,B0719SX5PL,,,,,,glb,,1256,674,,1,3,,L/B0719SX5PL.glb,5.5000,,,preferred_format:glb;textures:3;materials:1,"technical:preferred_format:glb,textures:3,materials:1","{""3dmodel_id"":""B0719SX5PL"",""extent_x"":""2.134501576423645"",""extent_y"":""0.012699999846518041"",""extent_z"":""1.5239999890327454"",""faces"":""1256"",""image_height_max"":""4096"",""image_height_min"":""4096"",""image_width_max"":""4096"",""image_width_min"":""4096"",""images"":""3"",""materials"":""1"",""meshes"":""1"",""path"":""L/B0719SX5PL.glb"",""textures"":""3"",""vertices"":""674""}"
220,abo,/vol/bitbucket/ct1022/hy3dpaint_finetune/data/metadata/abo/3dmodels.csv.gz,B0719SX5T7,,,,,,glb,,7136,3998,,1,3,,7/B0719SX5T7.glb,5.5000,,,preferred_format:glb;textures:3;materials:1,"technical:preferred_format:glb,textures:3,materials:1","{""3dmodel_id"":""B0719SX5T7"",""extent_x"":""2.1327015161514282"",""extent_y"":""0.012498429976403713"",""extent_z"":""1.5233867764472961"",""faces"":""7136"",""image_height_max"":""4096"",""image_height_min"":""4096"",""image_width_max"":""4096"",""image_width_min"":""4096"",""images"":""3"",""materials"":""1"",""meshes"":""1"",""path"":""7/B0719SX5T7.glb"",""textures"":""3"",""vertices"":""3998""}"
221,abo,/vol/bitbucket/ct1022/hy3dpaint_finetune/data/metadata/abo/3dmodels.csv.gz,B0719WQ4GK,,,,,,glb,,10806,6065,,1,3,,K/B0719WQ4GK.glb,5.5000,,,preferred_format:glb;textures:3;materials:1,"technical:preferred_format:glb,textures:3,materials:1","{""3dmodel_id"":""B0719WQ4GK"",""extent_x"":""1.1496039628982544"",""extent_y"":""0.8778883218765259"",""extent_z"":""0.9568568468093872"",""faces"":""10806"",""image_height_max"":""2048"",""image_height_min"":""2048"",""image_width_max"":""2048"",""image_width_min"":""2048"",""images"":""3"",""materials"":""1"",""meshes"":""1"",""path"":""K/B0719WQ4GK.glb"",""textures"":""3"",""vertices"":""6065""}"
222,abo,/vol/bitbucket/ct1022/hy3dpaint_finetune/data/metadata/abo/3dmodels.csv.gz,B0719WQGYJ,,,,,,glb,,16464,10155,,1,3,,J/B0719WQGYJ.glb,5.5000,,,preferred_format:glb;textures:3;materials:1,"technical:preferred_format:glb,textures:3,materials:1","{""3dmodel_id"":""B0719WQGYJ"",""extent_x"":""1.041399955749512"",""extent_y"":""0.8635999156147991"",""extent_z"":""0.8889999834206039"",""faces"":""16464"",""image_height_max"":""4096"",""image_height_min"":""4096"",""image_width_max"":""4096"",""image_width_min"":""4096"",""images"":""3"",""materials"":""1"",""meshes"":""1"",""path"":""J/B0719WQGYJ.glb"",""textures"":""3"",""vertices"":""10155""}"
223,abo,/vol/bitbucket/ct1022/hy3dpaint_finetune/data/metadata/abo/3dmodels.csv.gz,B0719WQH8N,,,,,,glb,,28565,16353,,1,3,,N/B0719WQH8N.glb,5.5000,,,preferred_format:glb;textures:3;materials:1,"technical:preferred_format:glb,textures:3,materials:1","{""3dmodel_id"":""B0719WQH8N"",""extent_x"":""1.6510894298553467"",""extent_y"":""0.9248652458190918"",""extent_z"":""0.9521564543247223"",""faces"":""28565"",""image_height_max"":""2048"",""image_height_min"":""2048"",""image_width_max"":""2048"",""image_width_min"":""2048"",""images"":""3"",""materials"":""1"",""meshes"":""1"",""path"":""N/B0719WQH8N.glb"",""textures"":""3"",""vertices"":""16353""}"
224,abo,/vol/bitbucket/ct1022/hy3dpaint_finetune/data/metadata/abo/3dmodels.csv.gz,B0719WQH8S,,,,,,glb,,34363,19527,,1,3,,S/B0719WQH8S.glb,5.5000,,,preferred_format:glb;textures:3;materials:1,"technical:preferred_format:glb,textures:3,materials:1","{""3dmodel_id"":""B0719WQH8S"",""extent_x"":""0.8545464277267456"",""extent_y"":""0.921644926071167"",""extent_z"":""0.8198614120483398"",""faces"":""34363"",""image_height_max"":""2048"",""image_height_min"":""2048"",""image_width_max"":""2048"",""image_width_min"":""2048"",""images"":""3"",""materials"":""1"",""meshes"":""1"",""path"":""S/B0719WQH8S.glb"",""textures"":""3"",""vertices"":""19527""}"
225,abo,/vol/bitbucket/ct1022/hy3dpaint_finetune/data/metadata/abo/3dmodels.csv.gz,B0719WQHLX,,,,,,glb,,5616,3185,,1,3,,X/B0719WQHLX.glb,5.5000,,,preferred_format:glb;textures:3;materials:1,"technical:preferred_format:glb,textures:3,materials:1","{""3dmodel_id"":""B0719WQHLX"",""extent_x"":""0.6554636359214783"",""extent_y"":""0.39856189489364624"",""extent_z"":""0.6481668949127197"",""faces"":""5616"",""image_height_max"":""4096"",""image_height_min"":""4096"",""image_width_max"":""4096"",""image_width_min"":""4096"",""images"":""3"",""materials"":""1"",""meshes"":""1"",""path"":""X/B0719WQHLX.glb"",""textures"":""3"",""vertices"":""3185""}"
226,abo,/vol/bitbucket/ct1022/hy3dpaint_finetune/data/metadata/abo/3dmodels.csv.gz,B071DQRXDR,,,,,,glb,,3964,4522,,1,3,,R/B071DQRXDR.glb,5.5000,,,preferred_format:glb;textures:3;materials:1,"technical:preferred_format:glb,textures:3,materials:1","{""3dmodel_id"":""B071DQRXDR"",""extent_x"":""0.710019052028656"",""extent_y"":""0.7100189328193665"",""extent_z"":""0.09428378194570541"",""faces"":""3964"",""image_height_max"":""4096"",""image_height_min"":""4096"",""image_width_max"":""4096"",""image_width_min"":""4096"",""images"":""3"",""materials"":""1"",""meshes"":""1"",""path"":""R/B071DQRXDR.glb"",""textures"":""3"",""vertices"":""4522""}"
227,abo,/vol/bitbucket/ct1022/hy3dpaint_finetune/data/metadata/abo/3dmodels.csv.gz,B071DZHLXH,,,,,,glb,,38770,29201,,1,3,,H/B071DZHLXH.glb,5.5000,,,preferred_format:glb;textures:3;materials:1,"technical:preferred_format:glb,textures:3,materials:1","{""3dmodel_id"":""B071DZHLXH"",""extent_x"":""0.7619999258757274"",""extent_y"":""1.644650382441213"",""extent_z"":""0.3556000111554524"",""faces"":""38770"",""image_height_max"":""4096"",""image_height_min"":""4096"",""image_width_max"":""4096"",""image_width_min"":""4096"",""images"":""3"",""materials"":""1"",""meshes"":""1"",""path"":""H/B071DZHLXH.glb"",""textures"":""3"",""vertices"":""29201""}"
228,abo,/vol/bitbucket/ct1022/hy3dpaint_finetune/data/metadata/abo/3dmodels.csv.gz,B071F6VV2T,,,,,,glb,,30474,17605,,1,4,,T/B071F6VV2T.glb,5.5000,,,preferred_format:glb;textures:4;materials:1,"technical:preferred_format:glb,textures:4,materials:1","{""3dmodel_id"":""B071F6VV2T"",""extent_x"":""0.5687276721000671"",""extent_y"":""1.445870041847229"",""extent_z"":""0.5684716701507568"",""faces"":""30474"",""image_height_max"":""2048"",""image_height_min"":""2048"",""image_width_max"":""2048"",""image_width_min"":""2048"",""images"":""4"",""materials"":""1"",""meshes"":""1"",""path"":""T/B071F6VV2T.glb"",""textures"":""4"",""vertices"":""17605""}"
229,abo,/vol/bitbucket/ct1022/hy3dpaint_finetune/data/metadata/abo/3dmodels.csv.gz,B071F6W28T,,,,,,glb,,122304,63466,,1,3,,T/B071F6W28T.glb,5.5000,,,preferred_format:glb;textures:3;materials:1,"technical:preferred_format:glb,textures:3,materials:1","{""3dmodel_id"":""B071F6W28T"",""extent_x"":""0.15122070163488388"",""extent_y"":""0.8509067207896797"",""extent_z"":""0.16455228626728058"",""faces"":""122304"",""image_height_max"":""4096"",""image_height_min"":""4096"",""image_width_max"":""4096"",""image_width_min"":""4096"",""images"":""3"",""materials"":""1"",""meshes"":""1"",""path"":""T/B071F6W28T.glb"",""textures"":""3"",""vertices"":""63466""}"
230,abo,/vol/bitbucket/ct1022/hy3dpaint_finetune/data/metadata/abo/3dmodels.csv.gz,B071F6WJ9V,,,,,,glb,,26202,20961,,1,4,,V/B071F6WJ9V.glb,5.5000,,,preferred_format:glb;textures:4;materials:1,"technical:preferred_format:glb,textures:4,materials:1","{""3dmodel_id"":""B071F6WJ9V"",""extent_x"":""0.6841945648193359"",""extent_y"":""0.5581518305838111"",""extent_z"":""0.5090702176094055"",""faces"":""26202"",""image_height_max"":""4096"",""image_height_min"":""4096"",""image_width_max"":""4096"",""image_width_min"":""4096"",""images"":""4"",""materials"":""1"",""meshes"":""1"",""path"":""V/B071F6WJ9V.glb"",""textures"":""4"",""vertices"":""20961""}"
231,abo,/vol/bitbucket/ct1022/hy3dpaint_finetune/data/metadata/abo/3dmodels.csv.gz,B071F6WK9K,,,,,,glb,,16246,9184,,1,4,,K/B071F6WK9K.glb,5.5000,,,preferred_format:glb;textures:4;materials:1,"technical:preferred_format:glb,textures:4,materials:1","{""3dmodel_id"":""B071F6WK9K"",""extent_x"":""0.2650872766971588"",""extent_y"":""1.0549583435058594"",""extent_z"":""0.26508721709251404"",""faces"":""16246"",""image_height_max"":""4096"",""image_height_min"":""4096"",""image_width_max"":""4096"",""image_width_min"":""4096"",""images"":""4"",""materials"":""1"",""meshes"":""1"",""path"":""K/B071F6WK9K.glb"",""textures"":""4"",""vertices"":""9184""}"
232,abo,/vol/bitbucket/ct1022/hy3dpaint_finetune/data/metadata/abo/3dmodels.csv.gz,B071F6WMP6,,,,,,glb,,17284,12837,,1,4,,6/B071F6WMP6.glb,5.5000,,,preferred_format:glb;textures:4;materials:1,"technical:preferred_format:glb,textures:4,materials:1","{""3dmodel_id"":""B071F6WMP6"",""extent_x"":""0.8523274064064026"",""extent_y"":""0.7849881101399658"",""extent_z"":""0.1312093660235405"",""faces"":""17284"",""image_height_max"":""4096"",""image_height_min"":""4096"",""image_width_max"":""4096"",""image_width_min"":""4096"",""images"":""4"",""materials"":""1"",""meshes"":""1"",""path"":""6/B071F6WMP6.glb"",""textures"":""4"",""vertices"":""12837""}"
233,abo,/vol/bitbucket/ct1022/hy3dpaint_finetune/data/metadata/abo/3dmodels.csv.gz,B071F73XDB,,,,,,glb,,48000,25515,,1,3,,B/B071F73XDB.glb,5.5000,,,preferred_format:glb;textures:3;materials:1,"technical:preferred_format:glb,textures:3,materials:1","{""3dmodel_id"":""B071F73XDB"",""extent_x"":""0.3357386589050293"",""extent_y"":""1.5384719610228785"",""extent_z"":""0.33573882281780243"",""faces"":""48000"",""image_height_max"":""4096"",""image_height_min"":""4096"",""image_width_max"":""4096"",""image_width_min"":""4096"",""images"":""3"",""materials"":""1"",""meshes"":""1"",""path"":""B/B071F73XDB.glb"",""textures"":""3"",""vertices"":""25515""}"
234,abo,/vol/bitbucket/ct1022/hy3dpaint_finetune/data/metadata/abo/3dmodels.csv.gz,B071FJR3S6,,,,,,glb,,7620,5606,,1,3,,6/B071FJR3S6.glb,5.5000,,,preferred_format:glb;textures:3;materials:1,"technical:preferred_format:glb,textures:3,materials:1","{""3dmodel_id"":""B071FJR3S6"",""extent_x"":""1.6463958024978638"",""extent_y"":""1.0611696243286133"",""extent_z"":""0.6225526034832001"",""faces"":""7620"",""image_height_max"":""2048"",""image_height_min"":""2048"",""image_width_max"":""2048"",""image_width_min"":""2048"",""images"":""3"",""materials"":""1"",""meshes"":""1"",""path"":""6/B071FJR3S6.glb"",""textures"":""3"",""vertices"":""5606""}"
235,abo,/vol/bitbucket/ct1022/hy3dpaint_finetune/data/metadata/abo/3dmodels.csv.gz,B071FJR3SR,,,,,,glb,,10612,9318,,1,3,,R/B071FJR3SR.glb,5.5000,,,preferred_format:glb;textures:3;materials:1,"technical:preferred_format:glb,textures:3,materials:1","{""3dmodel_id"":""B071FJR3SR"",""extent_x"":""0.9651713371276855"",""extent_y"":""1.321471095085144"",""extent_z"":""0.5083403289318085"",""faces"":""10612"",""image_height_max"":""2048"",""image_height_min"":""2048"",""image_width_max"":""2048"",""image_width_min"":""2048"",""images"":""3"",""materials"":""1"",""meshes"":""1"",""path"":""R/B071FJR3SR.glb"",""textures"":""3"",""vertices"":""9318""}"
236,abo,/vol/bitbucket/ct1022/hy3dpaint_finetune/data/metadata/abo/3dmodels.csv.gz,B071FJR3T4,,,,,,glb,,24262,18958,,1,3,,4/B071FJR3T4.glb,5.5000,,,preferred_format:glb;textures:3;materials:1,"technical:preferred_format:glb,textures:3,materials:1","{""3dmodel_id"":""B071FJR3T4"",""extent_x"":""1.9355977773666382"",""extent_y"":""1.6856708526611328"",""extent_z"":""2.20064115524292"",""faces"":""24262"",""image_height_max"":""2048"",""image_height_min"":""2048"",""image_width_max"":""2048"",""image_width_min"":""2048"",""images"":""3"",""materials"":""1"",""meshes"":""1"",""path"":""4/B071FJR3T4.glb"",""textures"":""3"",""vertices"":""18958""}"
237,abo,/vol/bitbucket/ct1022/hy3dpaint_finetune/data/metadata/abo/3dmodels.csv.gz,B071FJR46L,,,,,,glb,,6045,5847,,1,3,,L/B071FJR46L.glb,5.5000,,,preferred_format:glb;textures:3;materials:1,"technical:preferred_format:glb,textures:3,materials:1","{""3dmodel_id"":""B071FJR46L"",""extent_x"":""0.7668302655220032"",""extent_y"":""0.7459591031074524"",""extent_z"":""0.5422257483005524"",""faces"":""6045"",""image_height_max"":""2048"",""image_height_min"":""2048"",""image_width_max"":""2048"",""image_width_min"":""2048"",""images"":""3"",""materials"":""1"",""meshes"":""1"",""path"":""L/B071FJR46L.glb"",""textures"":""3"",""vertices"":""5847""}"
238,abo,/vol/bitbucket/ct1022/hy3dpaint_finetune/data/metadata/abo/3dmodels.csv.gz,B071FJR479,,,,,,glb,,5920,4794,,1,3,,9/B071FJR479.glb,5.5000,,,preferred_format:glb;textures:3;materials:1,"technical:preferred_format:glb,textures:3,materials:1","{""3dmodel_id"":""B071FJR479"",""extent_x"":""1.5233575105667114"",""extent_y"":""0.8887202739715576"",""extent_z"":""0.5123657584190369"",""faces"":""5920"",""image_height_max"":""2048"",""image_height_min"":""2048"",""image_width_max"":""2048"",""image_width_min"":""2048"",""images"":""3"",""materials"":""1"",""meshes"":""1"",""path"":""9/B071FJR479.glb"",""textures"":""3"",""vertices"":""4794""}"
239,abo,/vol/bitbucket/ct1022/hy3dpaint_finetune/data/metadata/abo/3dmodels.csv.gz,B071FJR4FW,,,,,,glb,,16228,11027,,1,3,,W/B071FJR4FW.glb,5.5000,,,preferred_format:glb;textures:3;materials:1,"technical:preferred_format:glb,textures:3,materials:1","{""3dmodel_id"":""B071FJR4FW"",""extent_x"":""1.6284138560295105"",""extent_y"":""1.422996997833252"",""extent_z"":""2.1099135875701904"",""faces"":""16228"",""image_height_max"":""4096"",""image_height_min"":""4096"",""image_width_max"":""4096"",""image_width_min"":""4096"",""images"":""3"",""materials"":""1"",""meshes"":""1"",""path"":""W/B071FJR4FW.glb"",""textures"":""3"",""vertices"":""11027""}"
240,abo,/vol/bitbucket/ct1022/hy3dpaint_finetune/data/metadata/abo/3dmodels.csv.gz,B071FJZVPH,,,,,,glb,,2800,5547,,1,3,,H/B071FJZVPH.glb,5.5000,,,preferred_format:glb;textures:3;materials:1,"technical:preferred_format:glb,textures:3,materials:1","{""3dmodel_id"":""B071FJZVPH"",""extent_x"":""2.5839619636535645"",""extent_y"":""0.010511925444006922"",""extent_z"":""2.0727174282073975"",""faces"":""2800"",""image_height_max"":""4096"",""image_height_min"":""4096"",""image_width_max"":""4096"",""image_width_min"":""4096"",""images"":""3"",""materials"":""1"",""meshes"":""1"",""path"":""H/B071FJZVPH.glb"",""textures"":""3"",""vertices"":""5547""}"
241,abo,/vol/bitbucket/ct1022/hy3dpaint_finetune/data/metadata/abo/3dmodels.csv.gz,B071FMSMD4,,,,,,glb,,120692,67357,,1,3,,4/B071FMSMD4.glb,5.5000,,,preferred_format:glb;textures:3;materials:1,"technical:preferred_format:glb,textures:3,materials:1","{""3dmodel_id"":""B071FMSMD4"",""extent_x"":""2.4871883392333984"",""extent_y"":""1.0537188053131104"",""extent_z"":""2.5685882568359375"",""faces"":""120692"",""image_height_max"":""2048"",""image_height_min"":""2048"",""image_width_max"":""2048"",""image_width_min"":""2048"",""images"":""3"",""materials"":""1"",""meshes"":""1"",""path"":""4/B071FMSMD4.glb"",""textures"":""3"",""vertices"":""67357""}"
242,abo,/vol/bitbucket/ct1022/hy3dpaint_finetune/data/metadata/abo/3dmodels.csv.gz,B071FMSMH4,,,,,,glb,,20048,12448,,1,3,,4/B071FMSMH4.glb,5.5000,,,preferred_format:glb;textures:3;materials:1,"technical:preferred_format:glb,textures:3,materials:1","{""3dmodel_id"":""B071FMSMH4"",""extent_x"":""1.2704299688339233"",""extent_y"":""0.9742860794067383"",""extent_z"":""1.0425616204738617"",""faces"":""20048"",""image_height_max"":""2048"",""image_height_min"":""2048"",""image_width_max"":""2048"",""image_width_min"":""2048"",""images"":""3"",""materials"":""1"",""meshes"":""1"",""path"":""4/B071FMSMH4.glb"",""textures"":""3"",""vertices"":""12448""}"
243,abo,/vol/bitbucket/ct1022/hy3dpaint_finetune/data/metadata/abo/3dmodels.csv.gz,B071FMSSWB,,,,,,glb,,37504,20411,,1,3,,B/B071FMSSWB.glb,5.5000,,,preferred_format:glb;textures:3;materials:1,"technical:preferred_format:glb,textures:3,materials:1","{""3dmodel_id"":""B071FMSSWB"",""extent_x"":""1.7542448043823242"",""extent_y"":""0.8746494054794312"",""extent_z"":""1.0906356573104858"",""faces"":""37504"",""image_height_max"":""2048"",""image_height_min"":""2048"",""image_width_max"":""2048"",""image_width_min"":""2048"",""images"":""3"",""materials"":""1"",""meshes"":""1"",""path"":""B/B071FMSSWB.glb"",""textures"":""3"",""vertices"":""20411""}"
244,abo,/vol/bitbucket/ct1022/hy3dpaint_finetune/data/metadata/abo/3dmodels.csv.gz,B071FMSY5M,,,,,,glb,,7024,5281,,1,3,,M/B071FMSY5M.glb,5.5000,,,preferred_format:glb;textures:3;materials:1,"technical:preferred_format:glb,textures:3,materials:1","{""3dmodel_id"":""B071FMSY5M"",""extent_x"":""1.7512261867523193"",""extent_y"":""0.9199025630950928"",""extent_z"":""0.968887448310852"",""faces"":""7024"",""image_height_max"":""2048"",""image_height_min"":""2048"",""image_width_max"":""2048"",""image_width_min"":""2048"",""images"":""3"",""materials"":""1"",""meshes"":""1"",""path"":""M/B071FMSY5M.glb"",""textures"":""3"",""vertices"":""5281""}"
245,abo,/vol/bitbucket/ct1022/hy3dpaint_finetune/data/metadata/abo/3dmodels.csv.gz,B071FMSY5S,,,,,,glb,,22524,12393,,1,3,,S/B071FMSY5S.glb,5.5000,,,preferred_format:glb;textures:3;materials:1,"technical:preferred_format:glb,textures:3,materials:1","{""3dmodel_id"":""B071FMSY5S"",""extent_x"":""1.517953634262085"",""extent_y"":""0.9295791983604431"",""extent_z"":""0.999102771282196"",""faces"":""22524"",""image_height_max"":""2048"",""image_height_min"":""2048"",""image_width_max"":""2048"",""image_width_min"":""2048"",""images"":""3"",""materials"":""1"",""meshes"":""1"",""path"":""S/B071FMSY5S.glb"",""textures"":""3"",""vertices"":""12393""}"
246,abo,/vol/bitbucket/ct1022/hy3dpaint_finetune/data/metadata/abo/3dmodels.csv.gz,B071FMSY6Q,,,,,,glb,,10242,6332,,1,3,,Q/B071FMSY6Q.glb,5.5000,,,preferred_format:glb;textures:3;materials:1,"technical:preferred_format:glb,textures:3,materials:1","{""3dmodel_id"":""B071FMSY6Q"",""extent_x"":""0.45433372259140015"",""extent_y"":""0.4871153235435486"",""extent_z"":""0.4363299012184143"",""faces"":""10242"",""image_height_max"":""2048"",""image_height_min"":""2048"",""image_width_max"":""2048"",""image_width_min"":""2048"",""images"":""3"",""materials"":""1"",""meshes"":""1"",""path"":""Q/B071FMSY6Q.glb"",""textures"":""3"",""vertices"":""6332""}"
247,abo,/vol/bitbucket/ct1022/hy3dpaint_finetune/data/metadata/abo/3dmodels.csv.gz,B071FMSYCH,,,,,,glb,,29184,17552,,1,3,,H/B071FMSYCH.glb,5.5000,,,preferred_format:glb;textures:3;materials:1,"technical:preferred_format:glb,textures:3,materials:1","{""3dmodel_id"":""B071FMSYCH"",""extent_x"":""0.8585964638735398"",""extent_y"":""0.8552764744690371"",""extent_z"":""1.0081525102401665"",""faces"":""29184"",""image_height_max"":""4096"",""image_height_min"":""4096"",""image_width_max"":""4096"",""image_width_min"":""4096"",""images"":""3"",""materials"":""1"",""meshes"":""1"",""path"":""H/B071FMSYCH.glb"",""textures"":""3"",""vertices"":""17552""}"
248,abo,/vol/bitbucket/ct1022/hy3dpaint_finetune/data/metadata/abo/3dmodels.csv.gz,B071FMSYNH,,,,,,glb,,85632,46820,,1,3,,H/B071FMSYNH.glb,5.5000,,,preferred_format:glb;textures:3;materials:1,"technical:preferred_format:glb,textures:3,materials:1","{""3dmodel_id"":""B071FMSYNH"",""extent_x"":""3.0656731128692627"",""extent_y"":""0.91845703125"",""extent_z"":""3.2062487602233887"",""faces"":""85632"",""image_height_max"":""4096"",""image_height_min"":""4096"",""image_width_max"":""4096"",""image_width_min"":""4096"",""images"":""3"",""materials"":""1"",""meshes"":""1"",""path"":""H/B071FMSYNH.glb"",""textures"":""3"",""vertices"":""46820""}"
249,abo,/vol/bitbucket/ct1022/hy3dpaint_finetune/data/metadata/abo/3dmodels.csv.gz,B071FMSYZV,,,,,,glb,,13904,10328,,1,3,,V/B071FMSYZV.glb,5.5000,,,preferred_format:glb;textures:3;materials:1,"technical:preferred_format:glb,textures:3,materials:1","{""3dmodel_id"":""B071FMSYZV"",""extent_x"":""1.2495357990264893"",""extent_y"":""0.434084951877594"",""extent_z"":""0.817464143037796"",""faces"":""13904"",""image_height_max"":""2048"",""image_height_min"":""2048"",""image_width_max"":""2048"",""image_width_min"":""2048"",""images"":""3"",""materials"":""1"",""meshes"":""1"",""path"":""V/B071FMSYZV.glb"",""textures"":""3"",""vertices"":""10328""}"
250,abo,/vol/bitbucket/ct1022/hy3dpaint_finetune/data/metadata/abo/3dmodels.csv.gz,B071FMT3R7,,,,,,glb,,529334,271952,,1,3,,7/B071FMT3R7.glb,5.5000,,,preferred_format:glb;textures:3;materials:1,"technical:preferred_format:glb,textures:3,materials:1","{""3dmodel_id"":""B071FMT3R7"",""extent_x"":""1.5318005084991455"",""extent_y"":""0.8958361000404693"",""extent_z"":""1.0198737978935242"",""faces"":""529334"",""image_height_max"":""2048"",""image_height_min"":""2048"",""image_width_max"":""2048"",""image_width_min"":""2048"",""images"":""3"",""materials"":""1"",""meshes"":""1"",""path"":""7/B071FMT3R7.glb"",""textures"":""3"",""vertices"":""271952""}"
251,abo,/vol/bitbucket/ct1022/hy3dpaint_finetune/data/metadata/abo/3dmodels.csv.gz,B071H75K71,,,,,,glb,,15016,10128,,1,3,,1/B071H75K71.glb,5.5000,,,preferred_format:glb;textures:3;materials:1,"technical:preferred_format:glb,textures:3,materials:1","{""3dmodel_id"":""B071H75K71"",""extent_x"":""0.9980985522270203"",""extent_y"":""0.8047987818717957"",""extent_z"":""1.9628774523735046"",""faces"":""15016"",""image_height_max"":""2048"",""image_height_min"":""2048"",""image_width_max"":""2048"",""image_width_min"":""2048"",""images"":""3"",""materials"":""1"",""meshes"":""1"",""path"":""1/B071H75K71.glb"",""textures"":""3"",""vertices"":""10128""}"
252,abo,/vol/bitbucket/ct1022/hy3dpaint_finetune/data/metadata/abo/3dmodels.csv.gz,B071HBBDZ1,,,,,,glb,,8532,4518,,1,3,,1/B071HBBDZ1.glb,5.5000,,,preferred_format:glb;textures:3;materials:1,"technical:preferred_format:glb,textures:3,materials:1","{""3dmodel_id"":""B071HBBDZ1"",""extent_x"":""0.3817388415336609"",""extent_y"":""0.38050705194473267"",""extent_z"":""0.02001291885972023"",""faces"":""8532"",""image_height_max"":""2048"",""image_height_min"":""2048"",""image_width_max"":""2048"",""image_width_min"":""2048"",""images"":""3"",""materials"":""1"",""meshes"":""1"",""path"":""1/B071HBBDZ1.glb"",""textures"":""3"",""vertices"":""4518""}"
253,abo,/vol/bitbucket/ct1022/hy3dpaint_finetune/data/metadata/abo/3dmodels.csv.gz,B071HBC338,,,,,,glb,,6400,4162,,1,3,,8/B071HBC338.glb,5.5000,,,preferred_format:glb;textures:3;materials:1,"technical:preferred_format:glb,textures:3,materials:1","{""3dmodel_id"":""B071HBC338"",""extent_x"":""1.0769249200820923"",""extent_y"":""1.0769251585006714"",""extent_z"":""0.03632903963327405"",""faces"":""6400"",""image_height_max"":""2048"",""image_height_min"":""2048"",""image_width_max"":""2048"",""image_width_min"":""2048"",""images"":""3"",""materials"":""1"",""meshes"":""1"",""path"":""8/B071HBC338.glb"",""textures"":""3"",""vertices"":""4162""}"
254,abo,/vol/bitbucket/ct1022/hy3dpaint_finetune/data/metadata/abo/3dmodels.csv.gz,B071HSMDRP,,,,,,glb,,10540,8877,,1,4,,P/B071HSMDRP.glb,5.5000,,,preferred_format:glb;textures:4;materials:1,"technical:preferred_format:glb,textures:4,materials:1","{""3dmodel_id"":""B071HSMDRP"",""extent_x"":""0.4409294128417969"",""extent_y"":""0.19131888449192047"",""extent_z"":""0.44092971086502075"",""faces"":""10540"",""image_height_max"":""4096"",""image_height_min"":""4096"",""image_width_max"":""4096"",""image_width_min"":""4096"",""images"":""4"",""materials"":""1"",""meshes"":""1"",""path"":""P/B071HSMDRP.glb"",""textures"":""4"",""vertices"":""8877""}"
255,abo,/vol/bitbucket/ct1022/hy3dpaint_finetune/data/metadata/abo/3dmodels.csv.gz,B071HSMPHL,,,,,,glb,,119936,63117,,1,3,,L/B071HSMPHL.glb,5.5000,,,preferred_format:glb;textures:3;materials:1,"technical:preferred_format:glb,textures:3,materials:1","{""3dmodel_id"":""B071HSMPHL"",""extent_x"":""0.6229352653026581"",""extent_y"":""1.4082964658737183"",""extent_z"":""0.18838705122470856"",""faces"":""119936"",""image_height_max"":""4096"",""image_height_min"":""4096"",""image_width_max"":""4096"",""image_width_min"":""4096"",""images"":""3"",""materials"":""1"",""meshes"":""1"",""path"":""L/B071HSMPHL.glb"",""textures"":""3"",""vertices"":""63117""}"
256,abo,/vol/bitbucket/ct1022/hy3dpaint_finetune/data/metadata/abo/3dmodels.csv.gz,B071HSMS5T,,,,,,glb,,27794,17393,,1,3,,T/B071HSMS5T.glb,5.5000,,,preferred_format:glb;textures:3;materials:1,"technical:preferred_format:glb,textures:3,materials:1","{""3dmodel_id"":""B071HSMS5T"",""extent_x"":""0.495899498462677"",""extent_y"":""1.5109726190567017"",""extent_z"":""0.5000645518302917"",""faces"":""27794"",""image_height_max"":""4096"",""image_height_min"":""4096"",""image_width_max"":""4096"",""image_width_min"":""4096"",""images"":""3"",""materials"":""1"",""meshes"":""1"",""path"":""T/B071HSMS5T.glb"",""textures"":""3"",""vertices"":""17393""}"
257,abo,/vol/bitbucket/ct1022/hy3dpaint_finetune/data/metadata/abo/3dmodels.csv.gz,B071HSMWGB,,,,,,glb,,148224,75572,,1,3,,B/B071HSMWGB.glb,5.5000,,,preferred_format:glb;textures:3;materials:1,"technical:preferred_format:glb,textures:3,materials:1","{""3dmodel_id"":""B071HSMWGB"",""extent_x"":""0.29928407073020935"",""extent_y"":""0.9351117610931396"",""extent_z"":""0.2992841601371765"",""faces"":""148224"",""image_height_max"":""4096"",""image_height_min"":""4096"",""image_width_max"":""4096"",""image_width_min"":""4096"",""images"":""3"",""materials"":""1"",""meshes"":""1"",""path"":""B/B071HSMWGB.glb"",""textures"":""3"",""vertices"":""75572""}"
258,abo,/vol/bitbucket/ct1022/hy3dpaint_finetune/data/metadata/abo/3dmodels.csv.gz,B071HSMXBT,,,,,,glb,,16474,12130,,1,4,,T/B071HSMXBT.glb,5.5000,,,preferred_format:glb;textures:4;materials:1,"technical:preferred_format:glb,textures:4,materials:1","{""3dmodel_id"":""B071HSMXBT"",""extent_x"":""0.21688174456357956"",""extent_y"":""1.3674324750900269"",""extent_z"":""0.21119873970746994"",""faces"":""16474"",""image_height_max"":""2048"",""image_height_min"":""2048"",""image_width_max"":""2048"",""image_width_min"":""2048"",""images"":""4"",""materials"":""1"",""meshes"":""1"",""path"":""T/B071HSMXBT.glb"",""textures"":""4"",""vertices"":""12130""}"
259,abo,/vol/bitbucket/ct1022/hy3dpaint_finetune/data/metadata/abo/3dmodels.csv.gz,B071HSN4ZJ,,,,,,glb,,34896,20137,,1,4,,J/B071HSN4ZJ.glb,5.5000,,,preferred_format:glb;textures:4;materials:1,"technical:preferred_format:glb,textures:4,materials:1","{""3dmodel_id"":""B071HSN4ZJ"",""extent_x"":""0.500935971736908"",""extent_y"":""1.1703624725341797"",""extent_z"":""0.5009360313415527"",""faces"":""34896"",""image_height_max"":""4096"",""image_height_min"":""4096"",""image_width_max"":""4096"",""image_width_min"":""4096"",""images"":""4"",""materials"":""1"",""meshes"":""1"",""path"":""J/B071HSN4ZJ.glb"",""textures"":""4"",""vertices"":""20137""}"
260,abo,/vol/bitbucket/ct1022/hy3dpaint_finetune/data/metadata/abo/3dmodels.csv.gz,B071HSYZ2P,,,,,,glb,,22602,13778,,1,3,,P/B071HSYZ2P.glb,5.5000,,,preferred_format:glb;textures:3;materials:1,"technical:preferred_format:glb,textures:3,materials:1","{""3dmodel_id"":""B071HSYZ2P"",""extent_x"":""0.09804929792881012"",""extent_y"":""0.31388792395591736"",""extent_z"":""0.08445211499929428"",""faces"":""22602"",""image_height_max"":""4096"",""image_height_min"":""4096"",""image_width_max"":""4096"",""image_width_min"":""4096"",""images"":""3"",""materials"":""1"",""meshes"":""1"",""path"":""P/B071HSYZ2P.glb"",""textures"":""3"",""vertices"":""13778""}"
261,abo,/vol/bitbucket/ct1022/hy3dpaint_finetune/data/metadata/abo/3dmodels.csv.gz,B071J4SDZZ,,,,,,glb,,1616,950,,1,3,,Z/B071J4SDZZ.glb,5.5000,,,preferred_format:glb;textures:3;materials:1,"technical:preferred_format:glb,textures:3,materials:1","{""3dmodel_id"":""B071J4SDZZ"",""extent_x"":""2.9210000038146973"",""extent_y"":""0.03183862939476967"",""extent_z"":""2.311400055885315"",""faces"":""1616"",""image_height_max"":""2048"",""image_height_min"":""2048"",""image_width_max"":""2048"",""image_width_min"":""2048"",""images"":""3"",""materials"":""1"",""meshes"":""1"",""path"":""Z/B071J4SDZZ.glb"",""textures"":""3"",""vertices"":""950""}"
262,abo,/vol/bitbucket/ct1022/hy3dpaint_finetune/data/metadata/abo/3dmodels.csv.gz,B071J4VX5C,,,,,,glb,,3280,1764,,1,3,,C/B071J4VX5C.glb,5.5000,,,preferred_format:glb;textures:3;materials:1,"technical:preferred_format:glb,textures:3,materials:1","{""3dmodel_id"":""B071J4VX5C"",""extent_x"":""3.198915958404541"",""extent_y"":""0.036041103303432465"",""extent_z"":""2.4143062829971313"",""faces"":""3280"",""image_height_max"":""4096"",""image_height_min"":""4096"",""image_width_max"":""4096"",""image_width_min"":""4096"",""images"":""3"",""materials"":""1"",""meshes"":""1"",""path"":""C/B071J4VX5C.glb"",""textures"":""3"",""vertices"":""1764""}"
263,abo,/vol/bitbucket/ct1022/hy3dpaint_finetune/data/metadata/abo/3dmodels.csv.gz,B071J4VX6D,,,,,,glb,,2628,1460,,1,3,,D/B071J4VX6D.glb,5.5000,,,preferred_format:glb;textures:3;materials:1,"technical:preferred_format:glb,textures:3,materials:1","{""3dmodel_id"":""B071J4VX6D"",""extent_x"":""2.8672667741775513"",""extent_y"":""0.019995979964733124"",""extent_z"":""2.277445077896118"",""faces"":""2628"",""image_height_max"":""4096"",""image_height_min"":""4096"",""image_width_max"":""4096"",""image_width_min"":""4096"",""images"":""3"",""materials"":""1"",""meshes"":""1"",""path"":""D/B071J4VX6D.glb"",""textures"":""3"",""vertices"":""1460""}"
264,abo,/vol/bitbucket/ct1022/hy3dpaint_finetune/data/metadata/abo/3dmodels.csv.gz,B071J4VX71,,,,,,glb,,380,216,,1,3,,1/B071J4VX71.glb,5.5000,,,preferred_format:glb;textures:3;materials:1,"technical:preferred_format:glb,textures:3,materials:1","{""3dmodel_id"":""B071J4VX71"",""extent_x"":""2.8939592838287354"",""extent_y"":""0.012749999761581423"",""extent_z"":""2.2859628200531006"",""faces"":""380"",""image_height_max"":""2048"",""image_height_min"":""2048"",""image_width_max"":""2048"",""image_width_min"":""2048"",""images"":""3"",""materials"":""1"",""meshes"":""1"",""path"":""1/B071J4VX71.glb"",""textures"":""3"",""vertices"":""216""}"
265,abo,/vol/bitbucket/ct1022/hy3dpaint_finetune/data/metadata/abo/3dmodels.csv.gz,B071J4VX7B,,,,,,glb,,1248,769,,1,3,,B/B071J4VX7B.glb,5.5000,,,preferred_format:glb;textures:3;materials:1,"technical:preferred_format:glb,textures:3,materials:1","{""3dmodel_id"":""B071J4VX7B"",""extent_x"":""2.274892807006836"",""extent_y"":""0.009246832691133024"",""extent_z"":""0.6839339733123779"",""faces"":""1248"",""image_height_max"":""2048"",""image_height_min"":""2048"",""image_width_max"":""2048"",""image_width_min"":""2048"",""images"":""3"",""materials"":""1"",""meshes"":""1"",""path"":""B/B071J4VX7B.glb"",""textures"":""3"",""vertices"":""769""}"
266,abo,/vol/bitbucket/ct1022/hy3dpaint_finetune/data/metadata/abo/3dmodels.csv.gz,B071J4VX9C,,,,,,glb,,5000,2778,,1,3,,C/B071J4VX9C.glb,5.5000,,,preferred_format:glb;textures:3;materials:1,"technical:preferred_format:glb,textures:3,materials:1","{""3dmodel_id"":""B071J4VX9C"",""extent_x"":""2.896968722343445"",""extent_y"":""0.034933727234601974"",""extent_z"":""2.277249574661255"",""faces"":""5000"",""image_height_max"":""2048"",""image_height_min"":""2048"",""image_width_max"":""2048"",""image_width_min"":""2048"",""images"":""3"",""materials"":""1"",""meshes"":""1"",""path"":""C/B071J4VX9C.glb"",""textures"":""3"",""vertices"":""2778""}"
267,abo,/vol/bitbucket/ct1022/hy3dpaint_finetune/data/metadata/abo/3dmodels.csv.gz,B071J4VX9H,,,,,,glb,,7376,3982,,1,3,,H/B071J4VX9H.glb,5.5000,,,preferred_format:glb;textures:3;materials:1,"technical:preferred_format:glb,textures:3,materials:1","{""3dmodel_id"":""B071J4VX9H"",""extent_x"":""1.6759998798370361"",""extent_y"":""0.012999999336898327"",""extent_z"":""1.0669999718666077"",""faces"":""7376"",""image_height_max"":""4096"",""image_height_min"":""4096"",""image_width_max"":""4096"",""image_width_min"":""4096"",""images"":""3"",""materials"":""1"",""meshes"":""1"",""path"":""H/B071J4VX9H.glb"",""textures"":""3"",""vertices"":""3982""}"
268,abo,/vol/bitbucket/ct1022/hy3dpaint_finetune/data/metadata/abo/3dmodels.csv.gz,B071J4VYGH,,,,,,glb,,1776,986,,1,3,,H/B071J4VYGH.glb,5.5000,,,preferred_format:glb;textures:3;materials:1,"technical:preferred_format:glb,textures:3,materials:1","{""3dmodel_id"":""B071J4VYGH"",""extent_x"":""3.042351007461548"",""extent_y"":""0.021164169535040855"",""extent_z"":""2.456391215324402"",""faces"":""1776"",""image_height_max"":""2048"",""image_height_min"":""2048"",""image_width_max"":""2048"",""image_width_min"":""2048"",""images"":""3"",""materials"":""1"",""meshes"":""1"",""path"":""H/B071J4VYGH.glb"",""textures"":""3"",""vertices"":""986""}"
269,abo,/vol/bitbucket/ct1022/hy3dpaint_finetune/data/metadata/abo/3dmodels.csv.gz,B071J4VYJL,,,,,,glb,,2672,1410,,1,3,,L/B071J4VYJL.glb,5.5000,,,preferred_format:glb;textures:3;materials:1,"technical:preferred_format:glb,textures:3,materials:1","{""3dmodel_id"":""B071J4VYJL"",""extent_x"":""3.038541078567505"",""extent_y"":""0.019415268674492836"",""extent_z"":""2.419792056083679"",""faces"":""2672"",""image_height_max"":""2048"",""image_height_min"":""2048"",""image_width_max"":""2048"",""image_width_min"":""2048"",""images"":""3"",""materials"":""1"",""meshes"":""1"",""path"":""L/B071J4VYJL.glb"",""textures"":""3"",""vertices"":""1410""}"
270,abo,/vol/bitbucket/ct1022/hy3dpaint_finetune/data/metadata/abo/3dmodels.csv.gz,B071J4VYK1,,,,,,glb,,42752,21666,,1,3,,1/B071J4VYK1.glb,5.5000,,,preferred_format:glb;textures:3;materials:1,"technical:preferred_format:glb,textures:3,materials:1","{""3dmodel_id"":""B071J4VYK1"",""extent_x"":""3.038346290588379"",""extent_y"":""0.019377083652216243"",""extent_z"":""2.4196369647979736"",""faces"":""42752"",""image_height_max"":""2048"",""image_height_min"":""2048"",""image_width_max"":""2048"",""image_width_min"":""2048"",""images"":""3"",""materials"":""1"",""meshes"":""1"",""path"":""1/B071J4VYK1.glb"",""textures"":""3"",""vertices"":""21666""}"
271,abo,/vol/bitbucket/ct1022/hy3dpaint_finetune/data/metadata/abo/3dmodels.csv.gz,B071J4VYKN,,,,,,glb,,440,310,,1,3,,N/B071J4VYKN.glb,5.5000,,,preferred_format:glb;textures:3;materials:1,"technical:preferred_format:glb,textures:3,materials:1","{""3dmodel_id"":""B071J4VYKN"",""extent_x"":""2.2896695137023926"",""extent_y"":""0.013942655175924303"",""extent_z"":""0.7002952396869659"",""faces"":""440"",""image_height_max"":""2048"",""image_height_min"":""2048"",""image_width_max"":""2048"",""image_width_min"":""2048"",""images"":""3"",""materials"":""1"",""meshes"":""1"",""path"":""N/B071J4VYKN.glb"",""textures"":""3"",""vertices"":""310""}"
272,abo,/vol/bitbucket/ct1022/hy3dpaint_finetune/data/metadata/abo/3dmodels.csv.gz,B071J4VYKT,,,,,,glb,,3204,1670,,1,3,,T/B071J4VYKT.glb,5.5000,,,preferred_format:glb;textures:3;materials:1,"technical:preferred_format:glb,textures:3,materials:1","{""3dmodel_id"":""B071J4VYKT"",""extent_x"":""3.200629234313965"",""extent_y"":""0.013610039837658407"",""extent_z"":""2.437237501144409"",""faces"":""3204"",""image_height_max"":""2048"",""image_height_min"":""2048"",""image_width_max"":""2048"",""image_width_min"":""2048"",""images"":""3"",""materials"":""1"",""meshes"":""1"",""path"":""T/B071J4VYKT.glb"",""textures"":""3"",""vertices"":""1670""}"
273,abo,/vol/bitbucket/ct1022/hy3dpaint_finetune/data/metadata/abo/3dmodels.csv.gz,B071J4VYN7,,,,,,glb,,448,350,,1,3,,7/B071J4VYN7.glb,5.5000,,,preferred_format:glb;textures:3;materials:1,"technical:preferred_format:glb,textures:3,materials:1","{""3dmodel_id"":""B071J4VYN7"",""extent_x"":""2.892068386077881"",""extent_y"":""0.006349999923259021"",""extent_z"":""2.2834465503692627"",""faces"":""448"",""image_height_max"":""4096"",""image_height_min"":""4096"",""image_width_max"":""4096"",""image_width_min"":""4096"",""images"":""3"",""materials"":""1"",""meshes"":""1"",""path"":""7/B071J4VYN7.glb"",""textures"":""3"",""vertices"":""350""}"
274,abo,/vol/bitbucket/ct1022/hy3dpaint_finetune/data/metadata/abo/3dmodels.csv.gz,B071J4VYTS,,,,,,glb,,448,367,,1,3,,S/B071J4VYTS.glb,5.5000,,,preferred_format:glb;textures:3;materials:1,"technical:preferred_format:glb,textures:3,materials:1","{""3dmodel_id"":""B071J4VYTS"",""extent_x"":""2.2825417518615723"",""extent_y"":""0.006349999923259021"",""extent_z"":""1.521168828010559"",""faces"":""448"",""image_height_max"":""2048"",""image_height_min"":""2048"",""image_width_max"":""2048"",""image_width_min"":""2048"",""images"":""3"",""materials"":""1"",""meshes"":""1"",""path"":""S/B071J4VYTS.glb"",""textures"":""3"",""vertices"":""367""}"
275,abo,/vol/bitbucket/ct1022/hy3dpaint_finetune/data/metadata/abo/3dmodels.csv.gz,B071J4VYW4,,,,,,glb,,3040,1698,,1,3,,4/B071J4VYW4.glb,5.5000,,,preferred_format:glb;textures:3;materials:1,"technical:preferred_format:glb,textures:3,materials:1","{""3dmodel_id"":""B071J4VYW4"",""extent_x"":""3.052694320678711"",""extent_y"":""0.012888888828456404"",""extent_z"":""2.3869200944900513"",""faces"":""3040"",""image_height_max"":""4096"",""image_height_min"":""4096"",""image_width_max"":""4096"",""image_width_min"":""4096"",""images"":""3"",""materials"":""1"",""meshes"":""1"",""path"":""4/B071J4VYW4.glb"",""textures"":""3"",""vertices"":""1698""}"
276,abo,/vol/bitbucket/ct1022/hy3dpaint_finetune/data/metadata/abo/3dmodels.csv.gz,B071J4VYXF,,,,,,glb,,11864,11245,,1,3,,F/B071J4VYXF.glb,5.5000,,,preferred_format:glb;textures:3;materials:1,"technical:preferred_format:glb,textures:3,materials:1","{""3dmodel_id"":""B071J4VYXF"",""extent_x"":""2.275643825531006"",""extent_y"":""0.014364262111485004"",""extent_z"":""0.6781831681728363"",""faces"":""11864"",""image_height_max"":""2048"",""image_height_min"":""2048"",""image_width_max"":""2048"",""image_width_min"":""2048"",""images"":""3"",""materials"":""1"",""meshes"":""1"",""path"":""F/B071J4VYXF.glb"",""textures"":""3"",""vertices"":""11245""}"
277,abo,/vol/bitbucket/ct1022/hy3dpaint_finetune/data/metadata/abo/3dmodels.csv.gz,B071J4VYXJ,,,,,,glb,,11864,11245,,1,3,,J/B071J4VYXJ.glb,5.5000,,,preferred_format:glb;textures:3;materials:1,"technical:preferred_format:glb,textures:3,materials:1","{""3dmodel_id"":""B071J4VYXJ"",""extent_x"":""2.275643467903137"",""extent_y"":""0.014364262111485004"",""extent_z"":""0.6781830191612244"",""faces"":""11864"",""image_height_max"":""2048"",""image_height_min"":""2048"",""image_width_max"":""2048"",""image_width_min"":""2048"",""images"":""3"",""materials"":""1"",""meshes"":""1"",""path"":""J/B071J4VYXJ.glb"",""textures"":""3"",""vertices"":""11245""}"
278,abo,/vol/bitbucket/ct1022/hy3dpaint_finetune/data/metadata/abo/3dmodels.csv.gz,B071J7Q32J,,,,,,glb,,39820,22079,,1,3,,J/B071J7Q32J.glb,5.5000,,,preferred_format:glb;textures:3;materials:1,"technical:preferred_format:glb,textures:3,materials:1","{""3dmodel_id"":""B071J7Q32J"",""extent_x"":""1.0397290587425232"",""extent_y"":""0.9550624489784241"",""extent_z"":""0.8627960085868835"",""faces"":""39820"",""image_height_max"":""2048"",""image_height_min"":""2048"",""image_width_max"":""2048"",""image_width_min"":""2048"",""images"":""3"",""materials"":""1"",""meshes"":""1"",""path"":""J/B071J7Q32J.glb"",""textures"":""3"",""vertices"":""22079""}"
279,abo,/vol/bitbucket/ct1022/hy3dpaint_finetune/data/metadata/abo/3dmodels.csv.gz,B071J7Q32K,,,,,,glb,,39668,22249,,1,3,,K/B071J7Q32K.glb,5.5000,,,preferred_format:glb;textures:3;materials:1,"technical:preferred_format:glb,textures:3,materials:1","{""3dmodel_id"":""B071J7Q32K"",""extent_x"":""1.1470674276351929"",""extent_y"":""1.0437953472137451"",""extent_z"":""0.9386908411979675"",""faces"":""39668"",""image_height_max"":""2048"",""image_height_min"":""2048"",""image_width_max"":""2048"",""image_width_min"":""2048"",""images"":""3"",""materials"":""1"",""meshes"":""1"",""path"":""K/B071J7Q32K.glb"",""textures"":""3"",""vertices"":""22249""}"
280,abo,/vol/bitbucket/ct1022/hy3dpaint_finetune/data/metadata/abo/3dmodels.csv.gz,B071J7Q32V,,,,,,glb,,3772,2494,,1,3,,V/B071J7Q32V.glb,5.5000,,,preferred_format:glb;textures:3;materials:1,"technical:preferred_format:glb,textures:3,materials:1","{""3dmodel_id"":""B071J7Q32V"",""extent_x"":""0.8431824445724487"",""extent_y"":""0.5036783218383789"",""extent_z"":""0.6187347769737244"",""faces"":""3772"",""image_height_max"":""2048"",""image_height_min"":""2048"",""image_width_max"":""2048"",""image_width_min"":""2048"",""images"":""3"",""materials"":""1"",""meshes"":""1"",""path"":""V/B071J7Q32V.glb"",""textures"":""3"",""vertices"":""2494""}"
281,abo,/vol/bitbucket/ct1022/hy3dpaint_finetune/data/metadata/abo/3dmodels.csv.gz,B071J7Q343,,,,,,glb,,35624,19416,,1,3,,3/B071J7Q343.glb,5.5000,,,preferred_format:glb;textures:3;materials:1,"technical:preferred_format:glb,textures:3,materials:1","{""3dmodel_id"":""B071J7Q343"",""extent_x"":""0.709758460521698"",""extent_y"":""0.47969698905944824"",""extent_z"":""0.5333454012870789"",""faces"":""35624"",""image_height_max"":""2048"",""image_height_min"":""2048"",""image_width_max"":""2048"",""image_width_min"":""2048"",""images"":""3"",""materials"":""1"",""meshes"":""1"",""path"":""3/B071J7Q343.glb"",""textures"":""3"",""vertices"":""19416""}"
282,abo,/vol/bitbucket/ct1022/hy3dpaint_finetune/data/metadata/abo/3dmodels.csv.gz,B071J7Q379,,,,,,glb,,32112,17717,,1,3,,9/B071J7Q379.glb,5.5000,,,preferred_format:glb;textures:3;materials:1,"technical:preferred_format:glb,textures:3,materials:1","{""3dmodel_id"":""B071J7Q379"",""extent_x"":""1.204778254032135"",""extent_y"":""0.5218703150749207"",""extent_z"":""1.1902507543563843"",""faces"":""32112"",""image_height_max"":""2048"",""image_height_min"":""2048"",""image_width_max"":""2048"",""image_width_min"":""2048"",""images"":""3"",""materials"":""1"",""meshes"":""1"",""path"":""9/B071J7Q379.glb"",""textures"":""3"",""vertices"":""17717""}"
283,abo,/vol/bitbucket/ct1022/hy3dpaint_finetune/data/metadata/abo/3dmodels.csv.gz,B071J7Q39G,,,,,,glb,,10920,6702,,1,3,,G/B071J7Q39G.glb,5.5000,,,preferred_format:glb;textures:3;materials:1,"technical:preferred_format:glb,textures:3,materials:1","{""3dmodel_id"":""B071J7Q39G"",""extent_x"":""0.9985011219978333"",""extent_y"":""0.934220552444458"",""extent_z"":""1.0440900921821594"",""faces"":""10920"",""image_height_max"":""2048"",""image_height_min"":""2048"",""image_width_max"":""2048"",""image_width_min"":""2048"",""images"":""3"",""materials"":""1"",""meshes"":""1"",""path"":""G/B071J7Q39G.glb"",""textures"":""3"",""vertices"":""6702""}"
284,abo,/vol/bitbucket/ct1022/hy3dpaint_finetune/data/metadata/abo/3dmodels.csv.gz,B071J7Q3J4,,,,,,glb,,74104,41259,,1,3,,4/B071J7Q3J4.glb,5.5000,,,preferred_format:glb;textures:3;materials:1,"technical:preferred_format:glb,textures:3,materials:1","{""3dmodel_id"":""B071J7Q3J4"",""extent_x"":""2.6944031715393066"",""extent_y"":""0.8466410040855408"",""extent_z"":""1.0759464800357819"",""faces"":""74104"",""image_height_max"":""4096"",""image_height_min"":""4096"",""image_width_max"":""4096"",""image_width_min"":""4096"",""images"":""3"",""materials"":""1"",""meshes"":""1"",""path"":""4/B071J7Q3J4.glb"",""textures"":""3"",""vertices"":""41259""}"
285,abo,/vol/bitbucket/ct1022/hy3dpaint_finetune/data/metadata/abo/3dmodels.csv.gz,B071J7Q3JM,,,,,,glb,,24446,13635,,1,3,,M/B071J7Q3JM.glb,5.5000,,,preferred_format:glb;textures:3;materials:1,"technical:preferred_format:glb,textures:3,materials:1","{""3dmodel_id"":""B071J7Q3JM"",""extent_x"":""1.97921484708786"",""extent_y"":""0.8770403861999512"",""extent_z"":""1.0420983731746674"",""faces"":""24446"",""image_height_max"":""2048"",""image_height_min"":""2048"",""image_width_max"":""2048"",""image_width_min"":""2048"",""images"":""3"",""materials"":""1"",""meshes"":""1"",""path"":""M/B071J7Q3JM.glb"",""textures"":""3"",""vertices"":""13635""}"
286,abo,/vol/bitbucket/ct1022/hy3dpaint_finetune/data/metadata/abo/3dmodels.csv.gz,B071J7Q6DW,,,,,,glb,,5366,3193,,1,3,,W/B071J7Q6DW.glb,5.5000,,,preferred_format:glb;textures:3;materials:1,"technical:preferred_format:glb,textures:3,materials:1","{""3dmodel_id"":""B071J7Q6DW"",""extent_x"":""0.718528687953949"",""extent_y"":""0.4560377299785614"",""extent_z"":""0.5196248888969421"",""faces"":""5366"",""image_height_max"":""2048"",""image_height_min"":""2048"",""image_width_max"":""2048"",""image_width_min"":""2048"",""images"":""3"",""materials"":""1"",""meshes"":""1"",""path"":""W/B071J7Q6DW.glb"",""textures"":""3"",""vertices"":""3193""}"
287,abo,/vol/bitbucket/ct1022/hy3dpaint_finetune/data/metadata/abo/3dmodels.csv.gz,B071J7Q6KB,,,,,,glb,,24236,14036,,1,3,,B/B071J7Q6KB.glb,5.5000,,,preferred_format:glb;textures:3;materials:1,"technical:preferred_format:glb,textures:3,materials:1","{""3dmodel_id"":""B071J7Q6KB"",""extent_x"":""1.7306169271469116"",""extent_y"":""0.9000450968742371"",""extent_z"":""1.0001133680343628"",""faces"":""24236"",""image_height_max"":""2048"",""image_height_min"":""2048"",""image_width_max"":""2048"",""image_width_min"":""2048"",""images"":""3"",""materials"":""1"",""meshes"":""1"",""path"":""B/B071J7Q6KB.glb"",""textures"":""3"",""vertices"":""14036""}"
288,abo,/vol/bitbucket/ct1022/hy3dpaint_finetune/data/metadata/abo/3dmodels.csv.gz,B071J7Q6KD,,,,,,glb,,33279,18734,,1,3,,D/B071J7Q6KD.glb,5.5000,,,preferred_format:glb;textures:3;materials:1,"technical:preferred_format:glb,textures:3,materials:1","{""3dmodel_id"":""B071J7Q6KD"",""extent_x"":""0.8545464277267456"",""extent_y"":""0.9267301559448242"",""extent_z"":""0.8003071546554565"",""faces"":""33279"",""image_height_max"":""2048"",""image_height_min"":""2048"",""image_width_max"":""2048"",""image_width_min"":""2048"",""images"":""3"",""materials"":""1"",""meshes"":""1"",""path"":""D/B071J7Q6KD.glb"",""textures"":""3"",""vertices"":""18734""}"
289,abo,/vol/bitbucket/ct1022/hy3dpaint_finetune/data/metadata/abo/3dmodels.csv.gz,B071J7Q9WM,,,,,,glb,,10636,6002,,1,3,,M/B071J7Q9WM.glb,5.5000,,,preferred_format:glb;textures:3;materials:1,"technical:preferred_format:glb,textures:3,materials:1","{""3dmodel_id"":""B071J7Q9WM"",""extent_x"":""1.0172624588012695"",""extent_y"":""0.42265158891677856"",""extent_z"":""1.0225973725318909"",""faces"":""10636"",""image_height_max"":""2048"",""image_height_min"":""2048"",""image_width_max"":""2048"",""image_width_min"":""2048"",""images"":""3"",""materials"":""1"",""meshes"":""1"",""path"":""M/B071J7Q9WM.glb"",""textures"":""3"",""vertices"":""6002""}"
290,abo,/vol/bitbucket/ct1022/hy3dpaint_finetune/data/metadata/abo/3dmodels.csv.gz,B071J7Q9WN,,,,,,glb,,26216,14554,,1,3,,N/B071J7Q9WN.glb,5.5000,,,preferred_format:glb;textures:3;materials:1,"technical:preferred_format:glb,textures:3,materials:1","{""3dmodel_id"":""B071J7Q9WN"",""extent_x"":""0.6510983109474182"",""extent_y"":""0.7771704196929932"",""extent_z"":""0.8006762266159058"",""faces"":""26216"",""image_height_max"":""2048"",""image_height_min"":""2048"",""image_width_max"":""2048"",""image_width_min"":""2048"",""images"":""3"",""materials"":""1"",""meshes"":""1"",""path"":""N/B071J7Q9WN.glb"",""textures"":""3"",""vertices"":""14554""}"
291,abo,/vol/bitbucket/ct1022/hy3dpaint_finetune/data/metadata/abo/3dmodels.csv.gz,B071J7Q9X4,,,,,,glb,,25278,13979,,1,3,,4/B071J7Q9X4.glb,5.5000,,,preferred_format:glb;textures:3;materials:1,"technical:preferred_format:glb,textures:3,materials:1","{""3dmodel_id"":""B071J7Q9X4"",""extent_x"":""0.7041955590248108"",""extent_y"":""0.8471994400024414"",""extent_z"":""0.8575274348258972"",""faces"":""25278"",""image_height_max"":""4096"",""image_height_min"":""4096"",""image_width_max"":""4096"",""image_width_min"":""4096"",""images"":""3"",""materials"":""1"",""meshes"":""1"",""path"":""4/B071J7Q9X4.glb"",""textures"":""3"",""vertices"":""13979""}"
292,abo,/vol/bitbucket/ct1022/hy3dpaint_finetune/data/metadata/abo/3dmodels.csv.gz,B071J7Q9XR,,,,,,glb,,29184,17552,,1,3,,R/B071J7Q9XR.glb,5.5000,,,preferred_format:glb;textures:3;materials:1,"technical:preferred_format:glb,textures:3,materials:1","{""3dmodel_id"":""B071J7Q9XR"",""extent_x"":""0.8585964638735398"",""extent_y"":""0.8552764744690371"",""extent_z"":""1.0081525102401665"",""faces"":""29184"",""image_height_max"":""4096"",""image_height_min"":""4096"",""image_width_max"":""4096"",""image_width_min"":""4096"",""images"":""3"",""materials"":""1"",""meshes"":""1"",""path"":""R/B071J7Q9XR.glb"",""textures"":""3"",""vertices"":""17552""}"
293,abo,/vol/bitbucket/ct1022/hy3dpaint_finetune/data/metadata/abo/3dmodels.csv.gz,B071JLRR3T,,,,,,glb,,61456,54041,,1,3,,T/B071JLRR3T.glb,5.5000,,,preferred_format:glb;textures:3;materials:1,"technical:preferred_format:glb,textures:3,materials:1","{""3dmodel_id"":""B071JLRR3T"",""extent_x"":""0.9144000113010406"",""extent_y"":""1.8287999629974365"",""extent_z"":""0.4572000503540039"",""faces"":""61456"",""image_height_max"":""4096"",""image_height_min"":""4096"",""image_width_max"":""4096"",""image_width_min"":""4096"",""images"":""3"",""materials"":""1"",""meshes"":""1"",""path"":""T/B071JLRR3T.glb"",""textures"":""3"",""vertices"":""54041""}"
294,abo,/vol/bitbucket/ct1022/hy3dpaint_finetune/data/metadata/abo/3dmodels.csv.gz,B071KX42WG,,,,,,glb,,13818,8931,,1,3,,G/B071KX42WG.glb,5.5000,,,preferred_format:glb;textures:3;materials:1,"technical:preferred_format:glb,textures:3,materials:1","{""3dmodel_id"":""B071KX42WG"",""extent_x"":""1.0105561017990112"",""extent_y"":""0.9263839721679688"",""extent_z"":""0.02317967638373375"",""faces"":""13818"",""image_height_max"":""2048"",""image_height_min"":""2048"",""image_width_max"":""2048"",""image_width_min"":""2048"",""images"":""3"",""materials"":""1"",""meshes"":""1"",""path"":""G/B071KX42WG.glb"",""textures"":""3"",""vertices"":""8931""}"
295,abo,/vol/bitbucket/ct1022/hy3dpaint_finetune/data/metadata/abo/3dmodels.csv.gz,B071KX4RX7,,,,,,glb,,324,244,,1,3,,7/B071KX4RX7.glb,5.5000,,,preferred_format:glb;textures:3;materials:1,"technical:preferred_format:glb,textures:3,materials:1","{""3dmodel_id"":""B071KX4RX7"",""extent_x"":""0.8123587369918823"",""extent_y"":""2.0308969020843506"",""extent_z"":""0.03245658800005913"",""faces"":""324"",""image_height_max"":""2048"",""image_height_min"":""2048"",""image_width_max"":""2048"",""image_width_min"":""2048"",""images"":""3"",""materials"":""1"",""meshes"":""1"",""path"":""7/B071KX4RX7.glb"",""textures"":""3"",""vertices"":""244""}"
296,abo,/vol/bitbucket/ct1022/hy3dpaint_finetune/data/metadata/abo/3dmodels.csv.gz,B071LD87KZ,,,,,,glb,,868256,457128,,1,3,,Z/B071LD87KZ.glb,5.5000,,,preferred_format:glb;textures:3;materials:1,"technical:preferred_format:glb,textures:3,materials:1","{""3dmodel_id"":""B071LD87KZ"",""extent_x"":""0.6084913909435272"",""extent_y"":""1.4102681875228882"",""extent_z"":""0.6048564016819"",""faces"":""868256"",""image_height_max"":""4096"",""image_height_min"":""4096"",""image_width_max"":""4096"",""image_width_min"":""4096"",""images"":""3"",""materials"":""1"",""meshes"":""1"",""path"":""Z/B071LD87KZ.glb"",""textures"":""3"",""vertices"":""457128""}"
297,abo,/vol/bitbucket/ct1022/hy3dpaint_finetune/data/metadata/abo/3dmodels.csv.gz,B071LDM8NL,,,,,,glb,,8214,6227,,1,4,,L/B071LDM8NL.glb,5.5000,,,preferred_format:glb;textures:4;materials:1,"technical:preferred_format:glb,textures:4,materials:1","{""3dmodel_id"":""B071LDM8NL"",""extent_x"":""0.1232360228896141"",""extent_y"":""0.9198362340778106"",""extent_z"":""0.12323601543903351"",""faces"":""8214"",""image_height_max"":""4096"",""image_height_min"":""4096"",""image_width_max"":""4096"",""image_width_min"":""4096"",""images"":""4"",""materials"":""1"",""meshes"":""1"",""path"":""L/B071LDM8NL.glb"",""textures"":""4"",""vertices"":""6227""}"
298,abo,/vol/bitbucket/ct1022/hy3dpaint_finetune/data/metadata/abo/3dmodels.csv.gz,B071LQFCVL,,,,,,glb,,24298,17168,,1,3,,L/B071LQFCVL.glb,5.5000,,,preferred_format:glb;textures:3;materials:1,"technical:preferred_format:glb,textures:3,materials:1","{""3dmodel_id"":""B071LQFCVL"",""extent_x"":""2.440852403640747"",""extent_y"":""0.009519269689917566"",""extent_z"":""1.5318889021873474"",""faces"":""24298"",""image_height_max"":""4096"",""image_height_min"":""4096"",""image_width_max"":""4096"",""image_width_min"":""4096"",""images"":""3"",""materials"":""1"",""meshes"":""1"",""path"":""L/B071LQFCVL.glb"",""textures"":""3"",""vertices"":""17168""}"
299,abo,/vol/bitbucket/ct1022/hy3dpaint_finetune/data/metadata/abo/3dmodels.csv.gz,B071LQHVJT,,,,,,glb,,11864,10950,,1,3,,T/B071LQHVJT.glb,5.5000,,,preferred_format:glb;textures:3;materials:1,"technical:preferred_format:glb,textures:3,materials:1","{""3dmodel_id"":""B071LQHVJT"",""extent_x"":""1.6520978808403015"",""extent_y"":""0.006089004222303629"",""extent_z"":""1.0349323749542236"",""faces"":""11864"",""image_height_max"":""2048"",""image_height_min"":""2048"",""image_width_max"":""2048"",""image_width_min"":""2048"",""images"":""3"",""materials"":""1"",""meshes"":""1"",""path"":""T/B071LQHVJT.glb"",""textures"":""3"",""vertices"":""10950""}"
300,abo,/vol/bitbucket/ct1022/hy3dpaint_finetune/data/metadata/abo/3dmodels.csv.gz,B071LQHVJZ,,,,,,glb,,1256,674,,1,3,,Z/B071LQHVJZ.glb,5.5000,,,preferred_format:glb;textures:3;materials:1,"technical:preferred_format:glb,textures:3,materials:1","{""3dmodel_id"":""B071LQHVJZ"",""extent_x"":""2.134501576423645"",""extent_y"":""0.012699999846518041"",""extent_z"":""1.5239999890327454"",""faces"":""1256"",""image_height_max"":""4096"",""image_height_min"":""4096"",""image_width_max"":""4096"",""image_width_min"":""4096"",""images"":""3"",""materials"":""1"",""meshes"":""1"",""path"":""Z/B071LQHVJZ.glb"",""textures"":""3"",""vertices"":""674""}"
301,abo,/vol/bitbucket/ct1022/hy3dpaint_finetune/data/metadata/abo/3dmodels.csv.gz,B071LQHVKF,,,,,,glb,,6964,5159,,1,3,,F/B071LQHVKF.glb,5.5000,,,preferred_format:glb;textures:3;materials:1,"technical:preferred_format:glb,textures:3,materials:1","{""3dmodel_id"":""B071LQHVKF"",""extent_x"":""2.8951494693756104"",""extent_y"":""0.018016213551163673"",""extent_z"":""2.288468837738037"",""faces"":""6964"",""image_height_max"":""2048"",""image_height_min"":""2048"",""image_width_max"":""2048"",""image_width_min"":""2048"",""images"":""3"",""materials"":""1"",""meshes"":""1"",""path"":""F/B071LQHVKF.glb"",""textures"":""3"",""vertices"":""5159""}"
302,abo,/vol/bitbucket/ct1022/hy3dpaint_finetune/data/metadata/abo/3dmodels.csv.gz,B071LQHVQ8,,,,,,glb,,3712,2098,,1,3,,8/B071LQHVQ8.glb,5.5000,,,preferred_format:glb;textures:3;materials:1,"technical:preferred_format:glb,textures:3,materials:1","{""3dmodel_id"":""B071LQHVQ8"",""extent_x"":""2.0807851552963257"",""extent_y"":""0.019635967910289764"",""extent_z"":""1.5251423120498657"",""faces"":""3712"",""image_height_max"":""4096"",""image_height_min"":""4096"",""image_width_max"":""4096"",""image_width_min"":""4096"",""images"":""3"",""materials"":""1"",""meshes"":""1"",""path"":""8/B071LQHVQ8.glb"",""textures"":""3"",""vertices"":""2098""}"
303,abo,/vol/bitbucket/ct1022/hy3dpaint_finetune/data/metadata/abo/3dmodels.csv.gz,B071LQHVYN,,,,,,glb,,1344,718,,1,3,,N/B071LQHVYN.glb,5.5000,,,preferred_format:glb;textures:3;materials:1,"technical:preferred_format:glb,textures:3,materials:1","{""3dmodel_id"":""B071LQHVYN"",""extent_x"":""1.7613112926483154"",""extent_y"":""0.01269999984651804"",""extent_z"":""1.1521440744400024"",""faces"":""1344"",""image_height_max"":""4096"",""image_height_min"":""4096"",""image_width_max"":""4096"",""image_width_min"":""4096"",""images"":""3"",""materials"":""1"",""meshes"":""1"",""path"":""N/B071LQHVYN.glb"",""textures"":""3"",""vertices"":""718""}"
304,abo,/vol/bitbucket/ct1022/hy3dpaint_finetune/data/metadata/abo/3dmodels.csv.gz,B071LQHVZB,,,,,,glb,,4800,2487,,1,3,,B/B071LQHVZB.glb,5.5000,,,preferred_format:glb;textures:3;materials:1,"technical:preferred_format:glb,textures:3,materials:1","{""3dmodel_id"":""B071LQHVZB"",""extent_x"":""2.079902410507202"",""extent_y"":""0.009999999776482582"",""extent_z"":""1.4510854482650757"",""faces"":""4800"",""image_height_max"":""4096"",""image_height_min"":""4096"",""image_width_max"":""4096"",""image_width_min"":""4096"",""images"":""3"",""materials"":""1"",""meshes"":""1"",""path"":""B/B071LQHVZB.glb"",""textures"":""3"",""vertices"":""2487""}"
305,abo,/vol/bitbucket/ct1022/hy3dpaint_finetune/data/metadata/abo/3dmodels.csv.gz,B071LQHW1P,,,,,,glb,,8084,6102,,1,3,,P/B071LQHW1P.glb,5.5000,,,preferred_format:glb;textures:3;materials:1,"technical:preferred_format:glb,textures:3,materials:1","{""3dmodel_id"":""B071LQHW1P"",""extent_x"":""2.1443049907684326"",""extent_y"":""0.01324604731053114"",""extent_z"":""1.508997917175293"",""faces"":""8084"",""image_height_max"":""2048"",""image_height_min"":""2048"",""image_width_max"":""2048"",""image_width_min"":""2048"",""images"":""3"",""materials"":""1"",""meshes"":""1"",""path"":""P/B071LQHW1P.glb"",""textures"":""3"",""vertices"":""6102""}"
306,abo,/vol/bitbucket/ct1022/hy3dpaint_finetune/data/metadata/abo/3dmodels.csv.gz,B071LQJ4XF,,,,,,glb,,7496,4222,,1,3,,F/B071LQJ4XF.glb,5.5000,,,preferred_format:glb;textures:3;materials:1,"technical:preferred_format:glb,textures:3,materials:1","{""3dmodel_id"":""B071LQJ4XF"",""extent_x"":""1.675999939441681"",""extent_y"":""0.01269999984651804"",""extent_z"":""1.066999912261963"",""faces"":""7496"",""image_height_max"":""4096"",""image_height_min"":""4096"",""image_width_max"":""4096"",""image_width_min"":""4096"",""images"":""3"",""materials"":""1"",""meshes"":""1"",""path"":""F/B071LQJ4XF.glb"",""textures"":""3"",""vertices"":""4222""}"
307,abo,/vol/bitbucket/ct1022/hy3dpaint_finetune/data/metadata/abo/3dmodels.csv.gz,B071LTB14G,,,,,,glb,,31146,17516,,1,3,,G/B071LTB14G.glb,5.5000,,,preferred_format:glb;textures:3;materials:1,"technical:preferred_format:glb,textures:3,materials:1","{""3dmodel_id"":""B071LTB14G"",""extent_x"":""1.8122451901435852"",""extent_y"":""0.9237655401229858"",""extent_z"":""1.0067432522773743"",""faces"":""31146"",""image_height_max"":""2048"",""image_height_min"":""2048"",""image_width_max"":""2048"",""image_width_min"":""2048"",""images"":""3"",""materials"":""1"",""meshes"":""1"",""path"":""G/B071LTB14G.glb"",""textures"":""3"",""vertices"":""17516""}"
308,abo,/vol/bitbucket/ct1022/hy3dpaint_finetune/data/metadata/abo/3dmodels.csv.gz,B071NHHWCN,,,,,,glb,,38536,27910,,1,3,,N/B071NHHWCN.glb,5.5000,,,preferred_format:glb;textures:3;materials:1,"technical:preferred_format:glb,textures:3,materials:1","{""3dmodel_id"":""B071NHHWCN"",""extent_x"":""0.7028356790542603"",""extent_y"":""1.1634174585342407"",""extent_z"":""0.8754826188087463"",""faces"":""38536"",""image_height_max"":""4096"",""image_height_min"":""2048"",""image_width_max"":""4096"",""image_width_min"":""2048"",""images"":""3"",""materials"":""1"",""meshes"":""1"",""path"":""N/B071NHHWCN.glb"",""textures"":""3"",""vertices"":""27910""}"
309,abo,/vol/bitbucket/ct1022/hy3dpaint_finetune/data/metadata/abo/3dmodels.csv.gz,B071NHTQ26,,,,,,glb,,11010,6548,,1,3,,6/B071NHTQ26.glb,5.5000,,,preferred_format:glb;textures:3;materials:1,"technical:preferred_format:glb,textures:3,materials:1","{""3dmodel_id"":""B071NHTQ26"",""extent_x"":""0.44736820459365845"",""extent_y"":""0.6505213975906372"",""extent_z"":""0.1436646729707718"",""faces"":""11010"",""image_height_max"":""2048"",""image_height_min"":""2048"",""image_width_max"":""2048"",""image_width_min"":""2048"",""images"":""3"",""materials"":""1"",""meshes"":""1"",""path"":""6/B071NHTQ26.glb"",""textures"":""3"",""vertices"":""6548""}"
310,abo,/vol/bitbucket/ct1022/hy3dpaint_finetune/data/metadata/abo/3dmodels.csv.gz,B071NHXGFY,,,,,,glb,,10240,5464,,1,3,,Y/B071NHXGFY.glb,5.5000,,,preferred_format:glb;textures:3;materials:1,"technical:preferred_format:glb,textures:3,materials:1","{""3dmodel_id"":""B071NHXGFY"",""extent_x"":""0.5943569540977478"",""extent_y"":""0.7130208611488342"",""extent_z"":""0.02039594203233719"",""faces"":""10240"",""image_height_max"":""2048"",""image_height_min"":""2048"",""image_width_max"":""2048"",""image_width_min"":""2048"",""images"":""3"",""materials"":""1"",""meshes"":""1"",""path"":""Y/B071NHXGFY.glb"",""textures"":""3"",""vertices"":""5464""}"
311,abo,/vol/bitbucket/ct1022/hy3dpaint_finetune/data/metadata/abo/3dmodels.csv.gz,B071NZ281W,,,,,,glb,,8060,5804,,1,4,,W/B071NZ281W.glb,5.5000,,,preferred_format:glb;textures:4;materials:1,"technical:preferred_format:glb,textures:4,materials:1","{""3dmodel_id"":""B071NZ281W"",""extent_x"":""0.1232360228896141"",""extent_y"":""0.8629314012452962"",""extent_z"":""0.12323601543903351"",""faces"":""8060"",""image_height_max"":""4096"",""image_height_min"":""4096"",""image_width_max"":""4096"",""image_width_min"":""4096"",""images"":""4"",""materials"":""1"",""meshes"":""1"",""path"":""W/B071NZ281W.glb"",""textures"":""4"",""vertices"":""5804""}"
312,abo,/vol/bitbucket/ct1022/hy3dpaint_finetune/data/metadata/abo/3dmodels.csv.gz,B071P9WJBT,,,,,,glb,,18312,11339,,1,3,,T/B071P9WJBT.glb,5.5000,,,preferred_format:glb;textures:3;materials:1,"technical:preferred_format:glb,textures:3,materials:1","{""3dmodel_id"":""B071P9WJBT"",""extent_x"":""1.6570320129394531"",""extent_y"":""0.9319804906845093"",""extent_z"":""0.5634683668613434"",""faces"":""18312"",""image_height_max"":""2048"",""image_height_min"":""2048"",""image_width_max"":""2048"",""image_width_min"":""2048"",""images"":""3"",""materials"":""1"",""meshes"":""1"",""path"":""T/B071P9WJBT.glb"",""textures"":""3"",""vertices"":""11339""}"
313,abo,/vol/bitbucket/ct1022/hy3dpaint_finetune/data/metadata/abo/3dmodels.csv.gz,B071PB2H7N,,,,,,glb,,1280,772,,1,3,,N/B071PB2H7N.glb,5.5000,,,preferred_format:glb;textures:3;materials:1,"technical:preferred_format:glb,textures:3,materials:1","{""3dmodel_id"":""B071PB2H7N"",""extent_x"":""1.8212707042694092"",""extent_y"":""0.011685890145599844"",""extent_z"":""1.214519739151001"",""faces"":""1280"",""image_height_max"":""2048"",""image_height_min"":""2048"",""image_width_max"":""2048"",""image_width_min"":""2048"",""images"":""3"",""materials"":""1"",""meshes"":""1"",""path"":""N/B071PB2H7N.glb"",""textures"":""3"",""vertices"":""772""}"
314,abo,/vol/bitbucket/ct1022/hy3dpaint_finetune/data/metadata/abo/3dmodels.csv.gz,B071PB2H8H,,,,,,glb,,4596,3030,,1,3,,H/B071PB2H8H.glb,5.5000,,,preferred_format:glb;textures:3;materials:1,"technical:preferred_format:glb,textures:3,materials:1","{""3dmodel_id"":""B071PB2H8H"",""extent_x"":""3.142736554145813"",""extent_y"":""0.007889349944889545"",""extent_z"":""2.451141119003296"",""faces"":""4596"",""image_height_max"":""4096"",""image_height_min"":""4096"",""image_width_max"":""4096"",""image_width_min"":""4096"",""images"":""3"",""materials"":""1"",""meshes"":""1"",""path"":""H/B071PB2H8H.glb"",""textures"":""3"",""vertices"":""3030""}"
315,abo,/vol/bitbucket/ct1022/hy3dpaint_finetune/data/metadata/abo/3dmodels.csv.gz,B071PB4VK1,,,,,,glb,,7504,4046,,1,3,,1/B071PB4VK1.glb,5.5000,,,preferred_format:glb;textures:3;materials:1,"technical:preferred_format:glb,textures:3,materials:1","{""3dmodel_id"":""B071PB4VK1"",""extent_x"":""2.1152032613754272"",""extent_y"":""0.012784820050001144"",""extent_z"":""1.5166663527488708"",""faces"":""7504"",""image_height_max"":""4096"",""image_height_min"":""4096"",""image_width_max"":""4096"",""image_width_min"":""4096"",""images"":""3"",""materials"":""1"",""meshes"":""1"",""path"":""1/B071PB4VK1.glb"",""textures"":""3"",""vertices"":""4046""}"
316,abo,/vol/bitbucket/ct1022/hy3dpaint_finetune/data/metadata/abo/3dmodels.csv.gz,B071PDYKYB,,,,,,glb,,7680,4400,,1,3,,B/B071PDYKYB.glb,5.5000,,,preferred_format:glb;textures:3;materials:1,"technical:preferred_format:glb,textures:3,materials:1","{""3dmodel_id"":""B071PDYKYB"",""extent_x"":""0.5206632614135742"",""extent_y"":""0.832770824432373"",""extent_z"":""0.7536028623580933"",""faces"":""7680"",""image_height_max"":""4096"",""image_height_min"":""4096"",""image_width_max"":""4096"",""image_width_min"":""4096"",""images"":""3"",""materials"":""1"",""meshes"":""1"",""path"":""B/B071PDYKYB.glb"",""textures"":""3"",""vertices"":""4400""}"
317,abo,/vol/bitbucket/ct1022/hy3dpaint_finetune/data/metadata/abo/3dmodels.csv.gz,B071PDYL8N,,,,,,glb,,40224,23222,,1,3,,N/B071PDYL8N.glb,5.5000,,,preferred_format:glb;textures:3;materials:1,"technical:preferred_format:glb,textures:3,materials:1","{""3dmodel_id"":""B071PDYL8N"",""extent_x"":""2.591338276863098"",""extent_y"":""1.0704841613769531"",""extent_z"":""2.5968903303146362"",""faces"":""40224"",""image_height_max"":""4096"",""image_height_min"":""4096"",""image_width_max"":""4096"",""image_width_min"":""4096"",""images"":""3"",""materials"":""1"",""meshes"":""1"",""path"":""N/B071PDYL8N.glb"",""textures"":""3"",""vertices"":""23222""}"
318,abo,/vol/bitbucket/ct1022/hy3dpaint_finetune/data/metadata/abo/3dmodels.csv.gz,B071PDYXKC,,,,,,glb,,5262,2992,,1,3,,C/B071PDYXKC.glb,5.5000,,,preferred_format:glb;textures:3;materials:1,"technical:preferred_format:glb,textures:3,materials:1","{""3dmodel_id"":""B071PDYXKC"",""extent_x"":""0.6554636359214783"",""extent_y"":""0.39856189489364624"",""extent_z"":""0.6481668949127197"",""faces"":""5262"",""image_height_max"":""2048"",""image_height_min"":""2048"",""image_width_max"":""2048"",""image_width_min"":""2048"",""images"":""3"",""materials"":""1"",""meshes"":""1"",""path"":""C/B071PDYXKC.glb"",""textures"":""3"",""vertices"":""2992""}"
319,abo,/vol/bitbucket/ct1022/hy3dpaint_finetune/data/metadata/abo/3dmodels.csv.gz,B071PDYXKX,,,,,,glb,,10636,6002,,1,3,,X/B071PDYXKX.glb,5.5000,,,preferred_format:glb;textures:3;materials:1,"technical:preferred_format:glb,textures:3,materials:1","{""3dmodel_id"":""B071PDYXKX"",""extent_x"":""1.0172624588012695"",""extent_y"":""0.42265158891677856"",""extent_z"":""1.0225973725318909"",""faces"":""10636"",""image_height_max"":""2048"",""image_height_min"":""2048"",""image_width_max"":""2048"",""image_width_min"":""2048"",""images"":""3"",""materials"":""1"",""meshes"":""1"",""path"":""X/B071PDYXKX.glb"",""textures"":""3"",""vertices"":""6002""}"
320,abo,/vol/bitbucket/ct1022/hy3dpaint_finetune/data/metadata/abo/3dmodels.csv.gz,B071PDYXRQ,,,,,,glb,,51972,28722,,1,3,,Q/B071PDYXRQ.glb,5.5000,,,preferred_format:glb;textures:3;materials:1,"technical:preferred_format:glb,textures:3,materials:1","{""3dmodel_id"":""B071PDYXRQ"",""extent_x"":""1.0562503933906555"",""extent_y"":""0.6464162468910217"",""extent_z"":""0.9686105847358704"",""faces"":""51972"",""image_height_max"":""2048"",""image_height_min"":""2048"",""image_width_max"":""2048"",""image_width_min"":""2048"",""images"":""3"",""materials"":""1"",""meshes"":""1"",""path"":""Q/B071PDYXRQ.glb"",""textures"":""3"",""vertices"":""28722""}"
321,abo,/vol/bitbucket/ct1022/hy3dpaint_finetune/data/metadata/abo/3dmodels.csv.gz,B071RNV5PK,,,,,,glb,,324,244,,1,3,,K/B071RNV5PK.glb,5.5000,,,preferred_format:glb;textures:3;materials:1,"technical:preferred_format:glb,textures:3,materials:1","{""3dmodel_id"":""B071RNV5PK"",""extent_x"":""0.8123249113559723"",""extent_y"":""2.01953125"",""extent_z"":""0.22110862733097747"",""faces"":""324"",""image_height_max"":""2048"",""image_height_min"":""2048"",""image_width_max"":""2048"",""image_width_min"":""2048"",""images"":""3"",""materials"":""1"",""meshes"":""1"",""path"":""K/B071RNV5PK.glb"",""textures"":""3"",""vertices"":""244""}"
322,abo,/vol/bitbucket/ct1022/hy3dpaint_finetune/data/metadata/abo/3dmodels.csv.gz,B071RNW4SV,,,,,,glb,,57646,33736,,1,3,,V/B071RNW4SV.glb,5.5000,,,preferred_format:glb;textures:3;materials:1,"technical:preferred_format:glb,textures:3,materials:1","{""3dmodel_id"":""B071RNW4SV"",""extent_x"":""0.9143999814987183"",""extent_y"":""0.9143999814987183"",""extent_z"":""0.038099996745586395"",""faces"":""57646"",""image_height_max"":""4096"",""image_height_min"":""4096"",""image_width_max"":""4096"",""image_width_min"":""4096"",""images"":""3"",""materials"":""1"",""meshes"":""1"",""path"":""V/B071RNW4SV.glb"",""textures"":""3"",""vertices"":""33736""}"
323,abo,/vol/bitbucket/ct1022/hy3dpaint_finetune/data/metadata/abo/3dmodels.csv.gz,B071S5RK7P,,,,,,glb,,116828,84936,,1,4,,P/B071S5RK7P.glb,5.5000,,,preferred_format:glb;textures:4;materials:1,"technical:preferred_format:glb,textures:4,materials:1","{""3dmodel_id"":""B071S5RK7P"",""extent_x"":""0.36809709668159485"",""extent_y"":""0.49161314964294434"",""extent_z"":""0.3553989380598068"",""faces"":""116828"",""image_height_max"":""2048"",""image_height_min"":""2048"",""image_width_max"":""2048"",""image_width_min"":""2048"",""images"":""4"",""materials"":""1"",""meshes"":""1"",""path"":""P/B071S5RK7P.glb"",""textures"":""4"",""vertices"":""84936""}"
324,abo,/vol/bitbucket/ct1022/hy3dpaint_finetune/data/metadata/abo/3dmodels.csv.gz,B071S5RLR6,,,,,,glb,,55332,29872,,1,4,,6/B071S5RLR6.glb,5.5000,,,preferred_format:glb;textures:4;materials:1,"technical:preferred_format:glb,textures:4,materials:1","{""3dmodel_id"":""B071S5RLR6"",""extent_x"":""0.8532761633396149"",""extent_y"":""0.7462798357009888"",""extent_z"":""0.2915702760219574"",""faces"":""55332"",""image_height_max"":""2048"",""image_height_min"":""2048"",""image_width_max"":""2048"",""image_width_min"":""2048"",""images"":""4"",""materials"":""1"",""meshes"":""1"",""path"":""6/B071S5RLR6.glb"",""textures"":""4"",""vertices"":""29872""}"
325,abo,/vol/bitbucket/ct1022/hy3dpaint_finetune/data/metadata/abo/3dmodels.csv.gz,B071SHBTM5,,,,,,glb,,6272,5070,,1,3,,5/B071SHBTM5.glb,5.5000,,,preferred_format:glb;textures:3;materials:1,"technical:preferred_format:glb,textures:3,materials:1","{""3dmodel_id"":""B071SHBTM5"",""extent_x"":""0.9643006026744843"",""extent_y"":""1.3204988241195679"",""extent_z"":""0.5162286758422852"",""faces"":""6272"",""image_height_max"":""2048"",""image_height_min"":""2048"",""image_width_max"":""2048"",""image_width_min"":""2048"",""images"":""3"",""materials"":""1"",""meshes"":""1"",""path"":""5/B071SHBTM5.glb"",""textures"":""3"",""vertices"":""5070""}"
326,abo,/vol/bitbucket/ct1022/hy3dpaint_finetune/data/metadata/abo/3dmodels.csv.gz,B071SHHZT2,,,,,,glb,,1076,684,,1,3,,2/B071SHHZT2.glb,5.5000,,,preferred_format:glb;textures:3;materials:1,"technical:preferred_format:glb,textures:3,materials:1","{""3dmodel_id"":""B071SHHZT2"",""extent_x"":""2.9016960859298706"",""extent_y"":""0.017114998772740364"",""extent_z"":""2.3055331707000732"",""faces"":""1076"",""image_height_max"":""2048"",""image_height_min"":""2048"",""image_width_max"":""2048"",""image_width_min"":""2048"",""images"":""3"",""materials"":""1"",""meshes"":""1"",""path"":""2/B071SHHZT2.glb"",""textures"":""3"",""vertices"":""684""}"
327,abo,/vol/bitbucket/ct1022/hy3dpaint_finetune/data/metadata/abo/3dmodels.csv.gz,B071SHHZTC,,,,,,glb,,1874,1338,,1,3,,C/B071SHHZTC.glb,5.5000,,,preferred_format:glb;textures:3;materials:1,"technical:preferred_format:glb,textures:3,materials:1","{""3dmodel_id"":""B071SHHZTC"",""extent_x"":""2.442428469657898"",""extent_y"":""0.01022033579647541"",""extent_z"":""1.5305173993110657"",""faces"":""1874"",""image_height_max"":""2048"",""image_height_min"":""2048"",""image_width_max"":""2048"",""image_width_min"":""2048"",""images"":""3"",""materials"":""1"",""meshes"":""1"",""path"":""C/B071SHHZTC.glb"",""textures"":""3"",""vertices"":""1338""}"
328,abo,/vol/bitbucket/ct1022/hy3dpaint_finetune/data/metadata/abo/3dmodels.csv.gz,B071SHHZVC,,,,,,glb,,4160,2282,,1,3,,C/B071SHHZVC.glb,5.5000,,,preferred_format:glb;textures:3;materials:1,"technical:preferred_format:glb,textures:3,materials:1","{""3dmodel_id"":""B071SHHZVC"",""extent_x"":""1.8326832056045532"",""extent_y"":""0.013487123884260656"",""extent_z"":""1.2148371934890747"",""faces"":""4160"",""image_height_max"":""2048"",""image_height_min"":""2048"",""image_width_max"":""2048"",""image_width_min"":""2048"",""images"":""3"",""materials"":""1"",""meshes"":""1"",""path"":""C/B071SHHZVC.glb"",""textures"":""3"",""vertices"":""2282""}"
329,abo,/vol/bitbucket/ct1022/hy3dpaint_finetune/data/metadata/abo/3dmodels.csv.gz,B071SHHZVG,,,,,,glb,,3328,1878,,1,3,,G/B071SHHZVG.glb,5.5000,,,preferred_format:glb;textures:3;materials:1,"technical:preferred_format:glb,textures:3,materials:1","{""3dmodel_id"":""B071SHHZVG"",""extent_x"":""2.3648500442504883"",""extent_y"":""0.01723213493824005"",""extent_z"":""1.5209908485412598"",""faces"":""3328"",""image_height_max"":""2048"",""image_height_min"":""2048"",""image_width_max"":""2048"",""image_width_min"":""2048"",""images"":""3"",""materials"":""1"",""meshes"":""1"",""path"":""G/B071SHHZVG.glb"",""textures"":""3"",""vertices"":""1878""}"
330,abo,/vol/bitbucket/ct1022/hy3dpaint_finetune/data/metadata/abo/3dmodels.csv.gz,B071SHHZVZ,,,,,,glb,,5000,2778,,1,3,,Z/B071SHHZVZ.glb,5.5000,,,preferred_format:glb;textures:3;materials:1,"technical:preferred_format:glb,textures:3,materials:1","{""3dmodel_id"":""B071SHHZVZ"",""extent_x"":""2.2859063148498535"",""extent_y"":""0.025616509839892387"",""extent_z"":""1.5210855603218079"",""faces"":""5000"",""image_height_max"":""2048"",""image_height_min"":""2048"",""image_width_max"":""2048"",""image_width_min"":""2048"",""images"":""3"",""materials"":""1"",""meshes"":""1"",""path"":""Z/B071SHHZVZ.glb"",""textures"":""3"",""vertices"":""2778""}"
331,abo,/vol/bitbucket/ct1022/hy3dpaint_finetune/data/metadata/abo/3dmodels.csv.gz,B071SHLFH6,,,,,,glb,,1776,986,,1,3,,6/B071SHLFH6.glb,5.5000,,,preferred_format:glb;textures:3;materials:1,"technical:preferred_format:glb,textures:3,materials:1","{""3dmodel_id"":""B071SHLFH6"",""extent_x"":""2.1437817811965942"",""extent_y"":""0.014913259074091913"",""extent_z"":""1.5433361530303955"",""faces"":""1776"",""image_height_max"":""2048"",""image_height_min"":""2048"",""image_width_max"":""2048"",""image_width_min"":""2048"",""images"":""3"",""materials"":""1"",""meshes"":""1"",""path"":""6/B071SHLFH6.glb"",""textures"":""3"",""vertices"":""986""}"
332,abo,/vol/bitbucket/ct1022/hy3dpaint_finetune/data/metadata/abo/3dmodels.csv.gz,B071SHLFHN,,,,,,glb,,3538,1989,,1,3,,N/B071SHLFHN.glb,5.5000,,,preferred_format:glb;textures:3;materials:1,"technical:preferred_format:glb,textures:3,materials:1","{""3dmodel_id"":""B071SHLFHN"",""extent_x"":""1.6769335269927979"",""extent_y"":""0.011371670290827753"",""extent_z"":""1.0663426518440247"",""faces"":""3538"",""image_height_max"":""4096"",""image_height_min"":""4096"",""image_width_max"":""4096"",""image_width_min"":""4096"",""images"":""3"",""materials"":""1"",""meshes"":""1"",""path"":""N/B071SHLFHN.glb"",""textures"":""3"",""vertices"":""1989""}"
333,abo,/vol/bitbucket/ct1022/hy3dpaint_finetune/data/metadata/abo/3dmodels.csv.gz,B071SHLFHX,,,,,,glb,,1280,772,,1,3,,X/B071SHLFHX.glb,5.5000,,,preferred_format:glb;textures:3;materials:1,"technical:preferred_format:glb,textures:3,materials:1","{""3dmodel_id"":""B071SHLFHX"",""extent_x"":""3.293715476989746"",""extent_y"":""0.017632126808166504"",""extent_z"":""2.3817455768585205"",""faces"":""1280"",""image_height_max"":""2048"",""image_height_min"":""2048"",""image_width_max"":""2048"",""image_width_min"":""2048"",""images"":""3"",""materials"":""1"",""meshes"":""1"",""path"":""X/B071SHLFHX.glb"",""textures"":""3"",""vertices"":""772""}"
334,abo,/vol/bitbucket/ct1022/hy3dpaint_finetune/data/metadata/abo/3dmodels.csv.gz,B071SHLFKP,,,,,,glb,,5312,2944,,1,3,,P/B071SHLFKP.glb,5.5000,,,preferred_format:glb;textures:3;materials:1,"technical:preferred_format:glb,textures:3,materials:1","{""3dmodel_id"":""B071SHLFKP"",""extent_x"":""2.211472511291504"",""extent_y"":""0.012888889759778978"",""extent_z"":""1.592898964881897"",""faces"":""5312"",""image_height_max"":""2048"",""image_height_min"":""2048"",""image_width_max"":""2048"",""image_width_min"":""2048"",""images"":""3"",""materials"":""1"",""meshes"":""1"",""path"":""P/B071SHLFKP.glb"",""textures"":""3"",""vertices"":""2944""}"
335,abo,/vol/bitbucket/ct1022/hy3dpaint_finetune/data/metadata/abo/3dmodels.csv.gz,B071SHLFL6,,,,,,glb,,1700,1040,,1,3,,6/B071SHLFL6.glb,5.5000,,,preferred_format:glb;textures:3;materials:1,"technical:preferred_format:glb,textures:3,materials:1","{""3dmodel_id"":""B071SHLFL6"",""extent_x"":""1.8461933135986328"",""extent_y"":""0.014139978215098383"",""extent_z"":""1.2430996894836426"",""faces"":""1700"",""image_height_max"":""2048"",""image_height_min"":""2048"",""image_width_max"":""2048"",""image_width_min"":""2048"",""images"":""3"",""materials"":""1"",""meshes"":""1"",""path"":""6/B071SHLFL6.glb"",""textures"":""3"",""vertices"":""1040""}"
336,abo,/vol/bitbucket/ct1022/hy3dpaint_finetune/data/metadata/abo/3dmodels.csv.gz,B071SHLFLM,,,,,,glb,,2416,1318,,1,3,,M/B071SHLFLM.glb,5.5000,,,preferred_format:glb;textures:3;materials:1,"technical:preferred_format:glb,textures:3,materials:1","{""3dmodel_id"":""B071SHLFLM"",""extent_x"":""2.1413971185684204"",""extent_y"":""0.012709821574389936"",""extent_z"":""1.565967857837677"",""faces"":""2416"",""image_height_max"":""2048"",""image_height_min"":""2048"",""image_width_max"":""2048"",""image_width_min"":""2048"",""images"":""3"",""materials"":""1"",""meshes"":""1"",""path"":""M/B071SHLFLM.glb"",""textures"":""3"",""vertices"":""1318""}"
337,abo,/vol/bitbucket/ct1022/hy3dpaint_finetune/data/metadata/abo/3dmodels.csv.gz,B071SHLFLS,,,,,,glb,,5000,2774,,1,3,,S/B071SHLFLS.glb,5.5000,,,preferred_format:glb;textures:3;materials:1,"technical:preferred_format:glb,textures:3,materials:1","{""3dmodel_id"":""B071SHLFLS"",""extent_x"":""3.2278066873550415"",""extent_y"":""0.024158170446753502"",""extent_z"":""2.442689061164856"",""faces"":""5000"",""image_height_max"":""2048"",""image_height_min"":""2048"",""image_width_max"":""2048"",""image_width_min"":""2048"",""images"":""3"",""materials"":""1"",""meshes"":""1"",""path"":""S/B071SHLFLS.glb"",""textures"":""3"",""vertices"":""2774""}"
338,abo,/vol/bitbucket/ct1022/hy3dpaint_finetune/data/metadata/abo/3dmodels.csv.gz,B071SHLFLX,,,,,,glb,,1256,674,,1,3,,X/B071SHLFLX.glb,5.5000,,,preferred_format:glb;textures:3;materials:1,"technical:preferred_format:glb,textures:3,materials:1","{""3dmodel_id"":""B071SHLFLX"",""extent_x"":""1.7451996803283691"",""extent_y"":""0.0095533998683095"",""extent_z"":""1.1464082598686218"",""faces"":""1256"",""image_height_max"":""4096"",""image_height_min"":""4096"",""image_width_max"":""4096"",""image_width_min"":""4096"",""images"":""3"",""materials"":""1"",""meshes"":""1"",""path"":""X/B071SHLFLX.glb"",""textures"":""3"",""vertices"":""674""}"
339,abo,/vol/bitbucket/ct1022/hy3dpaint_finetune/data/metadata/abo/3dmodels.csv.gz,B071SLGX8T,,,,,,glb,,60196,33390,,1,3,,T/B071SLGX8T.glb,5.5000,,,preferred_format:glb;textures:3;materials:1,"technical:preferred_format:glb,textures:3,materials:1","{""3dmodel_id"":""B071SLGX8T"",""extent_x"":""1.7736550569534302"",""extent_y"":""0.933435320854187"",""extent_z"":""0.8609051406383514"",""faces"":""60196"",""image_height_max"":""4096"",""image_height_min"":""4096"",""image_width_max"":""4096"",""image_width_min"":""4096"",""images"":""3"",""materials"":""1"",""meshes"":""1"",""path"":""T/B071SLGX8T.glb"",""textures"":""3"",""vertices"":""33390""}"
340,abo,/vol/bitbucket/ct1022/hy3dpaint_finetune/data/metadata/abo/3dmodels.csv.gz,B071SLGYB3,,,,,,glb,,19128,12071,,1,3,,3/B071SLGYB3.glb,5.5000,,,preferred_format:glb;textures:3;materials:1,"technical:preferred_format:glb,textures:3,materials:1","{""3dmodel_id"":""B071SLGYB3"",""extent_x"":""2.0877387523651123"",""extent_y"":""0.8621388077735901"",""extent_z"":""0.9353644251823425"",""faces"":""19128"",""image_height_max"":""2048"",""image_height_min"":""2048"",""image_width_max"":""2048"",""image_width_min"":""2048"",""images"":""3"",""materials"":""1"",""meshes"":""1"",""path"":""3/B071SLGYB3.glb"",""textures"":""3"",""vertices"":""12071""}"
341,abo,/vol/bitbucket/ct1022/hy3dpaint_finetune/data/metadata/abo/3dmodels.csv.gz,B071SLGZ3X,,,,,,glb,,15398,8378,,1,3,,X/B071SLGZ3X.glb,5.5000,,,preferred_format:glb;textures:3;materials:1,"technical:preferred_format:glb,textures:3,materials:1","{""3dmodel_id"":""B071SLGZ3X"",""extent_x"":""0.8482971787452698"",""extent_y"":""0.5076825022697449"",""extent_z"":""0.6107263267040253"",""faces"":""15398"",""image_height_max"":""2048"",""image_height_min"":""2048"",""image_width_max"":""2048"",""image_width_min"":""2048"",""images"":""3"",""materials"":""1"",""meshes"":""1"",""path"":""X/B071SLGZ3X.glb"",""textures"":""3"",""vertices"":""8378""}"
342,abo,/vol/bitbucket/ct1022/hy3dpaint_finetune/data/metadata/abo/3dmodels.csv.gz,B071V85DLN,,,,,,glb,,38536,27911,,1,3,,N/B071V85DLN.glb,5.5000,,,preferred_format:glb;textures:3;materials:1,"technical:preferred_format:glb,textures:3,materials:1","{""3dmodel_id"":""B071V85DLN"",""extent_x"":""0.703034907579422"",""extent_y"":""1.126608967781067"",""extent_z"":""0.8850778043270111"",""faces"":""38536"",""image_height_max"":""4096"",""image_height_min"":""2048"",""image_width_max"":""4096"",""image_width_min"":""2048"",""images"":""3"",""materials"":""1"",""meshes"":""1"",""path"":""N/B071V85DLN.glb"",""textures"":""3"",""vertices"":""27911""}"
343,abo,/vol/bitbucket/ct1022/hy3dpaint_finetune/data/metadata/abo/3dmodels.csv.gz,B071V8DQTL,,,,,,glb,,15278,10542,,1,3,,L/B071V8DQTL.glb,5.5000,,,preferred_format:glb;textures:3;materials:1,"technical:preferred_format:glb,textures:3,materials:1","{""3dmodel_id"":""B071V8DQTL"",""extent_x"":""0.707205057144165"",""extent_y"":""1.213146686553955"",""extent_z"":""0.08296919614076614"",""faces"":""15278"",""image_height_max"":""2048"",""image_height_min"":""2048"",""image_width_max"":""2048"",""image_width_min"":""2048"",""images"":""3"",""materials"":""1"",""meshes"":""1"",""path"":""L/B071V8DQTL.glb"",""textures"":""3"",""vertices"":""10542""}"
344,abo,/vol/bitbucket/ct1022/hy3dpaint_finetune/data/metadata/abo/3dmodels.csv.gz,B071V8DQVQ,,,,,,glb,,5402,3385,,1,3,,Q/B071V8DQVQ.glb,5.5000,,,preferred_format:glb;textures:3;materials:1,"technical:preferred_format:glb,textures:3,materials:1","{""3dmodel_id"":""B071V8DQVQ"",""extent_x"":""0.4049467444419861"",""extent_y"":""0.7444576025009155"",""extent_z"":""0.14366468787193298"",""faces"":""5402"",""image_height_max"":""2048"",""image_height_min"":""2048"",""image_width_max"":""2048"",""image_width_min"":""2048"",""images"":""3"",""materials"":""1"",""meshes"":""1"",""path"":""Q/B071V8DQVQ.glb"",""textures"":""3"",""vertices"":""3385""}"
345,abo,/vol/bitbucket/ct1022/hy3dpaint_finetune/data/metadata/abo/3dmodels.csv.gz,B071V8GJX9,,,,,,glb,,484,544,,1,3,,9/B071V8GJX9.glb,5.5000,,,preferred_format:glb;textures:3;materials:1,"technical:preferred_format:glb,textures:3,materials:1","{""3dmodel_id"":""B071V8GJX9"",""extent_x"":""0.7619999349117275"",""extent_y"":""1.219199895858764"",""extent_z"":""0.03809999447464961"",""faces"":""484"",""image_height_max"":""4096"",""image_height_min"":""4096"",""image_width_max"":""4096"",""image_width_min"":""4096"",""images"":""3"",""materials"":""1"",""meshes"":""1"",""path"":""9/B071V8GJX9.glb"",""textures"":""3"",""vertices"":""544""}"
346,abo,/vol/bitbucket/ct1022/hy3dpaint_finetune/data/metadata/abo/3dmodels.csv.gz,B071V8H94C,,,,,,glb,,11160,5802,,1,3,,C/B071V8H94C.glb,5.5000,,,preferred_format:glb;textures:3;materials:1,"technical:preferred_format:glb,textures:3,materials:1","{""3dmodel_id"":""B071V8H94C"",""extent_x"":""0.5852709412574768"",""extent_y"":""0.585271418094635"",""extent_z"":""0.06085270881652827"",""faces"":""11160"",""image_height_max"":""2048"",""image_height_min"":""2048"",""image_width_max"":""2048"",""image_width_min"":""2048"",""images"":""3"",""materials"":""1"",""meshes"":""1"",""path"":""C/B071V8H94C.glb"",""textures"":""3"",""vertices"":""5802""}"
347,abo,/vol/bitbucket/ct1022/hy3dpaint_finetune/data/metadata/abo/3dmodels.csv.gz,B071V8LJQJ,,,,,,glb,,4302,3110,,1,3,,J/B071V8LJQJ.glb,5.5000,,,preferred_format:glb;textures:3;materials:1,"technical:preferred_format:glb,textures:3,materials:1","{""3dmodel_id"":""B071V8LJQJ"",""extent_x"":""0.3817388415336609"",""extent_y"":""0.38050705194473267"",""extent_z"":""0.0196536487340927"",""faces"":""4302"",""image_height_max"":""2048"",""image_height_min"":""2048"",""image_width_max"":""2048"",""image_width_min"":""2048"",""images"":""3"",""materials"":""1"",""meshes"":""1"",""path"":""J/B071V8LJQJ.glb"",""textures"":""3"",""vertices"":""3110""}"
348,abo,/vol/bitbucket/ct1022/hy3dpaint_finetune/data/metadata/abo/3dmodels.csv.gz,B071V8M937,,,,,,glb,,5730,4018,,1,3,,7/B071V8M937.glb,5.5000,,,preferred_format:glb;textures:3;materials:1,"technical:preferred_format:glb,textures:3,materials:1","{""3dmodel_id"":""B071V8M937"",""extent_x"":""0.5091919302940369"",""extent_y"":""0.5070921778678894"",""extent_z"":""0.042397499084472656"",""faces"":""5730"",""image_height_max"":""2048"",""image_height_min"":""2048"",""image_width_max"":""2048"",""image_width_min"":""2048"",""images"":""3"",""materials"":""1"",""meshes"":""1"",""path"":""7/B071V8M937.glb"",""textures"":""3"",""vertices"":""4018""}"
349,abo,/vol/bitbucket/ct1022/hy3dpaint_finetune/data/metadata/abo/3dmodels.csv.gz,B071VR5JSP,,,,,,glb,,299392,157437,,1,3,,P/B071VR5JSP.glb,5.5000,,,preferred_format:glb;textures:3;materials:1,"technical:preferred_format:glb,textures:3,materials:1","{""3dmodel_id"":""B071VR5JSP"",""extent_x"":""0.42976014316082"",""extent_y"":""1.6057099103927612"",""extent_z"":""0.4297601580619812"",""faces"":""299392"",""image_height_max"":""4096"",""image_height_min"":""4096"",""image_width_max"":""4096"",""image_width_min"":""4096"",""images"":""3"",""materials"":""1"",""meshes"":""1"",""path"":""P/B071VR5JSP.glb"",""textures"":""3"",""vertices"":""157437""}"
350,abo,/vol/bitbucket/ct1022/hy3dpaint_finetune/data/metadata/abo/3dmodels.csv.gz,B071W2SCTJ,,,,,,glb,,32278,18680,,1,3,,J/B071W2SCTJ.glb,5.5000,,,preferred_format:glb;textures:3;materials:1,"technical:preferred_format:glb,textures:3,materials:1","{""3dmodel_id"":""B071W2SCTJ"",""extent_x"":""1.764670729637146"",""extent_y"":""1.4870842695236206"",""extent_z"":""2.218244791030884"",""faces"":""32278"",""image_height_max"":""2048"",""image_height_min"":""2048"",""image_width_max"":""2048"",""image_width_min"":""2048"",""images"":""3"",""materials"":""1"",""meshes"":""1"",""path"":""J/B071W2SCTJ.glb"",""textures"":""3"",""vertices"":""18680""}"
351,abo,/vol/bitbucket/ct1022/hy3dpaint_finetune/data/metadata/abo/3dmodels.csv.gz,B071W2XLQJ,,,,,,glb,,8078,4202,,1,3,,J/B071W2XLQJ.glb,5.5000,,,preferred_format:glb;textures:3;materials:1,"technical:preferred_format:glb,textures:3,materials:1","{""3dmodel_id"":""B071W2XLQJ"",""extent_x"":""2.4687172174453735"",""extent_y"":""0.02376985177397728"",""extent_z"":""1.5392457246780396"",""faces"":""8078"",""image_height_max"":""2048"",""image_height_min"":""2048"",""image_width_max"":""2048"",""image_width_min"":""2048"",""images"":""3"",""materials"":""1"",""meshes"":""1"",""path"":""J/B071W2XLQJ.glb"",""textures"":""3"",""vertices"":""4202""}"
352,abo,/vol/bitbucket/ct1022/hy3dpaint_finetune/data/metadata/abo/3dmodels.csv.gz,B071W2XLSC,,,,,,glb,,2816,1732,,1,3,,C/B071W2XLSC.glb,5.5000,,,preferred_format:glb;textures:3;materials:1,"technical:preferred_format:glb,textures:3,materials:1","{""3dmodel_id"":""B071W2XLSC"",""extent_x"":""2.92864727973938"",""extent_y"":""0.011630083434283733"",""extent_z"":""2.300396680831909"",""faces"":""2816"",""image_height_max"":""4096"",""image_height_min"":""4096"",""image_width_max"":""4096"",""image_width_min"":""4096"",""images"":""3"",""materials"":""1"",""meshes"":""1"",""path"":""C/B071W2XLSC.glb"",""textures"":""3"",""vertices"":""1732""}"
353,abo,/vol/bitbucket/ct1022/hy3dpaint_finetune/data/metadata/abo/3dmodels.csv.gz,B071W31P5D,,,,,,glb,,1256,674,,1,3,,D/B071W31P5D.glb,5.5000,,,preferred_format:glb;textures:3;materials:1,"technical:preferred_format:glb,textures:3,materials:1","{""3dmodel_id"":""B071W31P5D"",""extent_x"":""1.7546781301498413"",""extent_y"":""0.009608386084437372"",""extent_z"":""1.153006374835968"",""faces"":""1256"",""image_height_max"":""4096"",""image_height_min"":""4096"",""image_width_max"":""4096"",""image_width_min"":""4096"",""images"":""3"",""materials"":""1"",""meshes"":""1"",""path"":""D/B071W31P5D.glb"",""textures"":""3"",""vertices"":""674""}"
354,abo,/vol/bitbucket/ct1022/hy3dpaint_finetune/data/metadata/abo/3dmodels.csv.gz,B071W31P67,,,,,,glb,,372,259,,1,3,,7/B071W31P67.glb,5.5000,,,preferred_format:glb;textures:3;materials:1,"technical:preferred_format:glb,textures:3,materials:1","{""3dmodel_id"":""B071W31P67"",""extent_x"":""1.7488888502120972"",""extent_y"":""0.014846336096525192"",""extent_z"":""1.1412585377693176"",""faces"":""372"",""image_height_max"":""2048"",""image_height_min"":""2048"",""image_width_max"":""2048"",""image_width_min"":""2048"",""images"":""3"",""materials"":""1"",""meshes"":""1"",""path"":""7/B071W31P67.glb"",""textures"":""3"",""vertices"":""259""}"
355,abo,/vol/bitbucket/ct1022/hy3dpaint_finetune/data/metadata/abo/3dmodels.csv.gz,B071W5V75T,,,,,,glb,,32904,18227,,1,3,,T/B071W5V75T.glb,5.5000,,,preferred_format:glb;textures:3;materials:1,"technical:preferred_format:glb,textures:3,materials:1","{""3dmodel_id"":""B071W5V75T"",""extent_x"":""0.8198316395282745"",""extent_y"":""0.9200794100761414"",""extent_z"":""0.9096540808677673"",""faces"":""32904"",""image_height_max"":""4096"",""image_height_min"":""4096"",""image_width_max"":""4096"",""image_width_min"":""4096"",""images"":""3"",""materials"":""1"",""meshes"":""1"",""path"":""T/B071W5V75T.glb"",""textures"":""3"",""vertices"":""18227""}"
356,abo,/vol/bitbucket/ct1022/hy3dpaint_finetune/data/metadata/abo/3dmodels.csv.gz,B071W5V76G,,,,,,glb,,13394,7814,,1,3,,G/B071W5V76G.glb,5.5000,,,preferred_format:glb;textures:3;materials:1,"technical:preferred_format:glb,textures:3,materials:1","{""3dmodel_id"":""B071W5V76G"",""extent_x"":""1.81313955783844"",""extent_y"":""0.9315295815467834"",""extent_z"":""1.0088995695114136"",""faces"":""13394"",""image_height_max"":""2048"",""image_height_min"":""2048"",""image_width_max"":""2048"",""image_width_min"":""2048"",""images"":""3"",""materials"":""1"",""meshes"":""1"",""path"":""G/B071W5V76G.glb"",""textures"":""3"",""vertices"":""7814""}"
357,abo,/vol/bitbucket/ct1022/hy3dpaint_finetune/data/metadata/abo/3dmodels.csv.gz,B071W5VCTH,,,,,,glb,,60196,33390,,1,3,,H/B071W5VCTH.glb,5.5000,,,preferred_format:glb;textures:3;materials:1,"technical:preferred_format:glb,textures:3,materials:1","{""3dmodel_id"":""B071W5VCTH"",""extent_x"":""1.7736550569534302"",""extent_y"":""0.933435320854187"",""extent_z"":""0.8609051406383514"",""faces"":""60196"",""image_height_max"":""4096"",""image_height_min"":""4096"",""image_width_max"":""4096"",""image_width_min"":""4096"",""images"":""3"",""materials"":""1"",""meshes"":""1"",""path"":""H/B071W5VCTH.glb"",""textures"":""3"",""vertices"":""33390""}"
358,abo,/vol/bitbucket/ct1022/hy3dpaint_finetune/data/metadata/abo/3dmodels.csv.gz,B071W5VCVB,,,,,,glb,,92128,48337,,1,3,,B/B071W5VCVB.glb,5.5000,,,preferred_format:glb;textures:3;materials:1,"technical:preferred_format:glb,textures:3,materials:1","{""3dmodel_id"":""B071W5VCVB"",""extent_x"":""1.404525101184845"",""extent_y"":""0.8775901794433594"",""extent_z"":""1.032148391008377"",""faces"":""92128"",""image_height_max"":""2048"",""image_height_min"":""2048"",""image_width_max"":""2048"",""image_width_min"":""2048"",""images"":""3"",""materials"":""1"",""meshes"":""1"",""path"":""B/B071W5VCVB.glb"",""textures"":""3"",""vertices"":""48337""}"
359,abo,/vol/bitbucket/ct1022/hy3dpaint_finetune/data/metadata/abo/3dmodels.csv.gz,B071W5VD5C,,,,,,glb,,19446,15442,,1,3,,C/B071W5VD5C.glb,5.5000,,,preferred_format:glb;textures:3;materials:1,"technical:preferred_format:glb,textures:3,materials:1","{""3dmodel_id"":""B071W5VD5C"",""extent_x"":""0.8783969879150391"",""extent_y"":""1.0633878707885742"",""extent_z"":""0.9042209982872009"",""faces"":""19446"",""image_height_max"":""2048"",""image_height_min"":""2048"",""image_width_max"":""2048"",""image_width_min"":""2048"",""images"":""3"",""materials"":""1"",""meshes"":""1"",""path"":""C/B071W5VD5C.glb"",""textures"":""3"",""vertices"":""15442""}"
360,abo,/vol/bitbucket/ct1022/hy3dpaint_finetune/data/metadata/abo/3dmodels.csv.gz,B071W5VJ7J,,,,,,glb,,14080,7688,,1,3,,J/B071W5VJ7J.glb,5.5000,,,preferred_format:glb;textures:3;materials:1,"technical:preferred_format:glb,textures:3,materials:1","{""3dmodel_id"":""B071W5VJ7J"",""extent_x"":""0.9838669300079346"",""extent_y"":""0.4531615674495697"",""extent_z"":""0.6861925721168518"",""faces"":""14080"",""image_height_max"":""2048"",""image_height_min"":""2048"",""image_width_max"":""2048"",""image_width_min"":""2048"",""images"":""3"",""materials"":""1"",""meshes"":""1"",""path"":""J/B071W5VJ7J.glb"",""textures"":""3"",""vertices"":""7688""}"
361,abo,/vol/bitbucket/ct1022/hy3dpaint_finetune/data/metadata/abo/3dmodels.csv.gz,B071W5VJ7S,,,,,,glb,,17664,9675,,1,3,,S/B071W5VJ7S.glb,5.5000,,,preferred_format:glb;textures:3;materials:1,"technical:preferred_format:glb,textures:3,materials:1","{""3dmodel_id"":""B071W5VJ7S"",""extent_x"":""0.9773505926132202"",""extent_y"":""0.4513506591320038"",""extent_z"":""0.6939459443092346"",""faces"":""17664"",""image_height_max"":""2048"",""image_height_min"":""2048"",""image_width_max"":""2048"",""image_width_min"":""2048"",""images"":""3"",""materials"":""1"",""meshes"":""1"",""path"":""S/B071W5VJ7S.glb"",""textures"":""3"",""vertices"":""9675""}"
362,abo,/vol/bitbucket/ct1022/hy3dpaint_finetune/data/metadata/abo/3dmodels.csv.gz,B071W5VJ93,,,,,,glb,,9744,5543,,1,3,,3/B071W5VJ93.glb,5.5000,,,preferred_format:glb;textures:3;materials:1,"technical:preferred_format:glb,textures:3,materials:1","{""3dmodel_id"":""B071W5VJ93"",""extent_x"":""0.8345018029212952"",""extent_y"":""0.49677175283432007"",""extent_z"":""0.580918163061142"",""faces"":""9744"",""image_height_max"":""2048"",""image_height_min"":""2048"",""image_width_max"":""2048"",""image_width_min"":""2048"",""images"":""3"",""materials"":""1"",""meshes"":""1"",""path"":""3/B071W5VJ93.glb"",""textures"":""3"",""vertices"":""5543""}"
363,abo,/vol/bitbucket/ct1022/hy3dpaint_finetune/data/metadata/abo/3dmodels.csv.gz,B071W5VJ98,,,,,,glb,,28306,16107,,1,3,,8/B071W5VJ98.glb,5.5000,,,preferred_format:glb;textures:3;materials:1,"technical:preferred_format:glb,textures:3,materials:1","{""3dmodel_id"":""B071W5VJ98"",""extent_x"":""1.3578295707702637"",""extent_y"":""1.0279117822647095"",""extent_z"":""0.8743571937084198"",""faces"":""28306"",""image_height_max"":""2048"",""image_height_min"":""2048"",""image_width_max"":""2048"",""image_width_min"":""2048"",""images"":""3"",""materials"":""1"",""meshes"":""1"",""path"":""8/B071W5VJ98.glb"",""textures"":""3"",""vertices"":""16107""}"
364,abo,/vol/bitbucket/ct1022/hy3dpaint_finetune/data/metadata/abo/3dmodels.csv.gz,B071W5VJF4,,,,,,glb,,20280,11211,,1,3,,4/B071W5VJF4.glb,5.5000,,,preferred_format:glb;textures:3;materials:1,"technical:preferred_format:glb,textures:3,materials:1","{""3dmodel_id"":""B071W5VJF4"",""extent_x"":""0.8205285370349884"",""extent_y"":""0.4409619867801666"",""extent_z"":""0.6108392179012299"",""faces"":""20280"",""image_height_max"":""2048"",""image_height_min"":""2048"",""image_width_max"":""2048"",""image_width_min"":""2048"",""images"":""3"",""materials"":""1"",""meshes"":""1"",""path"":""4/B071W5VJF4.glb"",""textures"":""3"",""vertices"":""11211""}"
365,abo,/vol/bitbucket/ct1022/hy3dpaint_finetune/data/metadata/abo/3dmodels.csv.gz,B071W5VJFK,,,,,,glb,,13316,8206,,1,3,,K/B071W5VJFK.glb,5.5000,,,preferred_format:glb;textures:3;materials:1,"technical:preferred_format:glb,textures:3,materials:1","{""3dmodel_id"":""B071W5VJFK"",""extent_x"":""0.8207139372825623"",""extent_y"":""0.8803703188896179"",""extent_z"":""0.842680424451828"",""faces"":""13316"",""image_height_max"":""2048"",""image_height_min"":""2048"",""image_width_max"":""2048"",""image_width_min"":""2048"",""images"":""3"",""materials"":""1"",""meshes"":""1"",""path"":""K/B071W5VJFK.glb"",""textures"":""3"",""vertices"":""8206""}"
366,abo,/vol/bitbucket/ct1022/hy3dpaint_finetune/data/metadata/abo/3dmodels.csv.gz,B071WSFSGC,,,,,,glb,,34280,19262,,1,3,,C/B071WSFSGC.glb,5.5000,,,preferred_format:glb;textures:3;materials:1,"technical:preferred_format:glb,textures:3,materials:1","{""3dmodel_id"":""B071WSFSGC"",""extent_x"":""0.4965862035751343"",""extent_y"":""0.20151633024215698"",""extent_z"":""0.20156465470790863"",""faces"":""34280"",""image_height_max"":""4096"",""image_height_min"":""4096"",""image_width_max"":""4096"",""image_width_min"":""4096"",""images"":""3"",""materials"":""1"",""meshes"":""1"",""path"":""C/B071WSFSGC.glb"",""textures"":""3"",""vertices"":""19262""}"
367,abo,/vol/bitbucket/ct1022/hy3dpaint_finetune/data/metadata/abo/3dmodels.csv.gz,B071YPWDKL,,,,,,glb,,412,331,,1,3,,L/B071YPWDKL.glb,5.5000,,,preferred_format:glb;textures:3;materials:1,"technical:preferred_format:glb,textures:3,materials:1","{""3dmodel_id"":""B071YPWDKL"",""extent_x"":""0.8123249411582947"",""extent_y"":""2.0320000648498535"",""extent_z"":""0.025400016456842422"",""faces"":""412"",""image_height_max"":""2048"",""image_height_min"":""2048"",""image_width_max"":""2048"",""image_width_min"":""2048"",""images"":""3"",""materials"":""1"",""meshes"":""1"",""path"":""L/B071YPWDKL.glb"",""textures"":""3"",""vertices"":""331""}"
368,abo,/vol/bitbucket/ct1022/hy3dpaint_finetune/data/metadata/abo/3dmodels.csv.gz,B071ZHY8X9,,,,,,glb,,21344,21690,,1,3,,9/B071ZHY8X9.glb,5.5000,,,preferred_format:glb;textures:3;materials:1,"technical:preferred_format:glb,textures:3,materials:1","{""3dmodel_id"":""B071ZHY8X9"",""extent_x"":""1.249997854232788"",""extent_y"":""1.2244125604629517"",""extent_z"":""0.5912379920482635"",""faces"":""21344"",""image_height_max"":""2048"",""image_height_min"":""2048"",""image_width_max"":""2048"",""image_width_min"":""2048"",""images"":""3"",""materials"":""1"",""meshes"":""1"",""path"":""9/B071ZHY8X9.glb"",""textures"":""3"",""vertices"":""21690""}"
369,abo,/vol/bitbucket/ct1022/hy3dpaint_finetune/data/metadata/abo/3dmodels.csv.gz,B071ZJ3X28,,,,,,glb,,2076,1244,,1,3,,8/B071ZJ3X28.glb,5.5000,,,preferred_format:glb;textures:3;materials:1,"technical:preferred_format:glb,textures:3,materials:1","{""3dmodel_id"":""B071ZJ3X28"",""extent_x"":""2.4204766750335693"",""extent_y"":""0.0049786544404923925"",""extent_z"":""1.527764081954956"",""faces"":""2076"",""image_height_max"":""2048"",""image_height_min"":""2048"",""image_width_max"":""2048"",""image_width_min"":""2048"",""images"":""3"",""materials"":""1"",""meshes"":""1"",""path"":""8/B071ZJ3X28.glb"",""textures"":""3"",""vertices"":""1244""}"
370,abo,/vol/bitbucket/ct1022/hy3dpaint_finetune/data/metadata/abo/3dmodels.csv.gz,B071ZJ5X4Y,,,,,,glb,,1700,1040,,1,3,,Y/B071ZJ5X4Y.glb,5.5000,,,preferred_format:glb;textures:3;materials:1,"technical:preferred_format:glb,textures:3,materials:1","{""3dmodel_id"":""B071ZJ5X4Y"",""extent_x"":""2.262539863586426"",""extent_y"":""0.017328772693872452"",""extent_z"":""1.523438811302185"",""faces"":""1700"",""image_height_max"":""2048"",""image_height_min"":""2048"",""image_width_max"":""2048"",""image_width_min"":""2048"",""images"":""3"",""materials"":""1"",""meshes"":""1"",""path"":""Y/B071ZJ5X4Y.glb"",""textures"":""3"",""vertices"":""1040""}"
371,abo,/vol/bitbucket/ct1022/hy3dpaint_finetune/data/metadata/abo/3dmodels.csv.gz,B071ZJ6BGG,,,,,,glb,,440,310,,1,3,,G/B071ZJ6BGG.glb,5.5000,,,preferred_format:glb;textures:3;materials:1,"technical:preferred_format:glb,textures:3,materials:1","{""3dmodel_id"":""B071ZJ6BGG"",""extent_x"":""2.237040877342224"",""extent_y"":""0.01362217776477337"",""extent_z"":""0.6799371540546417"",""faces"":""440"",""image_height_max"":""2048"",""image_height_min"":""2048"",""image_width_max"":""2048"",""image_width_min"":""2048"",""images"":""3"",""materials"":""1"",""meshes"":""1"",""path"":""G/B071ZJ6BGG.glb"",""textures"":""3"",""vertices"":""310""}"
372,abo,/vol/bitbucket/ct1022/hy3dpaint_finetune/data/metadata/abo/3dmodels.csv.gz,B071ZJ6BGN,,,,,,glb,,404,280,,1,3,,N/B071ZJ6BGN.glb,5.5000,,,preferred_format:glb;textures:3;materials:1,"technical:preferred_format:glb,textures:3,materials:1","{""3dmodel_id"":""B071ZJ6BGN"",""extent_x"":""3.197133779525757"",""extent_y"":""0.006349999923259021"",""extent_z"":""2.4382803440093994"",""faces"":""404"",""image_height_max"":""2048"",""image_height_min"":""2048"",""image_width_max"":""2048"",""image_width_min"":""2048"",""images"":""3"",""materials"":""1"",""meshes"":""1"",""path"":""N/B071ZJ6BGN.glb"",""textures"":""3"",""vertices"":""280""}"
373,abo,/vol/bitbucket/ct1022/hy3dpaint_finetune/data/metadata/abo/3dmodels.csv.gz,B071ZJ6BHB,,,,,,glb,,1256,674,,1,3,,B/B071ZJ6BHB.glb,5.5000,,,preferred_format:glb;textures:3;materials:1,"technical:preferred_format:glb,textures:3,materials:1","{""3dmodel_id"":""B071ZJ6BHB"",""extent_x"":""2.134501576423645"",""extent_y"":""0.012699999846518041"",""extent_z"":""1.5239999890327454"",""faces"":""1256"",""image_height_max"":""4096"",""image_height_min"":""4096"",""image_width_max"":""4096"",""image_width_min"":""4096"",""images"":""3"",""materials"":""1"",""meshes"":""1"",""path"":""B/B071ZJ6BHB.glb"",""textures"":""3"",""vertices"":""674""}"
374,abo,/vol/bitbucket/ct1022/hy3dpaint_finetune/data/metadata/abo/3dmodels.csv.gz,B071ZJ6C4W,,,,,,glb,,1700,1040,,1,3,,W/B071ZJ6C4W.glb,5.5000,,,preferred_format:glb;textures:3;materials:1,"technical:preferred_format:glb,textures:3,materials:1","{""3dmodel_id"":""B071ZJ6C4W"",""extent_x"":""1.8461933135986328"",""extent_y"":""0.014139978215098383"",""extent_z"":""1.2430996894836426"",""faces"":""1700"",""image_height_max"":""2048"",""image_height_min"":""2048"",""image_width_max"":""2048"",""image_width_min"":""2048"",""images"":""3"",""materials"":""1"",""meshes"":""1"",""path"":""W/B071ZJ6C4W.glb"",""textures"":""3"",""vertices"":""1040""}"
375,abo,/vol/bitbucket/ct1022/hy3dpaint_finetune/data/metadata/abo/3dmodels.csv.gz,B071ZJ6C5Z,,,,,,glb,,1256,674,,1,3,,Z/B071ZJ6C5Z.glb,5.5000,,,preferred_format:glb;textures:3;materials:1,"technical:preferred_format:glb,textures:3,materials:1","{""3dmodel_id"":""B071ZJ6C5Z"",""extent_x"":""3.364787220954895"",""extent_y"":""0.020043499767780304"",""extent_z"":""2.4518682956695557"",""faces"":""1256"",""image_height_max"":""4096"",""image_height_min"":""4096"",""image_width_max"":""4096"",""image_width_min"":""4096"",""images"":""3"",""materials"":""1"",""meshes"":""1"",""path"":""Z/B071ZJ6C5Z.glb"",""textures"":""3"",""vertices"":""674""}"
376,abo,/vol/bitbucket/ct1022/hy3dpaint_finetune/data/metadata/abo/3dmodels.csv.gz,B071ZJ6C8G,,,,,,glb,,4800,2594,,1,3,,G/B071ZJ6C8G.glb,5.5000,,,preferred_format:glb;textures:3;materials:1,"technical:preferred_format:glb,textures:3,materials:1","{""3dmodel_id"":""B071ZJ6C8G"",""extent_x"":""2.133599877357483"",""extent_y"":""0.009999999776482584"",""extent_z"":""1.5239999294281006"",""faces"":""4800"",""image_height_max"":""4096"",""image_height_min"":""4096"",""image_width_max"":""4096"",""image_width_min"":""4096"",""images"":""3"",""materials"":""1"",""meshes"":""1"",""path"":""G/B071ZJ6C8G.glb"",""textures"":""3"",""vertices"":""2594""}"
377,abo,/vol/bitbucket/ct1022/hy3dpaint_finetune/data/metadata/abo/3dmodels.csv.gz,B071ZJ6CD5,,,,,,glb,,2672,1410,,1,3,,5/B071ZJ6CD5.glb,5.5000,,,preferred_format:glb;textures:3;materials:1,"technical:preferred_format:glb,textures:3,materials:1","{""3dmodel_id"":""B071ZJ6CD5"",""extent_x"":""3.038541078567505"",""extent_y"":""0.019415270537137985"",""extent_z"":""2.419792056083679"",""faces"":""2672"",""image_height_max"":""4096"",""image_height_min"":""4096"",""image_width_max"":""4096"",""image_width_min"":""4096"",""images"":""3"",""materials"":""1"",""meshes"":""1"",""path"":""5/B071ZJ6CD5.glb"",""textures"":""3"",""vertices"":""1410""}"
378,abo,/vol/bitbucket/ct1022/hy3dpaint_finetune/data/metadata/abo/3dmodels.csv.gz,B071ZJ6CDG,,,,,,glb,,5312,2944,,1,3,,G/B071ZJ6CDG.glb,5.5000,,,preferred_format:glb;textures:3;materials:1,"technical:preferred_format:glb,textures:3,materials:1","{""3dmodel_id"":""B071ZJ6CDG"",""extent_x"":""3.043703317642212"",""extent_y"":""0.014827135019004347"",""extent_z"":""2.2257003784179688"",""faces"":""5312"",""image_height_max"":""4096"",""image_height_min"":""4096"",""image_width_max"":""4096"",""image_width_min"":""4096"",""images"":""3"",""materials"":""1"",""meshes"":""1"",""path"":""G/B071ZJ6CDG.glb"",""textures"":""3"",""vertices"":""2944""}"
379,abo,/vol/bitbucket/ct1022/hy3dpaint_finetune/data/metadata/abo/3dmodels.csv.gz,B071ZJ6CF8,,,,,,glb,,105792,84986,,1,3,,8/B071ZJ6CF8.glb,5.5000,,,preferred_format:glb;textures:3;materials:1,"technical:preferred_format:glb,textures:3,materials:1","{""3dmodel_id"":""B071ZJ6CF8"",""extent_x"":""3.047910451889038"",""extent_y"":""0.012758849188685419"",""extent_z"":""2.4389071464538574"",""faces"":""105792"",""image_height_max"":""4096"",""image_height_min"":""4096"",""image_width_max"":""4096"",""image_width_min"":""4096"",""images"":""3"",""materials"":""1"",""meshes"":""1"",""path"":""8/B071ZJ6CF8.glb"",""textures"":""3"",""vertices"":""84986""}"
380,abo,/vol/bitbucket/ct1022/hy3dpaint_finetune/data/metadata/abo/3dmodels.csv.gz,B071ZJ6CK3,,,,,,glb,,5000,2778,,1,3,,3/B071ZJ6CK3.glb,5.5000,,,preferred_format:glb;textures:3;materials:1,"technical:preferred_format:glb,textures:3,materials:1","{""3dmodel_id"":""B071ZJ6CK3"",""extent_x"":""2.896968722343445"",""extent_y"":""0.034933727234601974"",""extent_z"":""2.277249574661255"",""faces"":""5000"",""image_height_max"":""2048"",""image_height_min"":""2048"",""image_width_max"":""2048"",""image_width_min"":""2048"",""images"":""3"",""materials"":""1"",""meshes"":""1"",""path"":""3/B071ZJ6CK3.glb"",""textures"":""3"",""vertices"":""2778""}"
381,abo,/vol/bitbucket/ct1022/hy3dpaint_finetune/data/metadata/abo/3dmodels.csv.gz,B071ZLXSVH,,,,,,glb,,12922,8799,,1,3,,H/B071ZLXSVH.glb,5.5000,,,preferred_format:glb;textures:3;materials:1,"technical:preferred_format:glb,textures:3,materials:1","{""3dmodel_id"":""B071ZLXSVH"",""extent_x"":""1.81313955783844"",""extent_y"":""0.9315419793128967"",""extent_z"":""1.0088995695114136"",""faces"":""12922"",""image_height_max"":""2048"",""image_height_min"":""2048"",""image_width_max"":""2048"",""image_width_min"":""2048"",""images"":""3"",""materials"":""1"",""meshes"":""1"",""path"":""H/B071ZLXSVH.glb"",""textures"":""3"",""vertices"":""8799""}"
382,abo,/vol/bitbucket/ct1022/hy3dpaint_finetune/data/metadata/abo/3dmodels.csv.gz,B071ZLXZQ7,,,,,,glb,,34180,18463,,1,3,,7/B071ZLXZQ7.glb,5.5000,,,preferred_format:glb;textures:3;materials:1,"technical:preferred_format:glb,textures:3,materials:1","{""3dmodel_id"":""B071ZLXZQ7"",""extent_x"":""1.397613286972046"",""extent_y"":""0.9148359298706055"",""extent_z"":""1.0392166078090668"",""faces"":""34180"",""image_height_max"":""2048"",""image_height_min"":""2048"",""image_width_max"":""2048"",""image_width_min"":""2048"",""images"":""3"",""materials"":""1"",""meshes"":""1"",""path"":""7/B071ZLXZQ7.glb"",""textures"":""3"",""vertices"":""18463""}"
383,abo,/vol/bitbucket/ct1022/hy3dpaint_finetune/data/metadata/abo/3dmodels.csv.gz,B071ZLY13G,,,,,,glb,,15124,9448,,1,3,,G/B071ZLY13G.glb,5.5000,,,preferred_format:glb;textures:3;materials:1,"technical:preferred_format:glb,textures:3,materials:1","{""3dmodel_id"":""B071ZLY13G"",""extent_x"":""1.483657956123352"",""extent_y"":""0.8525814414024353"",""extent_z"":""0.941727876663208"",""faces"":""15124"",""image_height_max"":""2048"",""image_height_min"":""2048"",""image_width_max"":""2048"",""image_width_min"":""2048"",""images"":""3"",""materials"":""1"",""meshes"":""1"",""path"":""G/B071ZLY13G.glb"",""textures"":""3"",""vertices"":""9448""}"
384,abo,/vol/bitbucket/ct1022/hy3dpaint_finetune/data/metadata/abo/3dmodels.csv.gz,B071ZLY17F,,,,,,glb,,30294,17123,,1,3,,F/B071ZLY17F.glb,5.5000,,,preferred_format:glb;textures:3;materials:1,"technical:preferred_format:glb,textures:3,materials:1","{""3dmodel_id"":""B071ZLY17F"",""extent_x"":""1.3859577775001526"",""extent_y"":""1.0279117822647095"",""extent_z"":""0.8844491541385651"",""faces"":""30294"",""image_height_max"":""2048"",""image_height_min"":""2048"",""image_width_max"":""2048"",""image_width_min"":""2048"",""images"":""3"",""materials"":""1"",""meshes"":""1"",""path"":""F/B071ZLY17F.glb"",""textures"":""3"",""vertices"":""17123""}"
385,abo,/vol/bitbucket/ct1022/hy3dpaint_finetune/data/metadata/abo/3dmodels.csv.gz,B071ZLY18Y,,,,,,glb,,18888,10626,,1,3,,Y/B071ZLY18Y.glb,5.5000,,,preferred_format:glb;textures:3;materials:1,"technical:preferred_format:glb,textures:3,materials:1","{""3dmodel_id"":""B071ZLY18Y"",""extent_x"":""1.4894944429397583"",""extent_y"":""0.9025790095329285"",""extent_z"":""0.9553826153278351"",""faces"":""18888"",""image_height_max"":""2048"",""image_height_min"":""2048"",""image_width_max"":""2048"",""image_width_min"":""2048"",""images"":""3"",""materials"":""1"",""meshes"":""1"",""path"":""Y/B071ZLY18Y.glb"",""textures"":""3"",""vertices"":""10626""}"
386,abo,/vol/bitbucket/ct1022/hy3dpaint_finetune/data/metadata/abo/3dmodels.csv.gz,B071ZLY1BR,,,,,,glb,,31988,17492,,1,3,,R/B071ZLY1BR.glb,5.5000,,,preferred_format:glb;textures:3;materials:1,"technical:preferred_format:glb,textures:3,materials:1","{""3dmodel_id"":""B071ZLY1BR"",""extent_x"":""2.0127400159835815"",""extent_y"":""0.9454716444015503"",""extent_z"":""0.9348637759685516"",""faces"":""31988"",""image_height_max"":""4096"",""image_height_min"":""4096"",""image_width_max"":""4096"",""image_width_min"":""4096"",""images"":""3"",""materials"":""1"",""meshes"":""1"",""path"":""R/B071ZLY1BR.glb"",""textures"":""3"",""vertices"":""17492""}"
387,abo,/vol/bitbucket/ct1022/hy3dpaint_finetune/data/metadata/abo/3dmodels.csv.gz,B0722L1N3X,,,,,,glb,,9488,7230,,1,3,,X/B0722L1N3X.glb,5.5000,,,preferred_format:glb;textures:3;materials:1,"technical:preferred_format:glb,textures:3,materials:1","{""3dmodel_id"":""B0722L1N3X"",""extent_x"":""0.9073388576507568"",""extent_y"":""0.9073388576507568"",""extent_z"":""0.11107047647237778"",""faces"":""9488"",""image_height_max"":""2048"",""image_height_min"":""2048"",""image_width_max"":""2048"",""image_width_min"":""2048"",""images"":""3"",""materials"":""1"",""meshes"":""1"",""path"":""X/B0722L1N3X.glb"",""textures"":""3"",""vertices"":""7230""}"
388,abo,/vol/bitbucket/ct1022/hy3dpaint_finetune/data/metadata/abo/3dmodels.csv.gz,B0723DD7YV,,,,,,glb,,2304,1254,,1,3,,V/B0723DD7YV.glb,5.5000,,,preferred_format:glb;textures:3;materials:1,"technical:preferred_format:glb,textures:3,materials:1","{""3dmodel_id"":""B0723DD7YV"",""extent_x"":""2.4350115060806274"",""extent_y"":""0.006252356804907322"",""extent_z"":""1.5211207866668701"",""faces"":""2304"",""image_height_max"":""2048"",""image_height_min"":""2048"",""image_width_max"":""2048"",""image_width_min"":""2048"",""images"":""3"",""materials"":""1"",""meshes"":""1"",""path"":""V/B0723DD7YV.glb"",""textures"":""3"",""vertices"":""1254""}"
389,abo,/vol/bitbucket/ct1022/hy3dpaint_finetune/data/metadata/abo/3dmodels.csv.gz,B0723DD7Z6,,,,,,glb,,5000,2778,,1,3,,6/B0723DD7Z6.glb,5.5000,,,preferred_format:glb;textures:3;materials:1,"technical:preferred_format:glb,textures:3,materials:1","{""3dmodel_id"":""B0723DD7Z6"",""extent_x"":""3.0689350366592407"",""extent_y"":""0.025869987905025482"",""extent_z"":""2.4512999057769775"",""faces"":""5000"",""image_height_max"":""4096"",""image_height_min"":""4096"",""image_width_max"":""4096"",""image_width_min"":""4096"",""images"":""3"",""materials"":""1"",""meshes"":""1"",""path"":""6/B0723DD7Z6.glb"",""textures"":""3"",""vertices"":""2778""}"
390,abo,/vol/bitbucket/ct1022/hy3dpaint_finetune/data/metadata/abo/3dmodels.csv.gz,B0723DD7ZJ,,,,,,glb,,2816,1732,,1,3,,J/B0723DD7ZJ.glb,5.5000,,,preferred_format:glb;textures:3;materials:1,"technical:preferred_format:glb,textures:3,materials:1","{""3dmodel_id"":""B0723DD7ZJ"",""extent_x"":""2.4232207536697388"",""extent_y"":""0.009622956626117231"",""extent_z"":""1.5342504978179932"",""faces"":""2816"",""image_height_max"":""2048"",""image_height_min"":""2048"",""image_width_max"":""2048"",""image_width_min"":""2048"",""images"":""3"",""materials"":""1"",""meshes"":""1"",""path"":""J/B0723DD7ZJ.glb"",""textures"":""3"",""vertices"":""1732""}"
391,abo,/vol/bitbucket/ct1022/hy3dpaint_finetune/data/metadata/abo/3dmodels.csv.gz,B0723DDFLQ,,,,,,glb,,5000,2778,,1,3,,Q/B0723DDFLQ.glb,5.5000,,,preferred_format:glb;textures:3;materials:1,"technical:preferred_format:glb,textures:3,materials:1","{""3dmodel_id"":""B0723DDFLQ"",""extent_x"":""3.0857162475585938"",""extent_y"":""0.030132945626974106"",""extent_z"":""2.4892733097076416"",""faces"":""5000"",""image_height_max"":""2048"",""image_height_min"":""2048"",""image_width_max"":""2048"",""image_width_min"":""2048"",""images"":""3"",""materials"":""1"",""meshes"":""1"",""path"":""Q/B0723DDFLQ.glb"",""textures"":""3"",""vertices"":""2778""}"
392,abo,/vol/bitbucket/ct1022/hy3dpaint_finetune/data/metadata/abo/3dmodels.csv.gz,B0723DFX97,,,,,,glb,,2672,1410,,1,3,,7/B0723DFX97.glb,5.5000,,,preferred_format:glb;textures:3;materials:1,"technical:preferred_format:glb,textures:3,materials:1","{""3dmodel_id"":""B0723DFX97"",""extent_x"":""2.2722198963165283"",""extent_y"":""0.014913270249962808"",""extent_z"":""1.4984063506126404"",""faces"":""2672"",""image_height_max"":""2048"",""image_height_min"":""2048"",""image_width_max"":""2048"",""image_width_min"":""2048"",""images"":""3"",""materials"":""1"",""meshes"":""1"",""path"":""7/B0723DFX97.glb"",""textures"":""3"",""vertices"":""1410""}"
393,abo,/vol/bitbucket/ct1022/hy3dpaint_finetune/data/metadata/abo/3dmodels.csv.gz,B0723DG6BR,,,,,,glb,,2880,1554,,1,3,,R/B0723DG6BR.glb,5.5000,,,preferred_format:glb;textures:3;materials:1,"technical:preferred_format:glb,textures:3,materials:1","{""3dmodel_id"":""B0723DG6BR"",""extent_x"":""2.2605998516082764"",""extent_y"":""0.01269999984651804"",""extent_z"":""1.6763999462127686"",""faces"":""2880"",""image_height_max"":""4096"",""image_height_min"":""4096"",""image_width_max"":""4096"",""image_width_min"":""4096"",""images"":""3"",""materials"":""1"",""meshes"":""1"",""path"":""R/B0723DG6BR.glb"",""textures"":""3"",""vertices"":""1554""}"
394,abo,/vol/bitbucket/ct1022/hy3dpaint_finetune/data/metadata/abo/3dmodels.csv.gz,B0723DG6CM,,,,,,glb,,380,244,,1,3,,M/B0723DG6CM.glb,5.5000,,,preferred_format:glb;textures:3;materials:1,"technical:preferred_format:glb,textures:3,materials:1","{""3dmodel_id"":""B0723DG6CM"",""extent_x"":""2.288778066635132"",""extent_y"":""0.012749999761581423"",""extent_z"":""0.6905517578125"",""faces"":""380"",""image_height_max"":""2048"",""image_height_min"":""2048"",""image_width_max"":""2048"",""image_width_min"":""2048"",""images"":""3"",""materials"":""1"",""meshes"":""1"",""path"":""M/B0723DG6CM.glb"",""textures"":""3"",""vertices"":""244""}"
395,abo,/vol/bitbucket/ct1022/hy3dpaint_finetune/data/metadata/abo/3dmodels.csv.gz,B0723DGNG5,,,,,,glb,,1344,718,,1,3,,5/B0723DGNG5.glb,5.5000,,,preferred_format:glb;textures:3;materials:1,"technical:preferred_format:glb,textures:3,materials:1","{""3dmodel_id"":""B0723DGNG5"",""extent_x"":""3.0479999780654907"",""extent_y"":""0.012699999846518041"",""extent_z"":""2.4384000301361084"",""faces"":""1344"",""image_height_max"":""4096"",""image_height_min"":""4096"",""image_width_max"":""4096"",""image_width_min"":""4096"",""images"":""3"",""materials"":""1"",""meshes"":""1"",""path"":""5/B0723DGNG5.glb"",""textures"":""3"",""vertices"":""718""}"
396,abo,/vol/bitbucket/ct1022/hy3dpaint_finetune/data/metadata/abo/3dmodels.csv.gz,B0723DGNGY,,,,,,glb,,3040,1698,,1,3,,Y/B0723DGNGY.glb,5.5000,,,preferred_format:glb;textures:3;materials:1,"technical:preferred_format:glb,textures:3,materials:1","{""3dmodel_id"":""B0723DGNGY"",""extent_x"":""1.8016445636749268"",""extent_y"":""0.012888888828456404"",""extent_z"":""1.1938255429267883"",""faces"":""3040"",""image_height_max"":""4096"",""image_height_min"":""4096"",""image_width_max"":""4096"",""image_width_min"":""4096"",""images"":""3"",""materials"":""1"",""meshes"":""1"",""path"":""Y/B0723DGNGY.glb"",""textures"":""3"",""vertices"":""1698""}"
397,abo,/vol/bitbucket/ct1022/hy3dpaint_finetune/data/metadata/abo/3dmodels.csv.gz,B0723DGNHQ,,,,,,glb,,2880,1554,,1,3,,Q/B0723DGNHQ.glb,5.5000,,,preferred_format:glb;textures:3;materials:1,"technical:preferred_format:glb,textures:3,materials:1","{""3dmodel_id"":""B0723DGNHQ"",""extent_x"":""2.2605998516082764"",""extent_y"":""0.01269999984651804"",""extent_z"":""1.6763999462127686"",""faces"":""2880"",""image_height_max"":""4096"",""image_height_min"":""4096"",""image_width_max"":""4096"",""image_width_min"":""4096"",""images"":""3"",""materials"":""1"",""meshes"":""1"",""path"":""Q/B0723DGNHQ.glb"",""textures"":""3"",""vertices"":""1554""}"
398,abo,/vol/bitbucket/ct1022/hy3dpaint_finetune/data/metadata/abo/3dmodels.csv.gz,B0723DGNJ5,,,,,,glb,,6964,5159,,1,3,,5/B0723DGNJ5.glb,5.5000,,,preferred_format:glb;textures:3;materials:1,"technical:preferred_format:glb,textures:3,materials:1","{""3dmodel_id"":""B0723DGNJ5"",""extent_x"":""2.8951494693756104"",""extent_y"":""0.018016209825873375"",""extent_z"":""2.288468837738037"",""faces"":""6964"",""image_height_max"":""2048"",""image_height_min"":""2048"",""image_width_max"":""2048"",""image_width_min"":""2048"",""images"":""3"",""materials"":""1"",""meshes"":""1"",""path"":""5/B0723DGNJ5.glb"",""textures"":""3"",""vertices"":""5159""}"
399,abo,/vol/bitbucket/ct1022/hy3dpaint_finetune/data/metadata/abo/3dmodels.csv.gz,B0723DGNP6,,,,,,glb,,2016,1086,,1,3,,6/B0723DGNP6.glb,5.5000,,,preferred_format:glb;textures:3;materials:1,"technical:preferred_format:glb,textures:3,materials:1","{""3dmodel_id"":""B0723DGNP6"",""extent_x"":""1.678219735622406"",""extent_y"":""0.012700000777840616"",""extent_z"":""1.0777642130851746"",""faces"":""2016"",""image_height_max"":""4096"",""image_height_min"":""4096"",""image_width_max"":""4096"",""image_width_min"":""4096"",""images"":""3"",""materials"":""1"",""meshes"":""1"",""path"":""6/B0723DGNP6.glb"",""textures"":""3"",""vertices"":""1086""}"
400,abo,/vol/bitbucket/ct1022/hy3dpaint_finetune/data/metadata/abo/3dmodels.csv.gz,B0723DGVR1,,,,,,glb,,416,310,,1,3,,1/B0723DGVR1.glb,5.5000,,,preferred_format:glb;textures:3;materials:1,"technical:preferred_format:glb,textures:3,materials:1","{""3dmodel_id"":""B0723DGVR1"",""extent_x"":""2.8814178705215454"",""extent_y"":""0.019859356805682182"",""extent_z"":""2.269874930381775"",""faces"":""416"",""image_height_max"":""2048"",""image_height_min"":""2048"",""image_width_max"":""2048"",""image_width_min"":""2048"",""images"":""3"",""materials"":""1"",""meshes"":""1"",""path"":""1/B0723DGVR1.glb"",""textures"":""3"",""vertices"":""310""}"
401,abo,/vol/bitbucket/ct1022/hy3dpaint_finetune/data/metadata/abo/3dmodels.csv.gz,B0723H8D37,,,,,,glb,,17780,10236,,1,3,,7/B0723H8D37.glb,5.5000,,,preferred_format:glb;textures:3;materials:1,"technical:preferred_format:glb,textures:3,materials:1","{""3dmodel_id"":""B0723H8D37"",""extent_x"":""0.7641680240631104"",""extent_y"":""1.071829915046692"",""extent_z"":""0.9468262493610382"",""faces"":""17780"",""image_height_max"":""4096"",""image_height_min"":""4096"",""image_width_max"":""4096"",""image_width_min"":""4096"",""images"":""3"",""materials"":""1"",""meshes"":""1"",""path"":""7/B0723H8D37.glb"",""textures"":""3"",""vertices"":""10236""}"
402,abo,/vol/bitbucket/ct1022/hy3dpaint_finetune/data/metadata/abo/3dmodels.csv.gz,B0723H8HJY,,,,,,glb,,120836,67626,,1,3,,Y/B0723H8HJY.glb,5.5000,,,preferred_format:glb;textures:3;materials:1,"technical:preferred_format:glb,textures:3,materials:1","{""3dmodel_id"":""B0723H8HJY"",""extent_x"":""2.4866111278533936"",""extent_y"":""1.0526074171066284"",""extent_z"":""2.5615888833999634"",""faces"":""120836"",""image_height_max"":""2048"",""image_height_min"":""2048"",""image_width_max"":""2048"",""image_width_min"":""2048"",""images"":""3"",""materials"":""1"",""meshes"":""1"",""path"":""Y/B0723H8HJY.glb"",""textures"":""3"",""vertices"":""67626""}"
403,abo,/vol/bitbucket/ct1022/hy3dpaint_finetune/data/metadata/abo/3dmodels.csv.gz,B0723H8HLM,,,,,,glb,,36258,20250,,1,3,,M/B0723H8HLM.glb,5.5000,,,preferred_format:glb;textures:3;materials:1,"technical:preferred_format:glb,textures:3,materials:1","{""3dmodel_id"":""B0723H8HLM"",""extent_x"":""1.8546754121780396"",""extent_y"":""0.9798206686973572"",""extent_z"":""0.9616721570491791"",""faces"":""36258"",""image_height_max"":""2048"",""image_height_min"":""2048"",""image_width_max"":""2048"",""image_width_min"":""2048"",""images"":""3"",""materials"":""1"",""meshes"":""1"",""path"":""M/B0723H8HLM.glb"",""textures"":""3"",""vertices"":""20250""}"
404,abo,/vol/bitbucket/ct1022/hy3dpaint_finetune/data/metadata/abo/3dmodels.csv.gz,B0723H8HN3,,,,,,glb,,32112,17717,,1,3,,3/B0723H8HN3.glb,5.5000,,,preferred_format:glb;textures:3;materials:1,"technical:preferred_format:glb,textures:3,materials:1","{""3dmodel_id"":""B0723H8HN3"",""extent_x"":""1.2026888728141785"",""extent_y"":""0.5169003009796143"",""extent_z"":""1.17050701379776"",""faces"":""32112"",""image_height_max"":""2048"",""image_height_min"":""2048"",""image_width_max"":""2048"",""image_width_min"":""2048"",""images"":""3"",""materials"":""1"",""meshes"":""1"",""path"":""3/B0723H8HN3.glb"",""textures"":""3"",""vertices"":""17717""}"
405,abo,/vol/bitbucket/ct1022/hy3dpaint_finetune/data/metadata/abo/3dmodels.csv.gz,B0723H8JLY,,,,,,glb,,55408,29029,,1,3,,Y/B0723H8JLY.glb,5.5000,,,preferred_format:glb;textures:3;materials:1,"technical:preferred_format:glb,textures:3,materials:1","{""3dmodel_id"":""B0723H8JLY"",""extent_x"":""0.9590751528739929"",""extent_y"":""0.4816875457763672"",""extent_z"":""0.7211532890796661"",""faces"":""55408"",""image_height_max"":""4096"",""image_height_min"":""4096"",""image_width_max"":""4096"",""image_width_min"":""4096"",""images"":""3"",""materials"":""1"",""meshes"":""1"",""path"":""Y/B0723H8JLY.glb"",""textures"":""3"",""vertices"":""29029""}"
406,abo,/vol/bitbucket/ct1022/hy3dpaint_finetune/data/metadata/abo/3dmodels.csv.gz,B0723H8JNN,,,,,,glb,,64137,35114,,1,3,,N/B0723H8JNN.glb,5.5000,,,preferred_format:glb;textures:3;materials:1,"technical:preferred_format:glb,textures:3,materials:1","{""3dmodel_id"":""B0723H8JNN"",""extent_x"":""1.988262414932251"",""extent_y"":""0.8347792029380798"",""extent_z"":""1.068956434726715"",""faces"":""64137"",""image_height_max"":""2048"",""image_height_min"":""2048"",""image_width_max"":""2048"",""image_width_min"":""2048"",""images"":""3"",""materials"":""1"",""meshes"":""1"",""path"":""N/B0723H8JNN.glb"",""textures"":""3"",""vertices"":""35114""}"
407,abo,/vol/bitbucket/ct1022/hy3dpaint_finetune/data/metadata/abo/3dmodels.csv.gz,B0723H8JNR,,,,,,glb,,48257,25748,,1,3,,R/B0723H8JNR.glb,5.5000,,,preferred_format:glb;textures:3;materials:1,"technical:preferred_format:glb,textures:3,materials:1","{""3dmodel_id"":""B0723H8JNR"",""extent_x"":""1.4045251607894897"",""extent_y"":""0.8775901794433594"",""extent_z"":""1.0338912606239319"",""faces"":""48257"",""image_height_max"":""2048"",""image_height_min"":""2048"",""image_width_max"":""2048"",""image_width_min"":""2048"",""images"":""3"",""materials"":""1"",""meshes"":""1"",""path"":""R/B0723H8JNR.glb"",""textures"":""3"",""vertices"":""25748""}"
408,abo,/vol/bitbucket/ct1022/hy3dpaint_finetune/data/metadata/abo/3dmodels.csv.gz,B0723H8JP1,,,,,,glb,,20936,12437,,1,3,,1/B0723H8JP1.glb,5.5000,,,preferred_format:glb;textures:3;materials:1,"technical:preferred_format:glb,textures:3,materials:1","{""3dmodel_id"":""B0723H8JP1"",""extent_x"":""0.766983300447464"",""extent_y"":""0.486331045627594"",""extent_z"":""0.5577964782714844"",""faces"":""20936"",""image_height_max"":""2048"",""image_height_min"":""2048"",""image_width_max"":""2048"",""image_width_min"":""2048"",""images"":""3"",""materials"":""1"",""meshes"":""1"",""path"":""1/B0723H8JP1.glb"",""textures"":""3"",""vertices"":""12437""}"
409,abo,/vol/bitbucket/ct1022/hy3dpaint_finetune/data/metadata/abo/3dmodels.csv.gz,B0723H8JVJ,,,,,,glb,,15124,9343,,1,3,,J/B0723H8JVJ.glb,5.5000,,,preferred_format:glb;textures:3;materials:1,"technical:preferred_format:glb,textures:3,materials:1","{""3dmodel_id"":""B0723H8JVJ"",""extent_x"":""1.483657956123352"",""extent_y"":""0.8525814414024353"",""extent_z"":""0.940445065498352"",""faces"":""15124"",""image_height_max"":""2048"",""image_height_min"":""2048"",""image_width_max"":""2048"",""image_width_min"":""2048"",""images"":""3"",""materials"":""1"",""meshes"":""1"",""path"":""J/B0723H8JVJ.glb"",""textures"":""3"",""vertices"":""9343""}"
410,abo,/vol/bitbucket/ct1022/hy3dpaint_finetune/data/metadata/abo/3dmodels.csv.gz,B0723H8NLD,,,,,,glb,,22524,12447,,1,3,,D/B0723H8NLD.glb,5.5000,,,preferred_format:glb;textures:3;materials:1,"technical:preferred_format:glb,textures:3,materials:1","{""3dmodel_id"":""B0723H8NLD"",""extent_x"":""1.5266772508621216"",""extent_y"":""0.9734538793563843"",""extent_z"":""0.9690270125865936"",""faces"":""22524"",""image_height_max"":""2048"",""image_height_min"":""2048"",""image_width_max"":""2048"",""image_width_min"":""2048"",""images"":""3"",""materials"":""1"",""meshes"":""1"",""path"":""D/B0723H8NLD.glb"",""textures"":""3"",""vertices"":""12447""}"
411,abo,/vol/bitbucket/ct1022/hy3dpaint_finetune/data/metadata/abo/3dmodels.csv.gz,B0723H97GH,,,,,,glb,,13316,8729,,1,3,,H/B0723H97GH.glb,5.5000,,,preferred_format:glb;textures:3;materials:1,"technical:preferred_format:glb,textures:3,materials:1","{""3dmodel_id"":""B0723H97GH"",""extent_x"":""0.8207139372825623"",""extent_y"":""0.8803703188896179"",""extent_z"":""0.842680424451828"",""faces"":""13316"",""image_height_max"":""2048"",""image_height_min"":""2048"",""image_width_max"":""2048"",""image_width_min"":""2048"",""images"":""3"",""materials"":""1"",""meshes"":""1"",""path"":""H/B0723H97GH.glb"",""textures"":""3"",""vertices"":""8729""}"
412,abo,/vol/bitbucket/ct1022/hy3dpaint_finetune/data/metadata/abo/3dmodels.csv.gz,B072555T67,,,,,,glb,,12116,6898,,1,3,,7/B072555T67.glb,5.5000,,,preferred_format:glb;textures:3;materials:1,"technical:preferred_format:glb,textures:3,materials:1","{""3dmodel_id"":""B072555T67"",""extent_x"":""2.0951637029647827"",""extent_y"":""0.7948071956634521"",""extent_z"":""0.8489788770675659"",""faces"":""12116"",""image_height_max"":""4096"",""image_height_min"":""4096"",""image_width_max"":""4096"",""image_width_min"":""4096"",""images"":""3"",""materials"":""1"",""meshes"":""1"",""path"":""7/B072555T67.glb"",""textures"":""3"",""vertices"":""6898""}"
413,abo,/vol/bitbucket/ct1022/hy3dpaint_finetune/data/metadata/abo/3dmodels.csv.gz,B07255WMBH,,,,,,glb,,324,244,,1,3,,H/B07255WMBH.glb,5.5000,,,preferred_format:glb;textures:3;materials:1,"technical:preferred_format:glb,textures:3,materials:1","{""3dmodel_id"":""B07255WMBH"",""extent_x"":""0.8123248815536499"",""extent_y"":""2.0309207439422607"",""extent_z"":""0.02517654374241829"",""faces"":""324"",""image_height_max"":""2048"",""image_height_min"":""2048"",""image_width_max"":""2048"",""image_width_min"":""2048"",""images"":""3"",""materials"":""1"",""meshes"":""1"",""path"":""H/B07255WMBH.glb"",""textures"":""3"",""vertices"":""244""}"
414,abo,/vol/bitbucket/ct1022/hy3dpaint_finetune/data/metadata/abo/3dmodels.csv.gz,B0725NGTKK,,,,,,glb,,19874,13310,,1,3,,K/B0725NGTKK.glb,5.5000,,,preferred_format:glb;textures:3;materials:1,"technical:preferred_format:glb,textures:3,materials:1","{""3dmodel_id"":""B0725NGTKK"",""extent_x"":""0.373922735452652"",""extent_y"":""1.4572837352752686"",""extent_z"":""0.373922735452652"",""faces"":""19874"",""image_height_max"":""4096"",""image_height_min"":""4096"",""image_width_max"":""4096"",""image_width_min"":""4096"",""images"":""3"",""materials"":""1"",""meshes"":""1"",""path"":""K/B0725NGTKK.glb"",""textures"":""3"",""vertices"":""13310""}"
415,abo,/vol/bitbucket/ct1022/hy3dpaint_finetune/data/metadata/abo/3dmodels.csv.gz,B0725Z23G4,,,,,,glb,,19249,18996,,1,3,,4/B0725Z23G4.glb,5.5000,,,preferred_format:glb;textures:3;materials:1,"technical:preferred_format:glb,textures:3,materials:1","{""3dmodel_id"":""B0725Z23G4"",""extent_x"":""1.6092487573623657"",""extent_y"":""0.9709495306015015"",""extent_z"":""0.49904924631118774"",""faces"":""19249"",""image_height_max"":""2048"",""image_height_min"":""2048"",""image_width_max"":""2048"",""image_width_min"":""2048"",""images"":""3"",""materials"":""1"",""meshes"":""1"",""path"":""4/B0725Z23G4.glb"",""textures"":""3"",""vertices"":""18996""}"
416,abo,/vol/bitbucket/ct1022/hy3dpaint_finetune/data/metadata/abo/3dmodels.csv.gz,B0725Z2499,,,,,,glb,,24262,18956,,1,3,,9/B0725Z2499.glb,5.5000,,,preferred_format:glb;textures:3;materials:1,"technical:preferred_format:glb,textures:3,materials:1","{""3dmodel_id"":""B0725Z2499"",""extent_x"":""2.224964141845703"",""extent_y"":""1.9376740455627441"",""extent_z"":""2.5296308994293213"",""faces"":""24262"",""image_height_max"":""2048"",""image_height_min"":""2048"",""image_width_max"":""2048"",""image_width_min"":""2048"",""images"":""3"",""materials"":""1"",""meshes"":""1"",""path"":""9/B0725Z2499.glb"",""textures"":""3"",""vertices"":""18956""}"
417,abo,/vol/bitbucket/ct1022/hy3dpaint_finetune/data/metadata/abo/3dmodels.csv.gz,B0725Z73ZP,,,,,,glb,,3832,6297,,1,3,,P/B0725Z73ZP.glb,5.5000,,,preferred_format:glb;textures:3;materials:1,"technical:preferred_format:glb,textures:3,materials:1","{""3dmodel_id"":""B0725Z73ZP"",""extent_x"":""3.0574285984039307"",""extent_y"":""0.007805469911545518"",""extent_z"":""2.4441864490509033"",""faces"":""3832"",""image_height_max"":""2048"",""image_height_min"":""2048"",""image_width_max"":""2048"",""image_width_min"":""2048"",""images"":""3"",""materials"":""1"",""meshes"":""1"",""path"":""P/B0725Z73ZP.glb"",""textures"":""3"",""vertices"":""6297""}"
418,abo,/vol/bitbucket/ct1022/hy3dpaint_finetune/data/metadata/abo/3dmodels.csv.gz,B0725Z9MWX,,,,,,glb,,500,412,,1,3,,X/B0725Z9MWX.glb,5.5000,,,preferred_format:glb;textures:3;materials:1,"technical:preferred_format:glb,textures:3,materials:1","{""3dmodel_id"":""B0725Z9MWX"",""extent_x"":""2.2829620838165283"",""extent_y"":""0.012606748379766943"",""extent_z"":""1.5473641753196716"",""faces"":""500"",""image_height_max"":""2048"",""image_height_min"":""2048"",""image_width_max"":""2048"",""image_width_min"":""2048"",""images"":""3"",""materials"":""1"",""meshes"":""1"",""path"":""X/B0725Z9MWX.glb"",""textures"":""3"",""vertices"":""412""}"
419,abo,/vol/bitbucket/ct1022/hy3dpaint_finetune/data/metadata/abo/3dmodels.csv.gz,B0725Z9MX3,,,,,,glb,,500,412,,1,3,,3/B0725Z9MX3.glb,5.5000,,,preferred_format:glb;textures:3;materials:1,"technical:preferred_format:glb,textures:3,materials:1","{""3dmodel_id"":""B0725Z9MX3"",""extent_x"":""2.2829620838165283"",""extent_y"":""0.012606748379766943"",""extent_z"":""1.5473641753196716"",""faces"":""500"",""image_height_max"":""2048"",""image_height_min"":""2048"",""image_width_max"":""2048"",""image_width_min"":""2048"",""images"":""3"",""materials"":""1"",""meshes"":""1"",""path"":""3/B0725Z9MX3.glb"",""textures"":""3"",""vertices"":""412""}"
420,abo,/vol/bitbucket/ct1022/hy3dpaint_finetune/data/metadata/abo/3dmodels.csv.gz,B0725Z9MX4,,,,,,glb,,440,352,,1,3,,4/B0725Z9MX4.glb,5.5000,,,preferred_format:glb;textures:3;materials:1,"technical:preferred_format:glb,textures:3,materials:1","{""3dmodel_id"":""B0725Z9MX4"",""extent_x"":""3.2052342891693115"",""extent_y"":""0.012735699303448202"",""extent_z"":""2.4484363794326782"",""faces"":""440"",""image_height_max"":""4096"",""image_height_min"":""4096"",""image_width_max"":""4096"",""image_width_min"":""4096"",""images"":""3"",""materials"":""1"",""meshes"":""1"",""path"":""4/B0725Z9MX4.glb"",""textures"":""3"",""vertices"":""352""}"
421,abo,/vol/bitbucket/ct1022/hy3dpaint_finetune/data/metadata/abo/3dmodels.csv.gz,B0725Z9MXM,,,,,,glb,,11864,11245,,1,3,,M/B0725Z9MXM.glb,5.5000,,,preferred_format:glb;textures:3;materials:1,"technical:preferred_format:glb,textures:3,materials:1","{""3dmodel_id"":""B0725Z9MXM"",""extent_x"":""2.275643467903137"",""extent_y"":""0.014364262111485004"",""extent_z"":""0.6781830191612244"",""faces"":""11864"",""image_height_max"":""2048"",""image_height_min"":""2048"",""image_width_max"":""2048"",""image_width_min"":""2048"",""images"":""3"",""materials"":""1"",""meshes"":""1"",""path"":""M/B0725Z9MXM.glb"",""textures"":""3"",""vertices"":""11245""}"
422,abo,/vol/bitbucket/ct1022/hy3dpaint_finetune/data/metadata/abo/3dmodels.csv.gz,B07263589M,,,,,,glb,,66279,36202,,1,3,,M/B07263589M.glb,5.5000,,,preferred_format:glb;textures:3;materials:1,"technical:preferred_format:glb,textures:3,materials:1","{""3dmodel_id"":""B07263589M"",""extent_x"":""1.988262414932251"",""extent_y"":""0.8332199454307556"",""extent_z"":""1.0824447870254517"",""faces"":""66279"",""image_height_max"":""2048"",""image_height_min"":""2048"",""image_width_max"":""2048"",""image_width_min"":""2048"",""images"":""3"",""materials"":""1"",""meshes"":""1"",""path"":""M/B07263589M.glb"",""textures"":""3"",""vertices"":""36202""}"
423,abo,/vol/bitbucket/ct1022/hy3dpaint_finetune/data/metadata/abo/3dmodels.csv.gz,B07263589Q,,,,,,glb,,22886,12984,,1,3,,Q/B07263589Q.glb,5.5000,,,preferred_format:glb;textures:3;materials:1,"technical:preferred_format:glb,textures:3,materials:1","{""3dmodel_id"":""B07263589Q"",""extent_x"":""0.6836028099060059"",""extent_y"":""0.4628635048866272"",""extent_z"":""0.5408410131931305"",""faces"":""22886"",""image_height_max"":""2048"",""image_height_min"":""2048"",""image_width_max"":""2048"",""image_width_min"":""2048"",""images"":""3"",""materials"":""1"",""meshes"":""1"",""path"":""Q/B07263589Q.glb"",""textures"":""3"",""vertices"":""12984""}"
424,abo,/vol/bitbucket/ct1022/hy3dpaint_finetune/data/metadata/abo/3dmodels.csv.gz,B072635FKH,,,,,,glb,,10580,6534,,1,3,,H/B072635FKH.glb,5.5000,,,preferred_format:glb;textures:3;materials:1,"technical:preferred_format:glb,textures:3,materials:1","{""3dmodel_id"":""B072635FKH"",""extent_x"":""0.9976445436477661"",""extent_y"":""0.9128555655479431"",""extent_z"":""1.042700469493866"",""faces"":""10580"",""image_height_max"":""2048"",""image_height_min"":""2048"",""image_width_max"":""2048"",""image_width_min"":""2048"",""images"":""3"",""materials"":""1"",""meshes"":""1"",""path"":""H/B072635FKH.glb"",""textures"":""3"",""vertices"":""6534""}"
425,abo,/vol/bitbucket/ct1022/hy3dpaint_finetune/data/metadata/abo/3dmodels.csv.gz,B072635FKJ,,,,,,glb,,15646,8493,,1,3,,J/B072635FKJ.glb,5.5000,,,preferred_format:glb;textures:3;materials:1,"technical:preferred_format:glb,textures:3,materials:1","{""3dmodel_id"":""B072635FKJ"",""extent_x"":""0.8482970893383026"",""extent_y"":""0.48194587230682373"",""extent_z"":""0.6107263565063477"",""faces"":""15646"",""image_height_max"":""2048"",""image_height_min"":""2048"",""image_width_max"":""2048"",""image_width_min"":""2048"",""images"":""3"",""materials"":""1"",""meshes"":""1"",""path"":""J/B072635FKJ.glb"",""textures"":""3"",""vertices"":""8493""}"
426,abo,/vol/bitbucket/ct1022/hy3dpaint_finetune/data/metadata/abo/3dmodels.csv.gz,B072635G2P,,,,,,glb,,32452,17747,,1,3,,P/B072635G2P.glb,5.5000,,,preferred_format:glb;textures:3;materials:1,"technical:preferred_format:glb,textures:3,materials:1","{""3dmodel_id"":""B072635G2P"",""extent_x"":""2.298895001411438"",""extent_y"":""0.9224985241889954"",""extent_z"":""1.0397352874279022"",""faces"":""32452"",""image_height_max"":""2048"",""image_height_min"":""2048"",""image_width_max"":""2048"",""image_width_min"":""2048"",""images"":""3"",""materials"":""1"",""meshes"":""1"",""path"":""P/B072635G2P.glb"",""textures"":""3"",""vertices"":""17747""}"
427,abo,/vol/bitbucket/ct1022/hy3dpaint_finetune/data/metadata/abo/3dmodels.csv.gz,B072635G66,,,,,,glb,,35020,19263,,1,3,,6/B072635G66.glb,5.5000,,,preferred_format:glb;textures:3;materials:1,"technical:preferred_format:glb,textures:3,materials:1","{""3dmodel_id"":""B072635G66"",""extent_x"":""1.7389148473739624"",""extent_y"":""0.9947148561477661"",""extent_z"":""0.9058180153369904"",""faces"":""35020"",""image_height_max"":""2048"",""image_height_min"":""2048"",""image_width_max"":""2048"",""image_width_min"":""2048"",""images"":""3"",""materials"":""1"",""meshes"":""1"",""path"":""6/B072635G66.glb"",""textures"":""3"",""vertices"":""19263""}"
428,abo,/vol/bitbucket/ct1022/hy3dpaint_finetune/data/metadata/abo/3dmodels.csv.gz,B072635HS4,,,,,,glb,,39928,23675,,1,3,,4/B072635HS4.glb,5.5000,,,preferred_format:glb;textures:3;materials:1,"technical:preferred_format:glb,textures:3,materials:1","{""3dmodel_id"":""B072635HS4"",""extent_x"":""2.4384000301361084"",""extent_y"":""0.8635998905048154"",""extent_z"":""2.4383997917175293"",""faces"":""39928"",""image_height_max"":""4096"",""image_height_min"":""4096"",""image_width_max"":""4096"",""image_width_min"":""4096"",""images"":""3"",""materials"":""1"",""meshes"":""1"",""path"":""4/B072635HS4.glb"",""textures"":""3"",""vertices"":""23675""}"
429,abo,/vol/bitbucket/ct1022/hy3dpaint_finetune/data/metadata/abo/3dmodels.csv.gz,B072635QWD,,,,,,glb,,31034,17715,,1,3,,D/B072635QWD.glb,5.5000,,,preferred_format:glb;textures:3;materials:1,"technical:preferred_format:glb,textures:3,materials:1","{""3dmodel_id"":""B072635QWD"",""extent_x"":""2.156325578689575"",""extent_y"":""0.9281888604164124"",""extent_z"":""0.9907754361629486"",""faces"":""31034"",""image_height_max"":""2048"",""image_height_min"":""2048"",""image_width_max"":""2048"",""image_width_min"":""2048"",""images"":""3"",""materials"":""1"",""meshes"":""1"",""path"":""D/B072635QWD.glb"",""textures"":""3"",""vertices"":""17715""}"
430,abo,/vol/bitbucket/ct1022/hy3dpaint_finetune/data/metadata/abo/3dmodels.csv.gz,B0727Q5F94,,,,,,glb,,23468,14718,,1,3,,4/B0727Q5F94.glb,5.5000,,,preferred_format:glb;textures:3;materials:1,"technical:preferred_format:glb,textures:3,materials:1","{""3dmodel_id"":""B0727Q5F94"",""extent_x"":""0.2569323778152466"",""extent_y"":""0.26119133830070496"",""extent_z"":""0.20309191942214966"",""faces"":""23468"",""image_height_max"":""4096"",""image_height_min"":""4096"",""image_width_max"":""4096"",""image_width_min"":""4096"",""images"":""3"",""materials"":""1"",""meshes"":""1"",""path"":""4/B0727Q5F94.glb"",""textures"":""3"",""vertices"":""14718""}"
431,abo,/vol/bitbucket/ct1022/hy3dpaint_finetune/data/metadata/abo/3dmodels.csv.gz,B0728KSP2R,,,,,,glb,,18514,11649,,1,3,,R/B0728KSP2R.glb,5.5000,,,preferred_format:glb;textures:3;materials:1,"technical:preferred_format:glb,textures:3,materials:1","{""3dmodel_id"":""B0728KSP2R"",""extent_x"":""0.6007881164550781"",""extent_y"":""0.6250811219215393"",""extent_z"":""0.49366629123687744"",""faces"":""18514"",""image_height_max"":""2048"",""image_height_min"":""2048"",""image_width_max"":""2048"",""image_width_min"":""2048"",""images"":""3"",""materials"":""1"",""meshes"":""1"",""path"":""R/B0728KSP2R.glb"",""textures"":""3"",""vertices"":""11649""}"
432,abo,/vol/bitbucket/ct1022/hy3dpaint_finetune/data/metadata/abo/3dmodels.csv.gz,B0728KSP2T,,,,,,glb,,16200,9570,,1,3,,T/B0728KSP2T.glb,5.5000,,,preferred_format:glb;textures:3;materials:1,"technical:preferred_format:glb,textures:3,materials:1","{""3dmodel_id"":""B0728KSP2T"",""extent_x"":""1.0807700157165527"",""extent_y"":""1.4314308166503906"",""extent_z"":""0.5576468706130981"",""faces"":""16200"",""image_height_max"":""2048"",""image_height_min"":""2048"",""image_width_max"":""2048"",""image_width_min"":""2048"",""images"":""3"",""materials"":""1"",""meshes"":""1"",""path"":""T/B0728KSP2T.glb"",""textures"":""3"",""vertices"":""9570""}"
433,abo,/vol/bitbucket/ct1022/hy3dpaint_finetune/data/metadata/abo/3dmodels.csv.gz,B0728KSP33,,,,,,glb,,7919,5953,,1,3,,3/B0728KSP33.glb,5.5000,,,preferred_format:glb;textures:3;materials:1,"technical:preferred_format:glb,textures:3,materials:1","{""3dmodel_id"":""B0728KSP33"",""extent_x"":""0.5574886798858643"",""extent_y"":""0.6093218326568604"",""extent_z"":""0.4485156238079071"",""faces"":""7919"",""image_height_max"":""2048"",""image_height_min"":""2048"",""image_width_max"":""2048"",""image_width_min"":""2048"",""images"":""3"",""materials"":""1"",""meshes"":""1"",""path"":""3/B0728KSP33.glb"",""textures"":""3"",""vertices"":""5953""}"
434,abo,/vol/bitbucket/ct1022/hy3dpaint_finetune/data/metadata/abo/3dmodels.csv.gz,B0728NVXWL,,,,,,glb,,32452,17747,,1,3,,L/B0728NVXWL.glb,5.5000,,,preferred_format:glb;textures:3;materials:1,"technical:preferred_format:glb,textures:3,materials:1","{""3dmodel_id"":""B0728NVXWL"",""extent_x"":""2.298895001411438"",""extent_y"":""0.9224985241889954"",""extent_z"":""1.0397352874279022"",""faces"":""32452"",""image_height_max"":""2048"",""image_height_min"":""2048"",""image_width_max"":""2048"",""image_width_min"":""2048"",""images"":""3"",""materials"":""1"",""meshes"":""1"",""path"":""L/B0728NVXWL.glb"",""textures"":""3"",""vertices"":""17747""}"
435,abo,/vol/bitbucket/ct1022/hy3dpaint_finetune/data/metadata/abo/3dmodels.csv.gz,B0728NW8C4,,,,,,glb,,34180,18464,,1,3,,4/B0728NW8C4.glb,5.5000,,,preferred_format:glb;textures:3;materials:1,"technical:preferred_format:glb,textures:3,materials:1","{""3dmodel_id"":""B0728NW8C4"",""extent_x"":""1.397613286972046"",""extent_y"":""0.9148359298706055"",""extent_z"":""1.0392166078090668"",""faces"":""34180"",""image_height_max"":""2048"",""image_height_min"":""2048"",""image_width_max"":""2048"",""image_width_min"":""2048"",""images"":""3"",""materials"":""1"",""meshes"":""1"",""path"":""4/B0728NW8C4.glb"",""textures"":""3"",""vertices"":""18464""}"
436,abo,/vol/bitbucket/ct1022/hy3dpaint_finetune/data/metadata/abo/3dmodels.csv.gz,B0728NW8DV,,,,,,glb,,21222,12281,,1,3,,V/B0728NW8DV.glb,5.5000,,,preferred_format:glb;textures:3;materials:1,"technical:preferred_format:glb,textures:3,materials:1","{""3dmodel_id"":""B0728NW8DV"",""extent_x"":""2.6219091415405273"",""extent_y"":""0.8003942966461182"",""extent_z"":""2.7421364784240723"",""faces"":""21222"",""image_height_max"":""2048"",""image_height_min"":""2048"",""image_width_max"":""2048"",""image_width_min"":""2048"",""images"":""3"",""materials"":""1"",""meshes"":""1"",""path"":""V/B0728NW8DV.glb"",""textures"":""3"",""vertices"":""12281""}"
437,abo,/vol/bitbucket/ct1022/hy3dpaint_finetune/data/metadata/abo/3dmodels.csv.gz,B0728NW8FP,,,,,,glb,,8212,4612,,2,3,,P/B0728NW8FP.glb,5.5000,,,preferred_format:glb;textures:3;materials:2,"technical:preferred_format:glb,textures:3,materials:2","{""3dmodel_id"":""B0728NW8FP"",""extent_x"":""0.5214626789093018"",""extent_y"":""0.805526077747345"",""extent_z"":""0.5505020022392273"",""faces"":""8212"",""image_height_max"":""4096"",""image_height_min"":""4096"",""image_width_max"":""4096"",""image_width_min"":""4096"",""images"":""3"",""materials"":""2"",""meshes"":""1"",""path"":""P/B0728NW8FP.glb"",""textures"":""3"",""vertices"":""4612""}"
438,abo,/vol/bitbucket/ct1022/hy3dpaint_finetune/data/metadata/abo/3dmodels.csv.gz,B0728NWFCG,,,,,,glb,,63032,34547,,1,3,,G/B0728NWFCG.glb,5.5000,,,preferred_format:glb;textures:3;materials:1,"technical:preferred_format:glb,textures:3,materials:1","{""3dmodel_id"":""B0728NWFCG"",""extent_x"":""1.6897469758987427"",""extent_y"":""0.656488299369812"",""extent_z"":""0.9604198932647705"",""faces"":""63032"",""image_height_max"":""2048"",""image_height_min"":""2048"",""image_width_max"":""2048"",""image_width_min"":""2048"",""images"":""3"",""materials"":""1"",""meshes"":""1"",""path"":""G/B0728NWFCG.glb"",""textures"":""3"",""vertices"":""34547""}"
439,abo,/vol/bitbucket/ct1022/hy3dpaint_finetune/data/metadata/abo/3dmodels.csv.gz,B0728NWFGY,,,,,,glb,,10376,6256,,1,3,,Y/B0728NWFGY.glb,5.5000,,,preferred_format:glb;textures:3;materials:1,"technical:preferred_format:glb,textures:3,materials:1","{""3dmodel_id"":""B0728NWFGY"",""extent_x"":""0.5199310779571533"",""extent_y"":""0.42968398332595825"",""extent_z"":""0.5199311971664429"",""faces"":""10376"",""image_height_max"":""2048"",""image_height_min"":""2048"",""image_width_max"":""2048"",""image_width_min"":""2048"",""images"":""3"",""materials"":""1"",""meshes"":""1"",""path"":""Y/B0728NWFGY.glb"",""textures"":""3"",""vertices"":""6256""}"
440,abo,/vol/bitbucket/ct1022/hy3dpaint_finetune/data/metadata/abo/3dmodels.csv.gz,B072C5SJ6V,,,,,,glb,,3072,1734,,1,3,,V/B072C5SJ6V.glb,5.5000,,,preferred_format:glb;textures:3;materials:1,"technical:preferred_format:glb,textures:3,materials:1","{""3dmodel_id"":""B072C5SJ6V"",""extent_x"":""2.1419821977615356"",""extent_y"":""0.009666379541158676"",""extent_z"":""1.5325679779052734"",""faces"":""3072"",""image_height_max"":""2048"",""image_height_min"":""2048"",""image_width_max"":""2048"",""image_width_min"":""2048"",""images"":""3"",""materials"":""1"",""meshes"":""1"",""path"":""V/B072C5SJ6V.glb"",""textures"":""3"",""vertices"":""1734""}"
441,abo,/vol/bitbucket/ct1022/hy3dpaint_finetune/data/metadata/abo/3dmodels.csv.gz,B072C5SJ8B,,,,,,glb,,17024,8842,,1,3,,B/B072C5SJ8B.glb,5.5000,,,preferred_format:glb;textures:3;materials:1,"technical:preferred_format:glb,textures:3,materials:1","{""3dmodel_id"":""B072C5SJ8B"",""extent_x"":""2.8731486797332764"",""extent_y"":""0.0500294491648674"",""extent_z"":""2.2421672344207764"",""faces"":""17024"",""image_height_max"":""4096"",""image_height_min"":""4096"",""image_width_max"":""4096"",""image_width_min"":""4096"",""images"":""3"",""materials"":""1"",""meshes"":""1"",""path"":""B/B072C5SJ8B.glb"",""textures"":""3"",""vertices"":""8842""}"
442,abo,/vol/bitbucket/ct1022/hy3dpaint_finetune/data/metadata/abo/3dmodels.csv.gz,B072C5W36Q,,,,,,glb,,1776,986,,1,3,,Q/B072C5W36Q.glb,5.5000,,,preferred_format:glb;textures:3;materials:1,"technical:preferred_format:glb,textures:3,materials:1","{""3dmodel_id"":""B072C5W36Q"",""extent_x"":""2.1318963766098022"",""extent_y"":""0.014913259074091913"",""extent_z"":""1.5257019400596619"",""faces"":""1776"",""image_height_max"":""2048"",""image_height_min"":""2048"",""image_width_max"":""2048"",""image_width_min"":""2048"",""images"":""3"",""materials"":""1"",""meshes"":""1"",""path"":""Q/B072C5W36Q.glb"",""textures"":""3"",""vertices"":""986""}"
443,abo,/vol/bitbucket/ct1022/hy3dpaint_finetune/data/metadata/abo/3dmodels.csv.gz,B072C5WNWW,,,,,,glb,,644,536,,1,3,,W/B072C5WNWW.glb,5.5000,,,preferred_format:glb;textures:3;materials:1,"technical:preferred_format:glb,textures:3,materials:1","{""3dmodel_id"":""B072C5WNWW"",""extent_x"":""3.0329246520996094"",""extent_y"":""0.012342209927737715"",""extent_z"":""2.4323644638061523"",""faces"":""644"",""image_height_max"":""2048"",""image_height_min"":""2048"",""image_width_max"":""2048"",""image_width_min"":""2048"",""images"":""3"",""materials"":""1"",""meshes"":""1"",""path"":""W/B072C5WNWW.glb"",""textures"":""3"",""vertices"":""536""}"
444,abo,/vol/bitbucket/ct1022/hy3dpaint_finetune/data/metadata/abo/3dmodels.csv.gz,B072C5WNZB,,,,,,glb,,1328,942,,1,3,,B/B072C5WNZB.glb,5.5000,,,preferred_format:glb;textures:3;materials:1,"technical:preferred_format:glb,textures:3,materials:1","{""3dmodel_id"":""B072C5WNZB"",""extent_x"":""1.803395390510559"",""extent_y"":""0.012888889759778978"",""extent_z"":""1.1931235790252686"",""faces"":""1328"",""image_height_max"":""4096"",""image_height_min"":""4096"",""image_width_max"":""4096"",""image_width_min"":""4096"",""images"":""3"",""materials"":""1"",""meshes"":""1"",""path"":""B/B072C5WNZB.glb"",""textures"":""3"",""vertices"":""942""}"
445,abo,/vol/bitbucket/ct1022/hy3dpaint_finetune/data/metadata/abo/3dmodels.csv.gz,B072C5WNZF,,,,,,glb,,1328,942,,1,3,,F/B072C5WNZF.glb,5.5000,,,preferred_format:glb;textures:3;materials:1,"technical:preferred_format:glb,textures:3,materials:1","{""3dmodel_id"":""B072C5WNZF"",""extent_x"":""2.2127548456192017"",""extent_y"":""0.012888888828456404"",""extent_z"":""1.5941877961158752"",""faces"":""1328"",""image_height_max"":""4096"",""image_height_min"":""4096"",""image_width_max"":""4096"",""image_width_min"":""4096"",""images"":""3"",""materials"":""1"",""meshes"":""1"",""path"":""F/B072C5WNZF.glb"",""textures"":""3"",""vertices"":""942""}"
446,abo,/vol/bitbucket/ct1022/hy3dpaint_finetune/data/metadata/abo/3dmodels.csv.gz,B072C5WNZP,,,,,,glb,,4032,2372,,1,3,,P/B072C5WNZP.glb,5.5000,,,preferred_format:glb;textures:3;materials:1,"technical:preferred_format:glb,textures:3,materials:1","{""3dmodel_id"":""B072C5WNZP"",""extent_x"":""3.200290560722351"",""extent_y"":""0.012333258055150509"",""extent_z"":""2.4381641149520874"",""faces"":""4032"",""image_height_max"":""4096"",""image_height_min"":""4096"",""image_width_max"":""4096"",""image_width_min"":""4096"",""images"":""3"",""materials"":""1"",""meshes"":""1"",""path"":""P/B072C5WNZP.glb"",""textures"":""3"",""vertices"":""2372""}"
447,abo,/vol/bitbucket/ct1022/hy3dpaint_finetune/data/metadata/abo/3dmodels.csv.gz,B072C5WP17,,,,,,glb,,3920,2315,,1,3,,7/B072C5WP17.glb,5.5000,,,preferred_format:glb;textures:3;materials:1,"technical:preferred_format:glb,textures:3,materials:1","{""3dmodel_id"":""B072C5WP17"",""extent_x"":""2.301010012626648"",""extent_y"":""0.017252890393137932"",""extent_z"":""0.6921526193618774"",""faces"":""3920"",""image_height_max"":""2048"",""image_height_min"":""2048"",""image_width_max"":""2048"",""image_width_min"":""2048"",""images"":""3"",""materials"":""1"",""meshes"":""1"",""path"":""7/B072C5WP17.glb"",""textures"":""3"",""vertices"":""2315""}"
448,abo,/vol/bitbucket/ct1022/hy3dpaint_finetune/data/metadata/abo/3dmodels.csv.gz,B072C5WP1M,,,,,,glb,,1256,674,,1,3,,M/B072C5WP1M.glb,5.5000,,,preferred_format:glb;textures:3;materials:1,"technical:preferred_format:glb,textures:3,materials:1","{""3dmodel_id"":""B072C5WP1M"",""extent_x"":""1.7482410669326782"",""extent_y"":""0.009519523009657862"",""extent_z"":""1.142342746257782"",""faces"":""1256"",""image_height_max"":""4096"",""image_height_min"":""4096"",""image_width_max"":""4096"",""image_width_min"":""4096"",""images"":""3"",""materials"":""1"",""meshes"":""1"",""path"":""M/B072C5WP1M.glb"",""textures"":""3"",""vertices"":""674""}"
449,abo,/vol/bitbucket/ct1022/hy3dpaint_finetune/data/metadata/abo/3dmodels.csv.gz,B072C8PZ2J,,,,,,glb,,10806,6065,,1,3,,J/B072C8PZ2J.glb,5.5000,,,preferred_format:glb;textures:3;materials:1,"technical:preferred_format:glb,textures:3,materials:1","{""3dmodel_id"":""B072C8PZ2J"",""extent_x"":""1.1496039628982544"",""extent_y"":""0.8778883218765259"",""extent_z"":""0.9568568468093872"",""faces"":""10806"",""image_height_max"":""2048"",""image_height_min"":""2048"",""image_width_max"":""2048"",""image_width_min"":""2048"",""images"":""3"",""materials"":""1"",""meshes"":""1"",""path"":""J/B072C8PZ2J.glb"",""textures"":""3"",""vertices"":""6065""}"
450,abo,/vol/bitbucket/ct1022/hy3dpaint_finetune/data/metadata/abo/3dmodels.csv.gz,B072C8Q4SG,,,,,,glb,,25028,13294,,1,3,,G/B072C8Q4SG.glb,5.5000,,,preferred_format:glb;textures:3;materials:1,"technical:preferred_format:glb,textures:3,materials:1","{""3dmodel_id"":""B072C8Q4SG"",""extent_x"":""0.5381270945072174"",""extent_y"":""0.8462336659431458"",""extent_z"":""0.6404624581336975"",""faces"":""25028"",""image_height_max"":""2048"",""image_height_min"":""2048"",""image_width_max"":""2048"",""image_width_min"":""2048"",""images"":""3"",""materials"":""1"",""meshes"":""1"",""path"":""G/B072C8Q4SG.glb"",""textures"":""3"",""vertices"":""13294""}"
451,abo,/vol/bitbucket/ct1022/hy3dpaint_finetune/data/metadata/abo/3dmodels.csv.gz,B072C8Q4WQ,,,,,,glb,,15034,8697,,1,3,,Q/B072C8Q4WQ.glb,5.5000,,,preferred_format:glb;textures:3;materials:1,"technical:preferred_format:glb,textures:3,materials:1","{""3dmodel_id"":""B072C8Q4WQ"",""extent_x"":""1.0985038876533508"",""extent_y"":""0.9584092497825623"",""extent_z"":""0.9044830799102783"",""faces"":""15034"",""image_height_max"":""4096"",""image_height_min"":""4096"",""image_width_max"":""4096"",""image_width_min"":""4096"",""images"":""3"",""materials"":""1"",""meshes"":""1"",""path"":""Q/B072C8Q4WQ.glb"",""textures"":""3"",""vertices"":""8697""}"
452,abo,/vol/bitbucket/ct1022/hy3dpaint_finetune/data/metadata/abo/3dmodels.csv.gz,B072C8Q4WV,,,,,,glb,,49724,26670,,1,3,,V/B072C8Q4WV.glb,5.5000,,,preferred_format:glb;textures:3;materials:1,"technical:preferred_format:glb,textures:3,materials:1","{""3dmodel_id"":""B072C8Q4WV"",""extent_x"":""1.0963094234466553"",""extent_y"":""0.9371828436851501"",""extent_z"":""0.9034652411937714"",""faces"":""49724"",""image_height_max"":""4096"",""image_height_min"":""4096"",""image_width_max"":""4096"",""image_width_min"":""4096"",""images"":""3"",""materials"":""1"",""meshes"":""1"",""path"":""V/B072C8Q4WV.glb"",""textures"":""3"",""vertices"":""26670""}"
453,abo,/vol/bitbucket/ct1022/hy3dpaint_finetune/data/metadata/abo/3dmodels.csv.gz,B072C8Q5DY,,,,,,glb,,13394,7814,,1,3,,Y/B072C8Q5DY.glb,5.5000,,,preferred_format:glb;textures:3;materials:1,"technical:preferred_format:glb,textures:3,materials:1","{""3dmodel_id"":""B072C8Q5DY"",""extent_x"":""2.1634087562561035"",""extent_y"":""0.8809570074081421"",""extent_z"":""0.9541267156600952"",""faces"":""13394"",""image_height_max"":""2048"",""image_height_min"":""2048"",""image_width_max"":""2048"",""image_width_min"":""2048"",""images"":""3"",""materials"":""1"",""meshes"":""1"",""path"":""Y/B072C8Q5DY.glb"",""textures"":""3"",""vertices"":""7814""}"
454,abo,/vol/bitbucket/ct1022/hy3dpaint_finetune/data/metadata/abo/3dmodels.csv.gz,B072C8Q9JB,,,,,,glb,,121936,68210,,1,3,,B/B072C8Q9JB.glb,5.5000,,,preferred_format:glb;textures:3;materials:1,"technical:preferred_format:glb,textures:3,materials:1","{""3dmodel_id"":""B072C8Q9JB"",""extent_x"":""2.1891067028045654"",""extent_y"":""0.9387997984886169"",""extent_z"":""2.181597948074341"",""faces"":""121936"",""image_height_max"":""2048"",""image_height_min"":""2048"",""image_width_max"":""2048"",""image_width_min"":""2048"",""images"":""3"",""materials"":""1"",""meshes"":""1"",""path"":""B/B072C8Q9JB.glb"",""textures"":""3"",""vertices"":""68210""}"
455,abo,/vol/bitbucket/ct1022/hy3dpaint_finetune/data/metadata/abo/3dmodels.csv.gz,B072C8Q9N5,,,,,,glb,,21664,12349,,1,3,,5/B072C8Q9N5.glb,5.5000,,,preferred_format:glb;textures:3;materials:1,"technical:preferred_format:glb,textures:3,materials:1","{""3dmodel_id"":""B072C8Q9N5"",""extent_x"":""2.214240074157715"",""extent_y"":""1.0047855377197266"",""extent_z"":""0.8678291141986847"",""faces"":""21664"",""image_height_max"":""2048"",""image_height_min"":""2048"",""image_width_max"":""2048"",""image_width_min"":""2048"",""images"":""3"",""materials"":""1"",""meshes"":""1"",""path"":""5/B072C8Q9N5.glb"",""textures"":""3"",""vertices"":""12349""}"
456,abo,/vol/bitbucket/ct1022/hy3dpaint_finetune/data/metadata/abo/3dmodels.csv.gz,B072C8Q9RF,,,,,,glb,,7024,5281,,1,3,,F/B072C8Q9RF.glb,5.5000,,,preferred_format:glb;textures:3;materials:1,"technical:preferred_format:glb,textures:3,materials:1","{""3dmodel_id"":""B072C8Q9RF"",""extent_x"":""2.311817765235901"",""extent_y"":""0.7915421724319458"",""extent_z"":""0.9688874781131744"",""faces"":""7024"",""image_height_max"":""2048"",""image_height_min"":""2048"",""image_width_max"":""2048"",""image_width_min"":""2048"",""images"":""3"",""materials"":""1"",""meshes"":""1"",""path"":""F/B072C8Q9RF.glb"",""textures"":""3"",""vertices"":""5281""}"
457,abo,/vol/bitbucket/ct1022/hy3dpaint_finetune/data/metadata/abo/3dmodels.csv.gz,B072C8Q9S8,,,,,,glb,,16340,9393,,1,3,,8/B072C8Q9S8.glb,5.5000,,,preferred_format:glb;textures:3;materials:1,"technical:preferred_format:glb,textures:3,materials:1","{""3dmodel_id"":""B072C8Q9S8"",""extent_x"":""1.6587706804275513"",""extent_y"":""0.9065982103347778"",""extent_z"":""0.9991028010845184"",""faces"":""16340"",""image_height_max"":""2048"",""image_height_min"":""2048"",""image_width_max"":""2048"",""image_width_min"":""2048"",""images"":""3"",""materials"":""1"",""meshes"":""1"",""path"":""8/B072C8Q9S8.glb"",""textures"":""3"",""vertices"":""9393""}"
458,abo,/vol/bitbucket/ct1022/hy3dpaint_finetune/data/metadata/abo/3dmodels.csv.gz,B072C8QG7V,,,,,,glb,,20622,11744,,1,3,,V/B072C8QG7V.glb,5.5000,,,preferred_format:glb;textures:3;materials:1,"technical:preferred_format:glb,textures:3,materials:1","{""3dmodel_id"":""B072C8QG7V"",""extent_x"":""1.9001694917678833"",""extent_y"":""0.8652939200401306"",""extent_z"":""0.8769870698451996"",""faces"":""20622"",""image_height_max"":""2048"",""image_height_min"":""2048"",""image_width_max"":""2048"",""image_width_min"":""2048"",""images"":""3"",""materials"":""1"",""meshes"":""1"",""path"":""V/B072C8QG7V.glb"",""textures"":""3"",""vertices"":""11744""}"
459,abo,/vol/bitbucket/ct1022/hy3dpaint_finetune/data/metadata/abo/3dmodels.csv.gz,B072FRKS3D,,,,,,glb,,1584,1342,,1,3,,D/B072FRKS3D.glb,5.5000,,,preferred_format:glb;textures:3;materials:1,"technical:preferred_format:glb,textures:3,materials:1","{""3dmodel_id"":""B072FRKS3D"",""extent_x"":""2.2941596508026123"",""extent_y"":""0.01443671714514494"",""extent_z"":""0.7040925621986389"",""faces"":""1584"",""image_height_max"":""2048"",""image_height_min"":""2048"",""image_width_max"":""2048"",""image_width_min"":""2048"",""images"":""3"",""materials"":""1"",""meshes"":""1"",""path"":""D/B072FRKS3D.glb"",""textures"":""3"",""vertices"":""1342""}"
460,abo,/vol/bitbucket/ct1022/hy3dpaint_finetune/data/metadata/abo/3dmodels.csv.gz,B072FRNXPN,,,,,,glb,,3712,2098,,1,3,,N/B072FRNXPN.glb,5.5000,,,preferred_format:glb;textures:3;materials:1,"technical:preferred_format:glb,textures:3,materials:1","{""3dmodel_id"":""B072FRNXPN"",""extent_x"":""3.0408668518066406"",""extent_y"":""0.019635967910289764"",""extent_z"":""2.41318941116333"",""faces"":""3712"",""image_height_max"":""2048"",""image_height_min"":""2048"",""image_width_max"":""2048"",""image_width_min"":""2048"",""images"":""3"",""materials"":""1"",""meshes"":""1"",""path"":""N/B072FRNXPN.glb"",""textures"":""3"",""vertices"":""2098""}"
461,abo,/vol/bitbucket/ct1022/hy3dpaint_finetune/data/metadata/abo/3dmodels.csv.gz,B072FRNXQC,,,,,,glb,,7504,4046,,1,3,,C/B072FRNXQC.glb,5.5000,,,preferred_format:glb;textures:3;materials:1,"technical:preferred_format:glb,textures:3,materials:1","{""3dmodel_id"":""B072FRNXQC"",""extent_x"":""2.133999824523926"",""extent_y"":""0.012999999336898327"",""extent_z"":""1.5239999294281006"",""faces"":""7504"",""image_height_max"":""4096"",""image_height_min"":""4096"",""image_width_max"":""4096"",""image_width_min"":""4096"",""images"":""3"",""materials"":""1"",""meshes"":""1"",""path"":""C/B072FRNXQC.glb"",""textures"":""3"",""vertices"":""4046""}"
462,abo,/vol/bitbucket/ct1022/hy3dpaint_finetune/data/metadata/abo/3dmodels.csv.gz,B072FVHNS7,,,,,,glb,,35404,20197,,1,3,,7/B072FVHNS7.glb,5.5000,,,preferred_format:glb;textures:3;materials:1,"technical:preferred_format:glb,textures:3,materials:1","{""3dmodel_id"":""B072FVHNS7"",""extent_x"":""2.145892858505249"",""extent_y"":""0.9619609117507935"",""extent_z"":""0.901393711566925"",""faces"":""35404"",""image_height_max"":""2048"",""image_height_min"":""2048"",""image_width_max"":""2048"",""image_width_min"":""2048"",""images"":""3"",""materials"":""1"",""meshes"":""1"",""path"":""7/B072FVHNS7.glb"",""textures"":""3"",""vertices"":""20197""}"
463,abo,/vol/bitbucket/ct1022/hy3dpaint_finetune/data/metadata/abo/3dmodels.csv.gz,B072FVHP11,,,,,,glb,,117072,65598,,1,3,,1/B072FVHP11.glb,5.5000,,,preferred_format:glb;textures:3;materials:1,"technical:preferred_format:glb,textures:3,materials:1","{""3dmodel_id"":""B072FVHP11"",""extent_x"":""2.188366651535034"",""extent_y"":""0.9357227683067322"",""extent_z"":""2.2108027935028076"",""faces"":""117072"",""image_height_max"":""2048"",""image_height_min"":""2048"",""image_width_max"":""2048"",""image_width_min"":""2048"",""images"":""3"",""materials"":""1"",""meshes"":""1"",""path"":""1/B072FVHP11.glb"",""textures"":""3"",""vertices"":""65598""}"
464,abo,/vol/bitbucket/ct1022/hy3dpaint_finetune/data/metadata/abo/3dmodels.csv.gz,B072FVHRZ1,,,,,,glb,,33024,18169,,1,3,,1/B072FVHRZ1.glb,5.5000,,,preferred_format:glb;textures:3;materials:1,"technical:preferred_format:glb,textures:3,materials:1","{""3dmodel_id"":""B072FVHRZ1"",""extent_x"":""2.054611086845398"",""extent_y"":""0.9571199417114258"",""extent_z"":""1.6665605306625366"",""faces"":""33024"",""image_height_max"":""2048"",""image_height_min"":""2048"",""image_width_max"":""2048"",""image_width_min"":""2048"",""images"":""3"",""materials"":""1"",""meshes"":""1"",""path"":""1/B072FVHRZ1.glb"",""textures"":""3"",""vertices"":""18169""}"
465,abo,/vol/bitbucket/ct1022/hy3dpaint_finetune/data/metadata/abo/3dmodels.csv.gz,B072FVHRZ3,,,,,,glb,,33024,18169,,1,3,,3/B072FVHRZ3.glb,5.5000,,,preferred_format:glb;textures:3;materials:1,"technical:preferred_format:glb,textures:3,materials:1","{""3dmodel_id"":""B072FVHRZ3"",""extent_x"":""2.054611086845398"",""extent_y"":""0.9571199417114258"",""extent_z"":""1.6665605306625366"",""faces"":""33024"",""image_height_max"":""4096"",""image_height_min"":""4096"",""image_width_max"":""4096"",""image_width_min"":""4096"",""images"":""3"",""materials"":""1"",""meshes"":""1"",""path"":""3/B072FVHRZ3.glb"",""textures"":""3"",""vertices"":""18169""}"
466,abo,/vol/bitbucket/ct1022/hy3dpaint_finetune/data/metadata/abo/3dmodels.csv.gz,B072FVHRZ5,,,,,,glb,,16770,10686,,1,3,,5/B072FVHRZ5.glb,5.5000,,,preferred_format:glb;textures:3;materials:1,"technical:preferred_format:glb,textures:3,materials:1","{""3dmodel_id"":""B072FVHRZ5"",""extent_x"":""1.4067602157592773"",""extent_y"":""0.9071131944656372"",""extent_z"":""0.8422077894210815"",""faces"":""16770"",""image_height_max"":""2048"",""image_height_min"":""2048"",""image_width_max"":""2048"",""image_width_min"":""2048"",""images"":""3"",""materials"":""1"",""meshes"":""1"",""path"":""5/B072FVHRZ5.glb"",""textures"":""3"",""vertices"":""10686""}"
467,abo,/vol/bitbucket/ct1022/hy3dpaint_finetune/data/metadata/abo/3dmodels.csv.gz,B072FVHRZ8,,,,,,glb,,16770,11270,,1,3,,8/B072FVHRZ8.glb,5.5000,,,preferred_format:glb;textures:3;materials:1,"technical:preferred_format:glb,textures:3,materials:1","{""3dmodel_id"":""B072FVHRZ8"",""extent_x"":""1.406760334968567"",""extent_y"":""0.9071131944656372"",""extent_z"":""0.8422077596187592"",""faces"":""16770"",""image_height_max"":""2048"",""image_height_min"":""2048"",""image_width_max"":""2048"",""image_width_min"":""2048"",""images"":""3"",""materials"":""1"",""meshes"":""1"",""path"":""8/B072FVHRZ8.glb"",""textures"":""3"",""vertices"":""11270""}"
468,abo,/vol/bitbucket/ct1022/hy3dpaint_finetune/data/metadata/abo/3dmodels.csv.gz,B072FVHS4V,,,,,,glb,,10636,5998,,1,3,,V/B072FVHS4V.glb,5.5000,,,preferred_format:glb;textures:3;materials:1,"technical:preferred_format:glb,textures:3,materials:1","{""3dmodel_id"":""B072FVHS4V"",""extent_x"":""1.0172624588012695"",""extent_y"":""0.42265158891677856"",""extent_z"":""1.021475374698639"",""faces"":""10636"",""image_height_max"":""4096"",""image_height_min"":""4096"",""image_width_max"":""4096"",""image_width_min"":""4096"",""images"":""3"",""materials"":""1"",""meshes"":""1"",""path"":""V/B072FVHS4V.glb"",""textures"":""3"",""vertices"":""5998""}"
469,abo,/vol/bitbucket/ct1022/hy3dpaint_finetune/data/metadata/abo/3dmodels.csv.gz,B072FVHS93,,,,,,glb,,7024,4426,,1,3,,3/B072FVHS93.glb,5.5000,,,preferred_format:glb;textures:3;materials:1,"technical:preferred_format:glb,textures:3,materials:1","{""3dmodel_id"":""B072FVHS93"",""extent_x"":""1.7758986949920654"",""extent_y"":""0.8358214497566223"",""extent_z"":""0.9701382219791412"",""faces"":""7024"",""image_height_max"":""2048"",""image_height_min"":""2048"",""image_width_max"":""2048"",""image_width_min"":""2048"",""images"":""3"",""materials"":""1"",""meshes"":""1"",""path"":""3/B072FVHS93.glb"",""textures"":""3"",""vertices"":""4426""}"
470,abo,/vol/bitbucket/ct1022/hy3dpaint_finetune/data/metadata/abo/3dmodels.csv.gz,B072FVHS9G,,,,,,glb,,19777,11223,,1,3,,G/B072FVHS9G.glb,5.5000,,,preferred_format:glb;textures:3;materials:1,"technical:preferred_format:glb,textures:3,materials:1","{""3dmodel_id"":""B072FVHS9G"",""extent_x"":""2.0551512241363525"",""extent_y"":""0.8726761341094971"",""extent_z"":""0.9679530262947083"",""faces"":""19777"",""image_height_max"":""2048"",""image_height_min"":""2048"",""image_width_max"":""2048"",""image_width_min"":""2048"",""images"":""3"",""materials"":""1"",""meshes"":""1"",""path"":""G/B072FVHS9G.glb"",""textures"":""3"",""vertices"":""11223""}"
471,abo,/vol/bitbucket/ct1022/hy3dpaint_finetune/data/metadata/abo/3dmodels.csv.gz,B072FVHSN2,,,,,,glb,,16482,9434,,1,3,,2/B072FVHSN2.glb,5.5000,,,preferred_format:glb;textures:3;materials:1,"technical:preferred_format:glb,textures:3,materials:1","{""3dmodel_id"":""B072FVHSN2"",""extent_x"":""1.0244788527488708"",""extent_y"":""1.0098240375518799"",""extent_z"":""1.0383400917053223"",""faces"":""16482"",""image_height_max"":""2048"",""image_height_min"":""2048"",""image_width_max"":""2048"",""image_width_min"":""2048"",""images"":""3"",""materials"":""1"",""meshes"":""1"",""path"":""2/B072FVHSN2.glb"",""textures"":""3"",""vertices"":""9434""}"
472,abo,/vol/bitbucket/ct1022/hy3dpaint_finetune/data/metadata/abo/3dmodels.csv.gz,B072FVHSSC,,,,,,glb,,17540,11067,,1,3,,C/B072FVHSSC.glb,5.5000,,,preferred_format:glb;textures:3;materials:1,"technical:preferred_format:glb,textures:3,materials:1","{""3dmodel_id"":""B072FVHSSC"",""extent_x"":""1.1976131200790405"",""extent_y"":""0.4167045056819916"",""extent_z"":""0.7815896570682526"",""faces"":""17540"",""image_height_max"":""2048"",""image_height_min"":""2048"",""image_width_max"":""2048"",""image_width_min"":""2048"",""images"":""3"",""materials"":""1"",""meshes"":""1"",""path"":""C/B072FVHSSC.glb"",""textures"":""3"",""vertices"":""11067""}"
473,abo,/vol/bitbucket/ct1022/hy3dpaint_finetune/data/metadata/abo/3dmodels.csv.gz,B072FVHSZQ,,,,,,glb,,8578,4972,,1,3,,Q/B072FVHSZQ.glb,5.5000,,,preferred_format:glb;textures:3;materials:1,"technical:preferred_format:glb,textures:3,materials:1","{""3dmodel_id"":""B072FVHSZQ"",""extent_x"":""0.5214626789093018"",""extent_y"":""0.805526077747345"",""extent_z"":""0.5541493892669678"",""faces"":""8578"",""image_height_max"":""2048"",""image_height_min"":""2048"",""image_width_max"":""2048"",""image_width_min"":""2048"",""images"":""3"",""materials"":""1"",""meshes"":""1"",""path"":""Q/B072FVHSZQ.glb"",""textures"":""3"",""vertices"":""4972""}"
474,abo,/vol/bitbucket/ct1022/hy3dpaint_finetune/data/metadata/abo/3dmodels.csv.gz,B072JC6R18,,,,,,glb,,1328,754,,1,3,,8/B072JC6R18.glb,5.5000,,,preferred_format:glb;textures:3;materials:1,"technical:preferred_format:glb,textures:3,materials:1","{""3dmodel_id"":""B072JC6R18"",""extent_x"":""3.0482115745544434"",""extent_y"":""0.01130060385912657"",""extent_z"":""1.545666217803955"",""faces"":""1328"",""image_height_max"":""2048"",""image_height_min"":""2048"",""image_width_max"":""2048"",""image_width_min"":""2048"",""images"":""3"",""materials"":""1"",""meshes"":""1"",""path"":""8/B072JC6R18.glb"",""textures"":""3"",""vertices"":""754""}"
475,abo,/vol/bitbucket/ct1022/hy3dpaint_finetune/data/metadata/abo/3dmodels.csv.gz,B072JC6WK6,,,,,,glb,,8808,4738,,1,3,,6/B072JC6WK6.glb,5.5000,,,preferred_format:glb;textures:3;materials:1,"technical:preferred_format:glb,textures:3,materials:1","{""3dmodel_id"":""B072JC6WK6"",""extent_x"":""2.438517212867737"",""extent_y"":""0.005361638031899929"",""extent_z"":""1.5243139266967773"",""faces"":""8808"",""image_height_max"":""4096"",""image_height_min"":""4096"",""image_width_max"":""4096"",""image_width_min"":""4096"",""images"":""3"",""materials"":""1"",""meshes"":""1"",""path"":""6/B072JC6WK6.glb"",""textures"":""3"",""vertices"":""4738""}"
476,abo,/vol/bitbucket/ct1022/hy3dpaint_finetune/data/metadata/abo/3dmodels.csv.gz,B072JC6WL3,,,,,,glb,,2704,3993,,1,3,,3/B072JC6WL3.glb,5.5000,,,preferred_format:glb;textures:3;materials:1,"technical:preferred_format:glb,textures:3,materials:1","{""3dmodel_id"":""B072JC6WL3"",""extent_x"":""2.3914403915405273"",""extent_y"":""0.004922129679471254"",""extent_z"":""2.8797407150268555"",""faces"":""2704"",""image_height_max"":""2048"",""image_height_min"":""2048"",""image_width_max"":""2048"",""image_width_min"":""2048"",""images"":""3"",""materials"":""1"",""meshes"":""1"",""path"":""3/B072JC6WL3.glb"",""textures"":""3"",""vertices"":""3993""}"
477,abo,/vol/bitbucket/ct1022/hy3dpaint_finetune/data/metadata/abo/3dmodels.csv.gz,B072JC6WSD,,,,,,glb,,13056,6850,,1,3,,D/B072JC6WSD.glb,5.5000,,,preferred_format:glb;textures:3;materials:1,"technical:preferred_format:glb,textures:3,materials:1","{""3dmodel_id"":""B072JC6WSD"",""extent_x"":""3.06701123714447"",""extent_y"":""0.005232474803051446"",""extent_z"":""2.4537585973739624"",""faces"":""13056"",""image_height_max"":""4096"",""image_height_min"":""4096"",""image_width_max"":""4096"",""image_width_min"":""4096"",""images"":""3"",""materials"":""1"",""meshes"":""1"",""path"":""D/B072JC6WSD.glb"",""textures"":""3"",""vertices"":""6850""}"
478,abo,/vol/bitbucket/ct1022/hy3dpaint_finetune/data/metadata/abo/3dmodels.csv.gz,B072JC97G7,,,,,,glb,,4610,2969,,1,3,,7/B072JC97G7.glb,5.5000,,,preferred_format:glb;textures:3;materials:1,"technical:preferred_format:glb,textures:3,materials:1","{""3dmodel_id"":""B072JC97G7"",""extent_x"":""1.8222824931144714"",""extent_y"":""0.017894696444272995"",""extent_z"":""1.2114431858062744"",""faces"":""4610"",""image_height_max"":""2048"",""image_height_min"":""2048"",""image_width_max"":""2048"",""image_width_min"":""2048"",""images"":""3"",""materials"":""1"",""meshes"":""1"",""path"":""7/B072JC97G7.glb"",""textures"":""3"",""vertices"":""2969""}"
479,abo,/vol/bitbucket/ct1022/hy3dpaint_finetune/data/metadata/abo/3dmodels.csv.gz,B072JC97GZ,,,,,,glb,,1256,674,,1,3,,Z/B072JC97GZ.glb,5.5000,,,preferred_format:glb;textures:3;materials:1,"technical:preferred_format:glb,textures:3,materials:1","{""3dmodel_id"":""B072JC97GZ"",""extent_x"":""1.7541375160217285"",""extent_y"":""0.009570721536874773"",""extent_z"":""1.1483375430107117"",""faces"":""1256"",""image_height_max"":""4096"",""image_height_min"":""4096"",""image_width_max"":""4096"",""image_width_min"":""4096"",""images"":""3"",""materials"":""1"",""meshes"":""1"",""path"":""Z/B072JC97GZ.glb"",""textures"":""3"",""vertices"":""674""}"
480,abo,/vol/bitbucket/ct1022/hy3dpaint_finetune/data/metadata/abo/3dmodels.csv.gz,B072JC982F,,,,,,glb,,2672,1410,,1,3,,F/B072JC982F.glb,5.5000,,,preferred_format:glb;textures:3;materials:1,"technical:preferred_format:glb,textures:3,materials:1","{""3dmodel_id"":""B072JC982F"",""extent_x"":""2.2923643589019775"",""extent_y"":""0.014486487023532392"",""extent_z"":""1.5275428295135498"",""faces"":""2672"",""image_height_max"":""2048"",""image_height_min"":""2048"",""image_width_max"":""2048"",""image_width_min"":""2048"",""images"":""3"",""materials"":""1"",""meshes"":""1"",""path"":""F/B072JC982F.glb"",""textures"":""3"",""vertices"":""1410""}"
481,abo,/vol/bitbucket/ct1022/hy3dpaint_finetune/data/metadata/abo/3dmodels.csv.gz,B072JC983T,,,,,,glb,,5000,2774,,1,3,,T/B072JC983T.glb,5.5000,,,preferred_format:glb;textures:3;materials:1,"technical:preferred_format:glb,textures:3,materials:1","{""3dmodel_id"":""B072JC983T"",""extent_x"":""3.2048680782318115"",""extent_y"":""0.015023627318441868"",""extent_z"":""2.4366012811660767"",""faces"":""5000"",""image_height_max"":""4096"",""image_height_min"":""4096"",""image_width_max"":""4096"",""image_width_min"":""4096"",""images"":""3"",""materials"":""1"",""meshes"":""1"",""path"":""T/B072JC983T.glb"",""textures"":""3"",""vertices"":""2774""}"
482,abo,/vol/bitbucket/ct1022/hy3dpaint_finetune/data/metadata/abo/3dmodels.csv.gz,B072JC9844,,,,,,glb,,576,358,,1,3,,4/B072JC9844.glb,5.5000,,,preferred_format:glb;textures:3;materials:1,"technical:preferred_format:glb,textures:3,materials:1","{""3dmodel_id"":""B072JC9844"",""extent_x"":""3.352886199951172"",""extent_y"":""0.012750372290611267"",""extent_z"":""2.4384125471115112"",""faces"":""576"",""image_height_max"":""4096"",""image_height_min"":""4096"",""image_width_max"":""4096"",""image_width_min"":""4096"",""images"":""3"",""materials"":""1"",""meshes"":""1"",""path"":""4/B072JC9844.glb"",""textures"":""3"",""vertices"":""358""}"
483,abo,/vol/bitbucket/ct1022/hy3dpaint_finetune/data/metadata/abo/3dmodels.csv.gz,B072JC9KTP,,,,,,glb,,3538,1987,,1,3,,P/B072JC9KTP.glb,5.5000,,,preferred_format:glb;textures:3;materials:1,"technical:preferred_format:glb,textures:3,materials:1","{""3dmodel_id"":""B072JC9KTP"",""extent_x"":""2.2603485584259033"",""extent_y"":""0.01288789324462414"",""extent_z"":""1.6001225113868713"",""faces"":""3538"",""image_height_max"":""4096"",""image_height_min"":""4096"",""image_width_max"":""4096"",""image_width_min"":""4096"",""images"":""3"",""materials"":""1"",""meshes"":""1"",""path"":""P/B072JC9KTP.glb"",""textures"":""3"",""vertices"":""1987""}"
484,abo,/vol/bitbucket/ct1022/hy3dpaint_finetune/data/metadata/abo/3dmodels.csv.gz,B072JC9KX4,,,,,,glb,,105792,84986,,1,3,,4/B072JC9KX4.glb,5.5000,,,preferred_format:glb;textures:3;materials:1,"technical:preferred_format:glb,textures:3,materials:1","{""3dmodel_id"":""B072JC9KX4"",""extent_x"":""3.0476149320602417"",""extent_y"":""0.012758852913975717"",""extent_z"":""2.4386686086654663"",""faces"":""105792"",""image_height_max"":""4096"",""image_height_min"":""4096"",""image_width_max"":""4096"",""image_width_min"":""4096"",""images"":""3"",""materials"":""1"",""meshes"":""1"",""path"":""4/B072JC9KX4.glb"",""textures"":""3"",""vertices"":""84986""}"
485,abo,/vol/bitbucket/ct1022/hy3dpaint_finetune/data/metadata/abo/3dmodels.csv.gz,B072JC9KZ4,,,,,,glb,,536,411,,1,3,,4/B072JC9KZ4.glb,5.5000,,,preferred_format:glb;textures:3;materials:1,"technical:preferred_format:glb,textures:3,materials:1","{""3dmodel_id"":""B072JC9KZ4"",""extent_x"":""2.2959561347961426"",""extent_y"":""0.006349999923259021"",""extent_z"":""0.6853705644607544"",""faces"":""536"",""image_height_max"":""2048"",""image_height_min"":""2048"",""image_width_max"":""2048"",""image_width_min"":""2048"",""images"":""3"",""materials"":""1"",""meshes"":""1"",""path"":""4/B072JC9KZ4.glb"",""textures"":""3"",""vertices"":""411""}"
486,abo,/vol/bitbucket/ct1022/hy3dpaint_finetune/data/metadata/abo/3dmodels.csv.gz,B072JC9KZC,,,,,,glb,,4800,2594,,1,3,,C/B072JC9KZC.glb,5.5000,,,preferred_format:glb;textures:3;materials:1,"technical:preferred_format:glb,textures:3,materials:1","{""3dmodel_id"":""B072JC9KZC"",""extent_x"":""1.7525998950004578"",""extent_y"":""0.009999999776482584"",""extent_z"":""1.1430000066757202"",""faces"":""4800"",""image_height_max"":""4096"",""image_height_min"":""4096"",""image_width_max"":""4096"",""image_width_min"":""4096"",""images"":""3"",""materials"":""1"",""meshes"":""1"",""path"":""C/B072JC9KZC.glb"",""textures"":""3"",""vertices"":""2594""}"
487,abo,/vol/bitbucket/ct1022/hy3dpaint_finetune/data/metadata/abo/3dmodels.csv.gz,B072JG1RRT,,,,,,glb,,15872,9168,,1,3,,T/B072JG1RRT.glb,5.5000,,,preferred_format:glb;textures:3;materials:1,"technical:preferred_format:glb,textures:3,materials:1","{""3dmodel_id"":""B072JG1RRT"",""extent_x"":""0.8658759593963623"",""extent_y"":""1.056115746498108"",""extent_z"":""1.039853572845459"",""faces"":""15872"",""image_height_max"":""2048"",""image_height_min"":""2048"",""image_width_max"":""2048"",""image_width_min"":""2048"",""images"":""3"",""materials"":""1"",""meshes"":""1"",""path"":""T/B072JG1RRT.glb"",""textures"":""3"",""vertices"":""9168""}"
488,abo,/vol/bitbucket/ct1022/hy3dpaint_finetune/data/metadata/abo/3dmodels.csv.gz,B072JG1RTH,,,,,,glb,,39316,22747,,1,3,,H/B072JG1RTH.glb,5.5000,,,preferred_format:glb;textures:3;materials:1,"technical:preferred_format:glb,textures:3,materials:1","{""3dmodel_id"":""B072JG1RTH"",""extent_x"":""1.7271997928619385"",""extent_y"":""0.939799962195224"",""extent_z"":""0.9905999898910522"",""faces"":""39316"",""image_height_max"":""4096"",""image_height_min"":""4096"",""image_width_max"":""4096"",""image_width_min"":""4096"",""images"":""3"",""materials"":""1"",""meshes"":""1"",""path"":""H/B072JG1RTH.glb"",""textures"":""3"",""vertices"":""22747""}"
489,abo,/vol/bitbucket/ct1022/hy3dpaint_finetune/data/metadata/abo/3dmodels.csv.gz,B072JG2DHH,,,,,,glb,,13424,7568,,1,3,,H/B072JG2DHH.glb,5.5000,,,preferred_format:glb;textures:3;materials:1,"technical:preferred_format:glb,textures:3,materials:1","{""3dmodel_id"":""B072JG2DHH"",""extent_x"":""0.9435549974441528"",""extent_y"":""0.4790792763233185"",""extent_z"":""0.7031629681587219"",""faces"":""13424"",""image_height_max"":""2048"",""image_height_min"":""2048"",""image_width_max"":""2048"",""image_width_min"":""2048"",""images"":""3"",""materials"":""1"",""meshes"":""1"",""path"":""H/B072JG2DHH.glb"",""textures"":""3"",""vertices"":""7568""}"
490,abo,/vol/bitbucket/ct1022/hy3dpaint_finetune/data/metadata/abo/3dmodels.csv.gz,B072JG3W45,,,,,,glb,,35404,20197,,1,3,,5/B072JG3W45.glb,5.5000,,,preferred_format:glb;textures:3;materials:1,"technical:preferred_format:glb,textures:3,materials:1","{""3dmodel_id"":""B072JG3W45"",""extent_x"":""2.145892858505249"",""extent_y"":""0.9619609117507935"",""extent_z"":""0.901393711566925"",""faces"":""35404"",""image_height_max"":""2048"",""image_height_min"":""2048"",""image_width_max"":""2048"",""image_width_min"":""2048"",""images"":""3"",""materials"":""1"",""meshes"":""1"",""path"":""5/B072JG3W45.glb"",""textures"":""3"",""vertices"":""20197""}"
491,abo,/vol/bitbucket/ct1022/hy3dpaint_finetune/data/metadata/abo/3dmodels.csv.gz,B072JG3W4M,,,,,,glb,,3600,2364,,1,3,,M/B072JG3W4M.glb,5.5000,,,preferred_format:glb;textures:3;materials:1,"technical:preferred_format:glb,textures:3,materials:1","{""3dmodel_id"":""B072JG3W4M"",""extent_x"":""0.84595587849617"",""extent_y"":""0.5026437044143677"",""extent_z"":""0.6171963214874268"",""faces"":""3600"",""image_height_max"":""2048"",""image_height_min"":""2048"",""image_width_max"":""2048"",""image_width_min"":""2048"",""images"":""3"",""materials"":""1"",""meshes"":""1"",""path"":""M/B072JG3W4M.glb"",""textures"":""3"",""vertices"":""2364""}"
492,abo,/vol/bitbucket/ct1022/hy3dpaint_finetune/data/metadata/abo/3dmodels.csv.gz,B072JG3WK1,,,,,,glb,,18572,10765,,1,3,,1/B072JG3WK1.glb,5.5000,,,preferred_format:glb;textures:3;materials:1,"technical:preferred_format:glb,textures:3,materials:1","{""3dmodel_id"":""B072JG3WK1"",""extent_x"":""0.8028411865234375"",""extent_y"":""0.8757168650627136"",""extent_z"":""0.7351552248001099"",""faces"":""18572"",""image_height_max"":""2048"",""image_height_min"":""2048"",""image_width_max"":""2048"",""image_width_min"":""2048"",""images"":""3"",""materials"":""1"",""meshes"":""1"",""path"":""1/B072JG3WK1.glb"",""textures"":""3"",""vertices"":""10765""}"
493,abo,/vol/bitbucket/ct1022/hy3dpaint_finetune/data/metadata/abo/3dmodels.csv.gz,B072JG3WN7,,,,,,glb,,18342,10748,,1,3,,7/B072JG3WN7.glb,5.5000,,,preferred_format:glb;textures:3;materials:1,"technical:preferred_format:glb,textures:3,materials:1","{""3dmodel_id"":""B072JG3WN7"",""extent_x"":""1.2932211756706238"",""extent_y"":""1.0049701929092407"",""extent_z"":""1.273527443408966"",""faces"":""18342"",""image_height_max"":""2048"",""image_height_min"":""2048"",""image_width_max"":""2048"",""image_width_min"":""2048"",""images"":""3"",""materials"":""1"",""meshes"":""1"",""path"":""7/B072JG3WN7.glb"",""textures"":""3"",""vertices"":""10748""}"
494,abo,/vol/bitbucket/ct1022/hy3dpaint_finetune/data/metadata/abo/3dmodels.csv.gz,B072JG3WSN,,,,,,glb,,29080,15842,,1,3,,N/B072JG3WSN.glb,5.5000,,,preferred_format:glb;textures:3;materials:1,"technical:preferred_format:glb,textures:3,materials:1","{""3dmodel_id"":""B072JG3WSN"",""extent_x"":""1.758057951927185"",""extent_y"":""0.87657630443573"",""extent_z"":""1.093586266040802"",""faces"":""29080"",""image_height_max"":""2048"",""image_height_min"":""2048"",""image_width_max"":""2048"",""image_width_min"":""2048"",""images"":""3"",""materials"":""1"",""meshes"":""1"",""path"":""N/B072JG3WSN.glb"",""textures"":""3"",""vertices"":""15842""}"
495,abo,/vol/bitbucket/ct1022/hy3dpaint_finetune/data/metadata/abo/3dmodels.csv.gz,B072JT7WDX,,,,,,glb,,63982,65337,,1,3,,X/B072JT7WDX.glb,5.5000,,,preferred_format:glb;textures:3;materials:1,"technical:preferred_format:glb,textures:3,materials:1","{""3dmodel_id"":""B072JT7WDX"",""extent_x"":""1.523999985309743"",""extent_y"":""1.981200098991394"",""extent_z"":""0.6095999941238972"",""faces"":""63982"",""image_height_max"":""4096"",""image_height_min"":""4096"",""image_width_max"":""4096"",""image_width_min"":""4096"",""images"":""3"",""materials"":""1"",""meshes"":""1"",""path"":""X/B072JT7WDX.glb"",""textures"":""3"",""vertices"":""65337""}"
496,abo,/vol/bitbucket/ct1022/hy3dpaint_finetune/data/metadata/abo/3dmodels.csv.gz,B072JT7WF6,,,,,,glb,,61456,78946,,1,3,,6/B072JT7WF6.glb,5.5000,,,preferred_format:glb;textures:3;materials:1,"technical:preferred_format:glb,textures:3,materials:1","{""3dmodel_id"":""B072JT7WF6"",""extent_x"":""0.9143999218940735"",""extent_y"":""1.828799789286677"",""extent_z"":""0.4572000205516815"",""faces"":""61456"",""image_height_max"":""4096"",""image_height_min"":""4096"",""image_width_max"":""4096"",""image_width_min"":""4096"",""images"":""3"",""materials"":""1"",""meshes"":""1"",""path"":""6/B072JT7WF6.glb"",""textures"":""3"",""vertices"":""78946""}"
497,abo,/vol/bitbucket/ct1022/hy3dpaint_finetune/data/metadata/abo/3dmodels.csv.gz,B072JT7WFN,,,,,,glb,,61456,78816,,1,3,,N/B072JT7WFN.glb,5.5000,,,preferred_format:glb;textures:3;materials:1,"technical:preferred_format:glb,textures:3,materials:1","{""3dmodel_id"":""B072JT7WFN"",""extent_x"":""1.2191997936566705"",""extent_y"":""1.828799853992464"",""extent_z"":""0.4572000452518451"",""faces"":""61456"",""image_height_max"":""4096"",""image_height_min"":""4096"",""image_width_max"":""4096"",""image_width_min"":""4096"",""images"":""3"",""materials"":""1"",""meshes"":""1"",""path"":""N/B072JT7WFN.glb"",""textures"":""3"",""vertices"":""78816""}"
498,abo,/vol/bitbucket/ct1022/hy3dpaint_finetune/data/metadata/abo/3dmodels.csv.gz,B072JT89JC,,,,,,glb,,61456,78816,,1,3,,C/B072JT89JC.glb,5.5000,,,preferred_format:glb;textures:3;materials:1,"technical:preferred_format:glb,textures:3,materials:1","{""3dmodel_id"":""B072JT89JC"",""extent_x"":""1.2191997936566705"",""extent_y"":""1.828799853992464"",""extent_z"":""0.4572000452518451"",""faces"":""61456"",""image_height_max"":""4096"",""image_height_min"":""4096"",""image_width_max"":""4096"",""image_width_min"":""4096"",""images"":""3"",""materials"":""1"",""meshes"":""1"",""path"":""C/B072JT89JC.glb"",""textures"":""3"",""vertices"":""78816""}"
499,abo,/vol/bitbucket/ct1022/hy3dpaint_finetune/data/metadata/abo/3dmodels.csv.gz,B072LKKM3W,,,,,,glb,,19426,13012,,1,3,,W/B072LKKM3W.glb,5.5000,,,preferred_format:glb;textures:3;materials:1,"technical:preferred_format:glb,textures:3,materials:1","{""3dmodel_id"":""B072LKKM3W"",""extent_x"":""0.30336329340934753"",""extent_y"":""1.5346627235412598"",""extent_z"":""0.3033633232116699"",""faces"":""19426"",""image_height_max"":""4096"",""image_height_min"":""4096"",""image_width_max"":""4096"",""image_width_min"":""4096"",""images"":""3"",""materials"":""1"",""meshes"":""1"",""path"":""W/B072LKKM3W.glb"",""textures"":""3"",""vertices"":""13012""}"
500,abo,/vol/bitbucket/ct1022/hy3dpaint_finetune/data/metadata/abo/3dmodels.csv.gz,B072LXZ641,,,,,,glb,,1328,754,,1,3,,1/B072LXZ641.glb,5.5000,,,preferred_format:glb;textures:3;materials:1,"technical:preferred_format:glb,textures:3,materials:1","{""3dmodel_id"":""B072LXZ641"",""extent_x"":""2.429527997970581"",""extent_y"":""0.009531905874609949"",""extent_z"":""1.5145703554153442"",""faces"":""1328"",""image_height_max"":""4096"",""image_height_min"":""4096"",""image_width_max"":""4096"",""image_width_min"":""4096"",""images"":""3"",""materials"":""1"",""meshes"":""1"",""path"":""1/B072LXZ641.glb"",""textures"":""3"",""vertices"":""754""}"
